date_utc,channel_id,channel_title,subscribers,views,videos
2026-01-17,UCZ5qxuvquQABNtjcawNMowA,DaddyFamtech,115000,13101886,1393
2026-01-17,UCZEdNvDcHUPEE7CDRpXnO6w,Cyril | Ctrl Bu,5830,799595,153
2026-01-17,UCJy0lX8ThZ7lCtst7JnegWQ,Jojol,2690000,609282099,2110
2026-01-17,UC7XxmEXw7wXgh259vYCSjkQ,Cmonavis 2,10000,1217242,201
2026-01-17,UCPQsSFJurluaMOG1qL0Y7sA,PP World,447000,77108117,1024
2026-01-17,UCFrfK9IFqO15S7C52DdnSog,GIGATOP,42400,14934718,1064
2026-01-17,UC4q3HKdMqzll3SvA2Lf7oAg,Thomas in Tech,71700,21007416,942
2026-01-17,UCTOAKgwfqqCbOytF3RNGGVw,Monsieur GRrr,722000,146586927,1971
2026-01-17,UCfLyhjpn3hzleNtgTGOQimA,Romain PIAUD,31200,7418634,572
2026-01-17,UCNOUTy_TWRJzAaSfIGserkg,Nowtech Replay (Le Mug Nowtech),5390,798246,499
2026-01-17,UCxpT79bmhxk50l8P50WG86w,Discoverdex,77200,23776602,469
2026-01-17,UCGMxP4yf3ixAAEKQc3d76gw,Arnaud,6120,1761887,137
2026-01-17,UCDfGCQqgOKPYeiaG3I4vl4w,Marty,109000,22336460,872
2026-01-17,UCljgvfi_NnUrNJVHp_HGHwA,Bazar de Léo - TechMaker,72000,25487730,112
2026-01-17,UC1wV5Kf18gVbL3bWH-tWKDw,Cmonavis,61900,12349761,644
2026-01-17,UCrSCIeCW1YuEviVZPVhEfGQ,Dorian GM,29000,5643256,266
2026-01-17,UCOyUCj6Wx9skJggzZFUDZyA,Unlock Talk,20000,2295222,348
2026-01-17,UCgjhIdz3Uw9r-eMyML9M8FA,PIKATE,10500,1150886,116
2026-01-17,UCaybrunQi8xWgPMgv1AYBHw,TheiCollection,1000000,218838126,1279
2026-01-17,UCqRSWOqkW_oelrdUN7KQ-aQ,Les Numériques,153000,63966654,3025
2026-01-17,UCwsQtHFlS-LKVn8xJ3TaupQ,Monsieur Pixel,9000,1168052,217
2026-01-17,UCaHolOYkfcTdC0vTFAywzXw,LoKan Sardari,87100,18081534,973
2026-01-17,UCu6HC8ahaPWqqfSvic7nWyQ,Nightech,137000,32670400,506
2026-01-17,UC-pdFydi9ooxEfATh3KoiIw,STEVEN,1100000,196340543,1507
2026-01-17,UCC5xS4j2xUyGO2UfjFh5LsQ,Nooz,14000,2562298,600
2026-01-18,UC4q3HKdMqzll3SvA2Lf7oAg,Thomas in Tech,71700,21020859,942
2026-01-18,UCNOUTy_TWRJzAaSfIGserkg,Nowtech Replay (Le Mug Nowtech),5390,798527,499
2026-01-18,UCDfGCQqgOKPYeiaG3I4vl4w,Marty,109000,22347123,872
2026-01-18,UCrSCIeCW1YuEviVZPVhEfGQ,Dorian GM,29100,5657059,266
2026-01-18,UCZ5qxuvquQABNtjcawNMowA,DaddyFamtech,116000,13122800,1395
2026-01-18,UCgjhIdz3Uw9r-eMyML9M8FA,PIKATE,10700,1158811,116
2026-01-18,UCxpT79bmhxk50l8P50WG86w,Discoverdex,77300,23794971,469
2026-01-18,UC-pdFydi9ooxEfATh3KoiIw,STEVEN,1100000,196356956,1507
2026-01-18,UC7XxmEXw7wXgh259vYCSjkQ,Cmonavis 2,10000,1218990,202
2026-01-18,UCFrfK9IFqO15S7C52DdnSog,GIGATOP,42500,14949562,1064
2026-01-18,UCqRSWOqkW_oelrdUN7KQ-aQ,Les Numériques,153000,63981381,3025
2026-01-18,UCwsQtHFlS-LKVn8xJ3TaupQ,Monsieur Pixel,9020,1169517,217
2026-01-18,UCPQsSFJurluaMOG1qL0Y7sA,PP World,447000,77132785,1027
2026-01-18,UCljgvfi_NnUrNJVHp_HGHwA,Bazar de Léo - TechMaker,72000,25488358,112
2026-01-18,UCu6HC8ahaPWqqfSvic7nWyQ,Nightech,137000,32706755,506
2026-01-18,UCJy0lX8ThZ7lCtst7JnegWQ,Jojol,2690000,609387775,2111
2026-01-18,UCfLyhjpn3hzleNtgTGOQimA,Romain PIAUD,31200,7431130,572
2026-01-18,UCaybrunQi8xWgPMgv1AYBHw,TheiCollection,1000000,218867309,1279
2026-01-18,UCC5xS4j2xUyGO2UfjFh5LsQ,Nooz,14000,2567746,600
2026-01-18,UCOyUCj6Wx9skJggzZFUDZyA,Unlock Talk,20000,2299254,349
2026-01-18,UCGMxP4yf3ixAAEKQc3d76gw,Arnaud,6120,1763550,137
2026-01-18,UCaHolOYkfcTdC0vTFAywzXw,LoKan Sardari,87200,18098259,973
2026-01-18,UCTOAKgwfqqCbOytF3RNGGVw,Monsieur GRrr,722000,146625072,1971
2026-01-18,UCZEdNvDcHUPEE7CDRpXnO6w,Cyril | Ctrl Bu,5840,802619,153
2026-01-18,UC1wV5Kf18gVbL3bWH-tWKDw,Cmonavis,61900,12359612,645
2026-01-19,UCljgvfi_NnUrNJVHp_HGHwA,Bazar de Léo - TechMaker,72000,25488929,112
2026-01-19,UC4q3HKdMqzll3SvA2Lf7oAg,Thomas in Tech,71800,21033922,942
2026-01-19,UCgjhIdz3Uw9r-eMyML9M8FA,PIKATE,11100,1167419,117
2026-01-19,UCFrfK9IFqO15S7C52DdnSog,GIGATOP,42500,14966381,1064
2026-01-19,UCwsQtHFlS-LKVn8xJ3TaupQ,Monsieur Pixel,9060,1170959,218
2026-01-19,UCOyUCj6Wx9skJggzZFUDZyA,Unlock Talk,20000,2303523,350
2026-01-19,UC1wV5Kf18gVbL3bWH-tWKDw,Cmonavis,62000,12366889,645
2026-01-19,UCfLyhjpn3hzleNtgTGOQimA,Romain PIAUD,31200,7441679,573
2026-01-19,UCxpT79bmhxk50l8P50WG86w,Discoverdex,77300,23808431,469
2026-01-19,UCNOUTy_TWRJzAaSfIGserkg,Nowtech Replay (Le Mug Nowtech),5390,798685,499
2026-01-19,UCTOAKgwfqqCbOytF3RNGGVw,Monsieur GRrr,722000,146650544,1972
2026-01-19,UCqRSWOqkW_oelrdUN7KQ-aQ,Les Numériques,153000,63995034,3025
2026-01-19,UCrSCIeCW1YuEviVZPVhEfGQ,Dorian GM,29100,5670054,266
2026-01-19,UCJy0lX8ThZ7lCtst7JnegWQ,Jojol,2690000,609640038,2111
2026-01-19,UCDfGCQqgOKPYeiaG3I4vl4w,Marty,109000,22353653,872
2026-01-19,UC-pdFydi9ooxEfATh3KoiIw,STEVEN,1100000,196374191,1507
2026-01-19,UCu6HC8ahaPWqqfSvic7nWyQ,Nightech,137000,32748270,507
2026-01-19,UCGMxP4yf3ixAAEKQc3d76gw,Arnaud,6130,1765044,138
2026-01-19,UC7XxmEXw7wXgh259vYCSjkQ,Cmonavis 2,10000,1221090,202
2026-01-19,UCaHolOYkfcTdC0vTFAywzXw,LoKan Sardari,87300,18110698,973
2026-01-19,UCZ5qxuvquQABNtjcawNMowA,DaddyFamtech,116000,13144146,1395
2026-01-19,UCC5xS4j2xUyGO2UfjFh5LsQ,Nooz,14000,2571366,601
2026-01-19,UCPQsSFJurluaMOG1qL0Y7sA,PP World,447000,77195192,1027
2026-01-19,UCZEdNvDcHUPEE7CDRpXnO6w,Cyril | Ctrl Bu,5850,805305,152
2026-01-19,UCaybrunQi8xWgPMgv1AYBHw,TheiCollection,1000000,218896214,1279
2026-01-20,UCxpT79bmhxk50l8P50WG86w,Discoverdex,77400,23820815,469
2026-01-20,UCrSCIeCW1YuEviVZPVhEfGQ,Dorian GM,29100,5682039,266
2026-01-20,UCZ5qxuvquQABNtjcawNMowA,DaddyFamtech,116000,13159279,1396
2026-01-20,UCGjKSSIpN7aYQluu04kPrsA,Brandon Le Proktor,306000,42912654,399
2026-01-20,UC_dzE9mydhQuQ0NwmXByDtA,André Martin,386000,55001422,974
2026-01-20,UCqRSWOqkW_oelrdUN7KQ-aQ,Les Numériques,153000,64005500,3026
2026-01-20,UCSYFVeBI66YqDhGrYKxiCUQ,Georges,963,96984,36
2026-01-20,UCTmHRe6W96WgYlUNxcokpVQ,Fitfitzone,1220,155215,18
2026-01-20,UCZsEJw8rwd0RWAga5dulOpg,Bon Plan High Tech,13600,4539872,343
2026-01-20,UCBOGe_x7aqQV4Ly5Rfa4iow,Les Tests de Cyril,30700,2572459,449
2026-01-20,UCCUlTcDhcn72O8TiNfFJWWA,GLG video (JT Geek),68200,20207526,3322
2026-01-20,UCXJ_vW2t0W5hY9hS8ePnpzw,Back Market France,21900,159569794,189
2026-01-20,UCe7R7Pt-bxNT7EE83NLsmFQ,Avis Express - Testeur High-Tech,272000,57572240,1696
2026-01-20,UCfLyhjpn3hzleNtgTGOQimA,Romain PIAUD,31300,7451104,573
2026-01-20,UCkS6jlQ4RJTCdkzVCU2-FSQ,GeekEtc,21400,6137522,636
2026-01-20,UCPQsSFJurluaMOG1qL0Y7sA,PP World,447000,77224275,1027
2026-01-20,UC7XxmEXw7wXgh259vYCSjkQ,Cmonavis 2,10000,1222749,203
2026-01-20,UCQsb5TqYUeGWGpJFr8DMWsQ,ANONIMAL,613000,71221221,295
2026-01-20,UCA_DfRJwb5U0S4UiiH3BtUg,Jérémy Dufour,77100,12936959,975
2026-01-20,UCDfGCQqgOKPYeiaG3I4vl4w,Marty,109000,22359050,873
2026-01-20,UC-pdFydi9ooxEfATh3KoiIw,STEVEN,1100000,196389816,1507
2026-01-20,UCZEdNvDcHUPEE7CDRpXnO6w,Cyril | Ctrl Bu,5850,807056,153
2026-01-20,UCFrfK9IFqO15S7C52DdnSog,GIGATOP,42600,14983446,1066
2026-01-20,UCljgvfi_NnUrNJVHp_HGHwA,Bazar de Léo - TechMaker,72000,25489430,112
2026-01-20,UCGMxP4yf3ixAAEKQc3d76gw,Arnaud,6130,1766472,138
2026-01-20,UC1N4EIilrmXhTEdu3h7tpPg,iPhone page ,990,171778,249
2026-01-20,UCBqYyDusSFntU7k2UnFGsBA,Giga Content,24600,5022052,787
2026-01-20,UCgjhIdz3Uw9r-eMyML9M8FA,PIKATE,11600,1174055,117
2026-01-20,UCaHolOYkfcTdC0vTFAywzXw,LoKan Sardari,87400,18121770,973
2026-01-20,UCm3QK_QNta9Mue2Q70gtzVw,Android plus,2650,452109,421
2026-01-20,UCOyUCj6Wx9skJggzZFUDZyA,Unlock Talk,20000,2306077,351
2026-01-20,UCuDNiVxL-Zfw0CBVQ4oOr8w,DealSmart FR,189,27345,23
2026-01-20,UCflWJq4cTuofmM-0G-GMUNQ,conseilguide,19100,6647775,1280
2026-01-20,UCYmw-Y8TnRzO4COTBKEgUGg,Les Dénicheurs,20400,5743949,2940
2026-01-20,UCJy0lX8ThZ7lCtst7JnegWQ,Jojol,2690000,609733404,2111
2026-01-20,UC4q3HKdMqzll3SvA2Lf7oAg,Thomas in Tech,71800,21045124,943
2026-01-20,UCoJ4gzwVvGNH5GNqiJoQAAA,Alex Reframe,131000,25001441,645
2026-01-20,UC6joDErOGcFJC1vHNSfsYQg,01net,135000,47949842,1798
2026-01-20,UC2lMzO7HzJ_jamFT762vfwA,Jon Rettinger en Français,318,52741,28
2026-01-20,UCQZa27_VXLUowoMsYo6Y0Dw,bazze tv,22400,3057121,258
2026-01-20,UCwsQtHFlS-LKVn8xJ3TaupQ,Monsieur Pixel,9080,1172165,218
2026-01-20,UCNOUTy_TWRJzAaSfIGserkg,Nowtech Replay (Le Mug Nowtech),5390,798873,499
2026-01-20,UCQigF3tZJJlt6o1_tkYKkNQ,KAPPA Studio,228000,56746926,124
2026-01-20,UCaybrunQi8xWgPMgv1AYBHw,TheiCollection,1000000,218919692,1279
2026-01-20,UCiR9chjo9kIFMsCXgspFxqg,Braindegeek,73700,46535676,785
2026-01-20,UCTOAKgwfqqCbOytF3RNGGVw,Monsieur GRrr,722000,146674515,1972
2026-01-20,UCu6HC8ahaPWqqfSvic7nWyQ,Nightech,137000,32797775,506
2026-01-20,UC1wV5Kf18gVbL3bWH-tWKDw,Cmonavis,62000,12372590,647
2026-01-20,UCrsiHZzr4IjuSjnvPy5rVUQ,Daddy Dtech,114000,11991130,401
2026-01-20,UCC5xS4j2xUyGO2UfjFh5LsQ,Nooz,14000,2574544,602
2026-01-21,UCkS6jlQ4RJTCdkzVCU2-FSQ,GeekEtc,21400,6141665,637
2026-01-21,UC-pdFydi9ooxEfATh3KoiIw,STEVEN,1100000,196395571,1507
2026-01-21,UCZEdNvDcHUPEE7CDRpXnO6w,Cyril | Ctrl Bu,5860,807568,153
2026-01-21,UCCUlTcDhcn72O8TiNfFJWWA,GLG video (JT Geek),68300,20208316,3323
2026-01-21,UCC5xS4j2xUyGO2UfjFh5LsQ,Nooz,14000,2575428,603
2026-01-21,UC1wV5Kf18gVbL3bWH-tWKDw,Cmonavis,62000,12374225,647
2026-01-21,UC2lMzO7HzJ_jamFT762vfwA,Jon Rettinger en Français,318,52816,29
2026-01-21,UCe7R7Pt-bxNT7EE83NLsmFQ,Avis Express - Testeur High-Tech,272000,57575012,1696
2026-01-21,UCuDNiVxL-Zfw0CBVQ4oOr8w,DealSmart FR,190,27406,23
2026-01-21,UCgjhIdz3Uw9r-eMyML9M8FA,PIKATE,11600,1177573,117
2026-01-21,UCOyUCj6Wx9skJggzZFUDZyA,Unlock Talk,20000,2306878,352
2026-01-21,UC_dzE9mydhQuQ0NwmXByDtA,André Martin,386000,55016543,974
2026-01-21,UCfLyhjpn3hzleNtgTGOQimA,Romain PIAUD,31300,7454009,574
2026-01-21,UCDfGCQqgOKPYeiaG3I4vl4w,Marty,109000,22360737,874
2026-01-21,UCQsb5TqYUeGWGpJFr8DMWsQ,ANONIMAL,613000,71221614,295
2026-01-21,UCxpT79bmhxk50l8P50WG86w,Discoverdex,77400,23824909,470
2026-01-21,UCSYFVeBI66YqDhGrYKxiCUQ,Georges,990,97001,36
2026-01-21,UCNOUTy_TWRJzAaSfIGserkg,Nowtech Replay (Le Mug Nowtech),5390,798939,500
2026-01-21,UCm3QK_QNta9Mue2Q70gtzVw,Android plus,2660,452175,421
2026-01-21,UCoJ4gzwVvGNH5GNqiJoQAAA,Alex Reframe,131000,25001963,645
2026-01-21,UCflWJq4cTuofmM-0G-GMUNQ,conseilguide,19100,6648486,1280
2026-01-21,UCaHolOYkfcTdC0vTFAywzXw,LoKan Sardari,87400,18125127,974
2026-01-21,UC4q3HKdMqzll3SvA2Lf7oAg,Thomas in Tech,71800,21048718,943
2026-01-21,UCrSCIeCW1YuEviVZPVhEfGQ,Dorian GM,29200,5686892,267
2026-01-21,UCQZa27_VXLUowoMsYo6Y0Dw,bazze tv,22400,3059936,258
2026-01-21,UC6joDErOGcFJC1vHNSfsYQg,01net,135000,47954847,1801
2026-01-21,UCTOAKgwfqqCbOytF3RNGGVw,Monsieur GRrr,722000,146681896,1972
2026-01-21,UCZsEJw8rwd0RWAga5dulOpg,Bon Plan High Tech,13600,4540332,343
2026-01-21,UC7XxmEXw7wXgh259vYCSjkQ,Cmonavis 2,10000,1223284,203
2026-01-21,UCiR9chjo9kIFMsCXgspFxqg,Braindegeek,73800,46549985,786
2026-01-21,UCu6HC8ahaPWqqfSvic7nWyQ,Nightech,137000,32819563,508
2026-01-21,UCYmw-Y8TnRzO4COTBKEgUGg,Les Dénicheurs,20400,5745662,2942
2026-01-21,UCXJ_vW2t0W5hY9hS8ePnpzw,Back Market France,21900,159592372,190
2026-01-21,UCTmHRe6W96WgYlUNxcokpVQ,Fitfitzone,1220,155466,18
2026-01-21,UCwsQtHFlS-LKVn8xJ3TaupQ,Monsieur Pixel,9090,1172517,218
2026-01-21,UCPQsSFJurluaMOG1qL0Y7sA,PP World,447000,77233914,1027
2026-01-21,UCGMxP4yf3ixAAEKQc3d76gw,Arnaud,6130,1766910,138
2026-01-21,UCaybrunQi8xWgPMgv1AYBHw,TheiCollection,1000000,218927520,1280
2026-01-21,UCrsiHZzr4IjuSjnvPy5rVUQ,Daddy Dtech,114000,11995514,402
2026-01-21,UCJy0lX8ThZ7lCtst7JnegWQ,Jojol,2690000,609758770,2111
2026-01-21,UCZ5qxuvquQABNtjcawNMowA,DaddyFamtech,117000,13164374,1396
2026-01-21,UCQigF3tZJJlt6o1_tkYKkNQ,KAPPA Studio,228000,56762736,124
2026-01-21,UCBOGe_x7aqQV4Ly5Rfa4iow,Les Tests de Cyril,30700,2573261,449
2026-01-21,UCljgvfi_NnUrNJVHp_HGHwA,Bazar de Léo - TechMaker,72000,25489555,112
2026-01-21,UCA_DfRJwb5U0S4UiiH3BtUg,Jérémy Dufour,77100,12939915,978
2026-01-21,UCGjKSSIpN7aYQluu04kPrsA,Brandon Le Proktor,306000,42915390,400
2026-01-21,UCBqYyDusSFntU7k2UnFGsBA,Giga Content,24600,5023975,788
2026-01-21,UC1N4EIilrmXhTEdu3h7tpPg,iPhone page ,992,171943,251
2026-01-21,UCqRSWOqkW_oelrdUN7KQ-aQ,Les Numériques,154000,64008677,3027
2026-01-21,UCFrfK9IFqO15S7C52DdnSog,GIGATOP,42600,14988302,1066
2026-01-21,UCUbwQOAmLdZ9zPOOPFt25zQ,YanNick TECH,66300,16733063,1304
2026-01-21,UCB32y6dm508Hap4_Mn-ZnHQ,Presse-citron,91000,25624481,1426
2026-01-21,UCagQpz-WZtgbSp8Ry0XQ4Yw,Victor,2840,197050,47
2026-01-21,UCpaI1FRY8EGK6mEAL7Wfr9w,Yosheez,130000,58339313,846
2026-01-21,UCc7giV0qHsCNbhjV3_ZJ22w,Paul - Nakryum,107000,14519090,578
2026-01-21,UCDBYphtxNDXGQe5eyHYZ6Fw,GUILLAUME,497000,65543741,877
2026-01-21,UCUclUivgBePqnqDGQ3Jzu2Q,TOUKIWANTI,123000,21492910,841
2026-01-21,UCtPzJInyqqt__Tn0EaUlaAw,Science Gaming,405000,378445951,1280
2026-01-21,UCuE3ei3NOnVjQUefjHUCF5Q,DiscoverID,377000,51757366,529
2026-01-21,UC69qClfvKeB9WeyySg5iQrQ,Yohann Studio,4220,2244873,315
2026-01-21,UCdqC1GnhKs3aQw6j62uOvUw,Mister Perrier,57100,5072479,364
2026-01-21,UCzICpbabqKwBTpb9XlWerjA,PassTech TV,681,127176,14
2026-01-21,UCEPqgSzHj7vlJj5pGX9dDdA,Gilo & Alex,2310,128897,40
2026-01-21,UCf-DN6QjyyEbhuMWCoXdXQQ,Phonandroid,144000,26453365,840
2026-01-21,UCySZIa8Y4e6aSVg4CISXAOA,Mathieu Dos Santos,24100,4038480,1088
2026-01-21,UCB0ffaItcXwkgbVu8Hvq3Tw,QUENTIN,224000,43298085,1301
2026-01-21,UCUT9pQQGw4ZEpv5hqrv-bZw,TonyTech,89100,11585616,726
2026-01-21,UC1WIj7YGywcVoRLS0zZu2RQ,TechDams,5320,1691256,22
2026-01-21,UCRI5foOTNz6DuVz3SVQ1cMA,Tao Gassin,13300,1062039,53
2026-01-21,UCJ3MlRSjtv2sT-rIDsFg0fw,Sam_VNR,4630,265502,56
2026-01-21,UC0AFqXyYs1z2Dxx5jtQBicQ,SkinnZer,44600,3615606,286
2026-01-21,UCwZsbPUXohCN867pQzioGLw,Nicolas Barbet,15400,5649312,349
2026-01-21,UCUanZckNyJODHBdqtMzYMpA,ORLM.tv / On refait le Mac,54700,13147932,1441
2026-01-21,UCssuk5-zaZn9vt0_HNj-Hug,VERBOZZ,473000,60386917,284
2026-01-21,UC_FckuJiPXwA_nOEIoTsRZg,Fabien captain virtuality,12800,1783949,179
2026-01-21,UCJPa4sr9B_mLjShfHhWi8yg,TECnaiche,13400,4590911,403
2026-01-21,UCP5-zNhWXk_LUPIJpxtrTnQ,Cowcotland,52600,23472705,4254
2026-01-21,UCa8Leo9o5Nnb-Cc1sWfT2HQ,MobileAddict,300000,43991599,419
2026-01-21,UCs7Jg5KBsgiova4CrseuwIw,TheGrandTest,324000,45024479,1873
2026-01-21,UCNzUonmxxvG-HIqOC3S7Thw,VAC - Vulgarisateur Apple et compagnie,76000,1502884,227
2026-01-21,UC7rdUip5Q8R7Ki1haNbdwwg,SoloTech,254000,35145420,608
2026-01-21,UClQPWod8Gjgw7i51t7PYibQ, Sélection Futée,2180,176948,366
2026-01-21,UCUD3E77YRTGK3yPSDB6Kq5Q,Monsport06,193000,13097598,506
2026-01-21,UClnRNkdVq24iwIbc1O-hjlw,Yensing,20800,1251278,19
2026-01-21,UCMWAxO0xGJxELkiX5_pEJNA,Pannacophone - Smartphone & Tech ,91100,11432592,137
2026-01-21,UCrwtkeoBxPfhyde5eesmvyA,CieloTech,11700,12270248,209
2026-01-21,UCR-4Ge4NbqILG5HTTvs_nFQ,Lysandre_lbd,12000,5295346,311
2026-01-21,UCUltPy138RvnbWX_FuUHtDA,MT High-Tech,22000,2890181,314
2026-01-21,UCfbwndxvM8tOtxN_GqU1R3Q,Lorenzo-high-tech,28800,4407267,938
2026-01-21,UCJ4p_F-vCnEn5V5OtFN8Q3w,FrenchMakito,32500,3531031,96
2026-01-21,UCX4A8obrGg1iX37R-fyBJ6w,Monde Tech,679,126537,109
2026-01-21,UCM6kUx3GI7lTQlqMBiumaEg,technofou,43400,1920936,90
2026-01-21,UCU8_onYYhNxwGUB3hA34C4Q,FrenchHardware,837000,166073413,932
2026-01-21,UCOtM8pxxBIfwqu6e8mHgUEQ,TheiMika,12800,3579263,121
2026-01-21,UCb0sWM7tMRaEgn_hpptqnxA,Mon iPad & Moi,632,35815,28
2026-01-21,UC2HXhqg87yIWz152Ig9vkaQ,Tout Techno,31600,6935103,233
2026-01-21,UCQvNFAufGf8mtN2_L8thysg,Journal du Geek,66000,31562006,2482
2026-01-21,UCVrceZhsV6TRyVh3VhBFaKA,MOBICLICK,2020,1016336,183
2026-01-21,UC5HtcZa4-moyfy6NTY7GHwA,TECHNO 24,446,188232,536
2026-01-21,UC65OszX3C9oYfNLU5AWjwYg,Aaron,2960,293204,32
2026-01-22,UCDfGCQqgOKPYeiaG3I4vl4w,Marty,109000,22375376,875
2026-01-22,UCkS6jlQ4RJTCdkzVCU2-FSQ,GeekEtc,21500,6154602,637
2026-01-22,UCQZa27_VXLUowoMsYo6Y0Dw,bazze tv,22400,3078220,258
2026-01-22,UCZsEJw8rwd0RWAga5dulOpg,Bon Plan High Tech,13600,4542650,343
2026-01-22,UCfLyhjpn3hzleNtgTGOQimA,Romain PIAUD,31300,7473825,575
2026-01-22,UCrSCIeCW1YuEviVZPVhEfGQ,Dorian GM,29200,5706022,267
2026-01-22,UC1wV5Kf18gVbL3bWH-tWKDw,Cmonavis,62000,12391236,647
2026-01-22,UCTmHRe6W96WgYlUNxcokpVQ,Fitfitzone,1220,156754,18
2026-01-22,UCm3QK_QNta9Mue2Q70gtzVw,Android plus,2650,452451,422
2026-01-22,UCPQsSFJurluaMOG1qL0Y7sA,PP World,447000,77297880,1029
2026-01-22,UCA_DfRJwb5U0S4UiiH3BtUg,Jérémy Dufour,77200,12958486,976
2026-01-22,UCaHolOYkfcTdC0vTFAywzXw,LoKan Sardari,87400,18142546,974
2026-01-22,UCgjhIdz3Uw9r-eMyML9M8FA,PIKATE,11600,1181683,116
2026-01-22,UCYmw-Y8TnRzO4COTBKEgUGg,Les Dénicheurs,20400,5755306,2944
2026-01-22,UC4q3HKdMqzll3SvA2Lf7oAg,Thomas in Tech,71800,21066619,944
2026-01-22,UCNOUTy_TWRJzAaSfIGserkg,Nowtech Replay (Le Mug Nowtech),5390,799611,500
2026-01-22,UCCUlTcDhcn72O8TiNfFJWWA,GLG video (JT Geek),68400,20212507,3324
2026-01-22,UC2lMzO7HzJ_jamFT762vfwA,Jon Rettinger en Français,317,53065,28
2026-01-22,UCljgvfi_NnUrNJVHp_HGHwA,Bazar de Léo - TechMaker,72000,25490154,112
2026-01-22,UCwsQtHFlS-LKVn8xJ3TaupQ,Monsieur Pixel,9100,1178178,218
2026-01-22,UCGjKSSIpN7aYQluu04kPrsA,Brandon Le Proktor,306000,42962619,400
2026-01-22,UCXJ_vW2t0W5hY9hS8ePnpzw,Back Market France,21900,159719055,190
2026-01-22,UCGMxP4yf3ixAAEKQc3d76gw,Arnaud,6140,1769328,138
2026-01-22,UCflWJq4cTuofmM-0G-GMUNQ,conseilguide,19200,6653120,1280
2026-01-22,UC6joDErOGcFJC1vHNSfsYQg,01net,136000,47984683,1803
2026-01-22,UCu6HC8ahaPWqqfSvic7nWyQ,Nightech,137000,33029395,509
2026-01-22,UC_dzE9mydhQuQ0NwmXByDtA,André Martin,386000,55091968,974
2026-01-22,UCaybrunQi8xWgPMgv1AYBHw,TheiCollection,1000000,218969615,1280
2026-01-22,UCZEdNvDcHUPEE7CDRpXnO6w,Cyril | Ctrl Bu,5860,810214,153
2026-01-22,UCuDNiVxL-Zfw0CBVQ4oOr8w,DealSmart FR,190,27628,23
2026-01-22,UCrsiHZzr4IjuSjnvPy5rVUQ,Daddy Dtech,114000,12028717,402
2026-01-22,UCFrfK9IFqO15S7C52DdnSog,GIGATOP,42700,15021349,1069
2026-01-22,UC1N4EIilrmXhTEdu3h7tpPg,iPhone page ,997,172750,251
2026-01-22,UCxpT79bmhxk50l8P50WG86w,Discoverdex,77500,23843977,470
2026-01-22,UCiR9chjo9kIFMsCXgspFxqg,Braindegeek,74000,46621656,787
2026-01-22,UCqRSWOqkW_oelrdUN7KQ-aQ,Les Numériques,154000,64036878,3026
2026-01-22,UCJy0lX8ThZ7lCtst7JnegWQ,Jojol,2690000,609877544,2111
2026-01-22,UCe7R7Pt-bxNT7EE83NLsmFQ,Avis Express - Testeur High-Tech,272000,57596769,1696
2026-01-22,UCC5xS4j2xUyGO2UfjFh5LsQ,Nooz,14100,2583214,604
2026-01-22,UC7XxmEXw7wXgh259vYCSjkQ,Cmonavis 2,10000,1227795,204
2026-01-22,UCBqYyDusSFntU7k2UnFGsBA,Giga Content,24600,5044183,789
2026-01-22,UCSYFVeBI66YqDhGrYKxiCUQ,Georges,998,100724,36
2026-01-22,UCBOGe_x7aqQV4Ly5Rfa4iow,Les Tests de Cyril,30700,2575906,450
2026-01-22,UCQigF3tZJJlt6o1_tkYKkNQ,KAPPA Studio,228000,56833547,124
2026-01-22,UCZ5qxuvquQABNtjcawNMowA,DaddyFamtech,117000,13183614,1398
2026-01-22,UCoJ4gzwVvGNH5GNqiJoQAAA,Alex Reframe,131000,25004436,645
2026-01-22,UCOyUCj6Wx9skJggzZFUDZyA,Unlock Talk,20000,2318865,353
2026-01-22,UC-pdFydi9ooxEfATh3KoiIw,STEVEN,1100000,196419960,1507
2026-01-22,UCQsb5TqYUeGWGpJFr8DMWsQ,ANONIMAL,613000,71224076,296
2026-01-22,UCTOAKgwfqqCbOytF3RNGGVw,Monsieur GRrr,722000,146733129,1973
2026-01-22,UCuE3ei3NOnVjQUefjHUCF5Q,DiscoverID,377000,51764274,529
2026-01-22,UCR-4Ge4NbqILG5HTTvs_nFQ,Lysandre_lbd,12000,5302589,312
2026-01-22,UCUltPy138RvnbWX_FuUHtDA,MT High-Tech,22000,2892681,313
2026-01-22,UC1WIj7YGywcVoRLS0zZu2RQ,TechDams,5330,1695775,22
2026-01-22,UCc7giV0qHsCNbhjV3_ZJ22w,Paul - Nakryum,107000,14530661,579
2026-01-22,UCUD3E77YRTGK3yPSDB6Kq5Q,Monsport06,193000,13107914,506
2026-01-22,UCssuk5-zaZn9vt0_HNj-Hug,VERBOZZ,473000,60414343,284
2026-01-22,UC65OszX3C9oYfNLU5AWjwYg,Aaron,2960,293679,32
2026-01-22,UCP5-zNhWXk_LUPIJpxtrTnQ,Cowcotland,52600,23478315,4254
2026-01-22,UCUT9pQQGw4ZEpv5hqrv-bZw,TonyTech,89100,11593649,726
2026-01-22,UClnRNkdVq24iwIbc1O-hjlw,Yensing,20900,1253101,19
2026-01-22,UCMWAxO0xGJxELkiX5_pEJNA,Pannacophone - Smartphone & Tech ,91100,11440247,137
2026-01-22,UCQvNFAufGf8mtN2_L8thysg,Journal du Geek,66000,31570803,2483
2026-01-22,UCDBYphtxNDXGQe5eyHYZ6Fw,GUILLAUME,497000,65570210,877
2026-01-22,UCpaI1FRY8EGK6mEAL7Wfr9w,Yosheez,130000,58365702,847
2026-01-22,UCJ3MlRSjtv2sT-rIDsFg0fw,Sam_VNR,4630,268063,58
2026-01-22,UCB32y6dm508Hap4_Mn-ZnHQ,Presse-citron,91000,25637410,1427
2026-01-22,UCM6kUx3GI7lTQlqMBiumaEg,technofou,43400,1922690,90
2026-01-22,UCzICpbabqKwBTpb9XlWerjA,PassTech TV,681,127181,14
2026-01-22,UCb0sWM7tMRaEgn_hpptqnxA,Mon iPad & Moi,636,36049,28
2026-01-22,UC7rdUip5Q8R7Ki1haNbdwwg,SoloTech,253000,35154660,610
2026-01-22,UCUbwQOAmLdZ9zPOOPFt25zQ,YanNick TECH,66400,16776188,1305
2026-01-22,UCtPzJInyqqt__Tn0EaUlaAw,Science Gaming,405000,380085784,1283
2026-01-22,UCUanZckNyJODHBdqtMzYMpA,ORLM.tv / On refait le Mac,54700,13150663,1442
2026-01-22,UCNzUonmxxvG-HIqOC3S7Thw,VAC - Vulgarisateur Apple et compagnie,76000,1504729,228
2026-01-22,UCOtM8pxxBIfwqu6e8mHgUEQ,TheiMika,12800,3579828,121
2026-01-22,UC5HtcZa4-moyfy6NTY7GHwA,TECHNO 24,448,189275,536
2026-01-22,UC69qClfvKeB9WeyySg5iQrQ,Yohann Studio,4230,2248245,315
2026-01-22,UCJ4p_F-vCnEn5V5OtFN8Q3w,FrenchMakito,32500,3534586,96
2026-01-22,UCf-DN6QjyyEbhuMWCoXdXQQ,Phonandroid,144000,26456834,840
2026-01-22,UCwZsbPUXohCN867pQzioGLw,Nicolas Barbet,15400,5653559,349
2026-01-22,UCfbwndxvM8tOtxN_GqU1R3Q,Lorenzo-high-tech,28900,4414543,939
2026-01-22,UCRI5foOTNz6DuVz3SVQ1cMA,Tao Gassin,13300,1064674,53
2026-01-22,UCX4A8obrGg1iX37R-fyBJ6w,Monde Tech,680,127611,110
2026-01-22,UC_FckuJiPXwA_nOEIoTsRZg,Fabien captain virtuality,12800,1784844,179
2026-01-22,UCdqC1GnhKs3aQw6j62uOvUw,Mister Perrier,57100,5072870,364
2026-01-22,UCs7Jg5KBsgiova4CrseuwIw,TheGrandTest,324000,45036135,1872
2026-01-22,UC0AFqXyYs1z2Dxx5jtQBicQ,SkinnZer,44600,3615930,286
2026-01-22,UC2HXhqg87yIWz152Ig9vkaQ,Tout Techno,31700,6947685,234
2026-01-22,UCagQpz-WZtgbSp8Ry0XQ4Yw,Victor,2840,197708,47
2026-01-22,UCySZIa8Y4e6aSVg4CISXAOA,Mathieu Dos Santos,24100,4045856,1090
2026-01-22,UCB0ffaItcXwkgbVu8Hvq3Tw,QUENTIN,224000,43303219,1302
2026-01-22,UCa8Leo9o5Nnb-Cc1sWfT2HQ,MobileAddict,300000,44000689,419
2026-01-22,UCU8_onYYhNxwGUB3hA34C4Q,FrenchHardware,837000,166398726,933
2026-01-22,UCUclUivgBePqnqDGQ3Jzu2Q,TOUKIWANTI,123000,21522472,840
2026-01-22,UClQPWod8Gjgw7i51t7PYibQ, Sélection Futée,2180,179124,367
2026-01-22,UCrwtkeoBxPfhyde5eesmvyA,CieloTech,11700,12366149,209
2026-01-22,UCVrceZhsV6TRyVh3VhBFaKA,MOBICLICK,2020,1018577,184
2026-01-22,UCJPa4sr9B_mLjShfHhWi8yg,TECnaiche,13400,4596012,403
2026-01-22,UCEPqgSzHj7vlJj5pGX9dDdA,Gilo & Alex,2310,129075,40
2026-01-22,UC69gruQfEHEQ4Qme0liJOdw,Ludo Tech,1710,753831,185
2026-01-22,UCr7ZVUNJ9KyYD92xqfinGsQ,Jimtek,15900,1336826,131
2026-01-22,UCOm_kuKVb4ImX_DHpIgX_zg,Skinn's Tech Deals,1930,68948,17
2026-01-22,UCNWE4ouC-BxzJ-Lomuuqb1Q,Isma(ël),4230,291416,42
2026-01-22,UCOaX4zvPzmv0eBbUWOOOB_A,TopAchat,101000,18390727,682
2026-01-22,UCURjynFkZicGPbIIaWO9vmQ,Benji TV,60500,14340344,250
2026-01-22,UCchpwieM3DswmDEnJ0MRq1A,Romain Lanéry,1050000,204398343,1661
2026-01-22,UCPP-NkzSqMJ9ywhJkcgrpAw,Tech_Sama,213000,29234739,753
2026-01-22,UCbwE_k9zALnzZRvkoyDhuzw,Jojo Le Geek,165000,25175116,590
2026-01-22,UC3-dl8nKItitMxM9DNTDAfQ,Kang et ses PC,104000,25749385,137
2026-01-22,UCz6PEeVLG1TL6jMRTvSLm4g,Matt Talks Tech,778000,106774128,1479
2026-01-22,UCAOjk3Po21_t7L1MDHQ4-Og,FNK Hardware,248000,43057970,1230
2026-01-22,UCQSA6pCffm7epqxFqouL0Xg,Mathis et Gauthier,191000,32908962,434
2026-01-22,UCrHCRJPuJJcINMMEETEYt4g,Petit Comparateur,16000,5663901,729
2026-01-22,UCpFq62uOig4n9jT3luIYUDQ,VZX,22900,9409349,142
2026-01-22,UCHJb6-VCrzQqVQASN23OskQ,Jigfio Ti Super,19000,923580,67
2026-01-22,UCrAiXFptzDmgQA6gUCOz9RQ,Meta Perso,14700,1085482,49
2026-01-22,UCR3uoYsbRO_S0wg2DaSlb8g,Wondershare Français,98300,15583931,1296
2026-01-22,UCMc7IaTDRDtxftK9v0aXVqA,Yada 2.0,111000,16492425,203
2026-01-22,UC6jfhJWEAfako0XlKnA2UGQ,Timena TechGeek,64000,11411051,1014
2026-01-22,UCU_a5aoj_HzTMohx0JG_Z4A,GUILLAUME++,100000,9632929,297
2026-01-22,UC70eSjnRIGvRLCzT6K0SQSg,Device FR,1850,658431,827
2026-01-22,UCOCoKBUmALR6d7UW_s5zgrA,Arnaud C.,105000,6842291,301
2026-01-22,UCHGvOgxAA_MFOH1yyhjcR-Q,ArtBen,326000,38101725,266
2026-01-22,UCJLKCYMkCbOW9wzmeUj8dwQ,MEHDI’N TECH,59600,3221674,132
2026-01-22,UCIaNSaws_Wv_eoUAmDbUK-Q,MT High Tech Deal's,2820,245757,71
2026-01-22,UCpSRz-eAoiSW5kaHpI_3LjA,JOLI TECH,15,12961,447
2026-01-22,UCA25ZdZZF5XE6ihPE5pwfnw,Materiel.net,31700,12684990,574
2026-01-22,UCDY3WI0HqdzNADtE6B-BmUw,MrG Tech,185000,28677828,579
2026-01-22,UCTER7XOnDvSRbI2YxikLaVw,RTBF iXPé,258000,89825898,2411
2026-01-23,UCQZa27_VXLUowoMsYo6Y0Dw,bazze tv,22500,3083487,259
2026-01-23,UCBOGe_x7aqQV4Ly5Rfa4iow,Les Tests de Cyril,30700,2577956,450
2026-01-23,UCSYFVeBI66YqDhGrYKxiCUQ,Georges,1030,101503,37
2026-01-23,UCGMxP4yf3ixAAEKQc3d76gw,Arnaud,6140,1770721,138
2026-01-23,UCe7R7Pt-bxNT7EE83NLsmFQ,Avis Express - Testeur High-Tech,272000,57607786,1697
2026-01-23,UC_dzE9mydhQuQ0NwmXByDtA,André Martin,386000,55135565,974
2026-01-23,UCTOAKgwfqqCbOytF3RNGGVw,Monsieur GRrr,722000,146764954,1974
2026-01-23,UC2lMzO7HzJ_jamFT762vfwA,Jon Rettinger en Français,319,53528,29
2026-01-23,UC7XxmEXw7wXgh259vYCSjkQ,Cmonavis 2,10000,1229662,204
2026-01-23,UCBqYyDusSFntU7k2UnFGsBA,Giga Content,24700,5051199,790
2026-01-23,UCaHolOYkfcTdC0vTFAywzXw,LoKan Sardari,87400,18151800,974
2026-01-23,UCTmHRe6W96WgYlUNxcokpVQ,Fitfitzone,1220,157624,18
2026-01-23,UCiR9chjo9kIFMsCXgspFxqg,Braindegeek,74100,46667467,788
2026-01-23,UCu6HC8ahaPWqqfSvic7nWyQ,Nightech,137000,33086186,508
2026-01-23,UCwsQtHFlS-LKVn8xJ3TaupQ,Monsieur Pixel,9110,1179433,218
2026-01-23,UCGjKSSIpN7aYQluu04kPrsA,Brandon Le Proktor,306000,43055659,401
2026-01-23,UCXJ_vW2t0W5hY9hS8ePnpzw,Back Market France,21900,159800340,190
2026-01-23,UCm3QK_QNta9Mue2Q70gtzVw,Android plus,2660,452644,422
2026-01-23,UC1N4EIilrmXhTEdu3h7tpPg,iPhone page ,999,173110,252
2026-01-23,UCZ5qxuvquQABNtjcawNMowA,DaddyFamtech,117000,13198008,1399
2026-01-23,UCC5xS4j2xUyGO2UfjFh5LsQ,Nooz,14100,2586574,605
2026-01-23,UCoJ4gzwVvGNH5GNqiJoQAAA,Alex Reframe,131000,25006180,645
2026-01-23,UC1wV5Kf18gVbL3bWH-tWKDw,Cmonavis,62100,12399848,648
2026-01-23,UCljgvfi_NnUrNJVHp_HGHwA,Bazar de Léo - TechMaker,72000,25490510,112
2026-01-23,UCPQsSFJurluaMOG1qL0Y7sA,PP World,447000,77339988,1029
2026-01-23,UC-pdFydi9ooxEfATh3KoiIw,STEVEN,1100000,196435176,1507
2026-01-23,UCOyUCj6Wx9skJggzZFUDZyA,Unlock Talk,20100,2323744,354
2026-01-23,UCqRSWOqkW_oelrdUN7KQ-aQ,Les Numériques,154000,64070097,3028
2026-01-23,UCkS6jlQ4RJTCdkzVCU2-FSQ,GeekEtc,21500,6163356,637
2026-01-23,UCuDNiVxL-Zfw0CBVQ4oOr8w,DealSmart FR,191,27786,23
2026-01-23,UCflWJq4cTuofmM-0G-GMUNQ,conseilguide,19200,6655796,1280
2026-01-23,UCaybrunQi8xWgPMgv1AYBHw,TheiCollection,1000000,218993599,1281
2026-01-23,UCrsiHZzr4IjuSjnvPy5rVUQ,Daddy Dtech,114000,12051028,402
2026-01-23,UCZEdNvDcHUPEE7CDRpXnO6w,Cyril | Ctrl Bu,5870,811733,153
2026-01-23,UCCUlTcDhcn72O8TiNfFJWWA,GLG video (JT Geek),68500,20214498,3326
2026-01-23,UCrSCIeCW1YuEviVZPVhEfGQ,Dorian GM,29300,5718159,268
2026-01-23,UCYmw-Y8TnRzO4COTBKEgUGg,Les Dénicheurs,20400,5761367,2946
2026-01-23,UC6joDErOGcFJC1vHNSfsYQg,01net,136000,48005778,1804
2026-01-23,UCDfGCQqgOKPYeiaG3I4vl4w,Marty,109000,22383398,876
2026-01-23,UC4q3HKdMqzll3SvA2Lf7oAg,Thomas in Tech,71800,21078323,944
2026-01-23,UCNOUTy_TWRJzAaSfIGserkg,Nowtech Replay (Le Mug Nowtech),5390,800582,501
2026-01-23,UCA_DfRJwb5U0S4UiiH3BtUg,Jérémy Dufour,77200,13048501,978
2026-01-23,UCJy0lX8ThZ7lCtst7JnegWQ,Jojol,2690000,609935115,2111
2026-01-23,UCfLyhjpn3hzleNtgTGOQimA,Romain PIAUD,31300,7482761,575
2026-01-23,UCQsb5TqYUeGWGpJFr8DMWsQ,ANONIMAL,613000,71225552,296
2026-01-23,UCxpT79bmhxk50l8P50WG86w,Discoverdex,77500,23855487,471
2026-01-23,UCQigF3tZJJlt6o1_tkYKkNQ,KAPPA Studio,228000,56877432,124
2026-01-23,UCFrfK9IFqO15S7C52DdnSog,GIGATOP,42800,15042307,1070
2026-01-23,UCgjhIdz3Uw9r-eMyML9M8FA,PIKATE,11600,1184174,117
2026-01-23,UCZsEJw8rwd0RWAga5dulOpg,Bon Plan High Tech,13600,4544039,343
2026-01-23,UCB32y6dm508Hap4_Mn-ZnHQ,Presse-citron,91000,25643192,1428
2026-01-23,UCUclUivgBePqnqDGQ3Jzu2Q,TOUKIWANTI,123000,21536577,841
2026-01-23,UCfbwndxvM8tOtxN_GqU1R3Q,Lorenzo-high-tech,28900,4418242,940
2026-01-23,UCUltPy138RvnbWX_FuUHtDA,MT High-Tech,22000,2893883,314
2026-01-23,UCpaI1FRY8EGK6mEAL7Wfr9w,Yosheez,130000,58382400,847
2026-01-23,UCc7giV0qHsCNbhjV3_ZJ22w,Paul - Nakryum,107000,14617239,579
2026-01-23,UCR-4Ge4NbqILG5HTTvs_nFQ,Lysandre_lbd,12000,5307058,311
2026-01-23,UCssuk5-zaZn9vt0_HNj-Hug,VERBOZZ,473000,60431905,284
2026-01-23,UCUbwQOAmLdZ9zPOOPFt25zQ,YanNick TECH,66500,16802285,1307
2026-01-23,UCQvNFAufGf8mtN2_L8thysg,Journal du Geek,66000,31575769,2486
2026-01-23,UCOtM8pxxBIfwqu6e8mHgUEQ,TheiMika,12800,3580213,121
2026-01-23,UCNzUonmxxvG-HIqOC3S7Thw,VAC - Vulgarisateur Apple et compagnie,76100,1506152,227
2026-01-23,UC65OszX3C9oYfNLU5AWjwYg,Aaron,2960,293966,32
2026-01-23,UCU8_onYYhNxwGUB3hA34C4Q,FrenchHardware,838000,166531873,934
2026-01-23,UClnRNkdVq24iwIbc1O-hjlw,Yensing,20900,1254212,19
2026-01-23,UC2HXhqg87yIWz152Ig9vkaQ,Tout Techno,31700,6955847,234
2026-01-23,UCJ3MlRSjtv2sT-rIDsFg0fw,Sam_VNR,4630,270090,58
2026-01-23,UClQPWod8Gjgw7i51t7PYibQ, Sélection Futée,2180,180431,367
2026-01-23,UCX4A8obrGg1iX37R-fyBJ6w,Monde Tech,683,128154,111
2026-01-23,UCwZsbPUXohCN867pQzioGLw,Nicolas Barbet,15400,5656432,349
2026-01-23,UCDBYphtxNDXGQe5eyHYZ6Fw,GUILLAUME,497000,65586255,877
2026-01-23,UCrwtkeoBxPfhyde5eesmvyA,CieloTech,11800,12411604,209
2026-01-23,UCP5-zNhWXk_LUPIJpxtrTnQ,Cowcotland,52600,23480976,4255
2026-01-23,UCa8Leo9o5Nnb-Cc1sWfT2HQ,MobileAddict,300000,44006624,419
2026-01-23,UCzICpbabqKwBTpb9XlWerjA,PassTech TV,681,127193,14
2026-01-23,UC_FckuJiPXwA_nOEIoTsRZg,Fabien captain virtuality,12800,1785357,179
2026-01-23,UCtPzJInyqqt__Tn0EaUlaAw,Science Gaming,406000,380932848,1286
2026-01-23,UCRI5foOTNz6DuVz3SVQ1cMA,Tao Gassin,13300,1066231,53
2026-01-23,UCVrceZhsV6TRyVh3VhBFaKA,MOBICLICK,2030,1027162,185
2026-01-23,UCb0sWM7tMRaEgn_hpptqnxA,Mon iPad & Moi,636,36205,28
2026-01-23,UC5HtcZa4-moyfy6NTY7GHwA,TECHNO 24,449,189861,540
2026-01-23,UCUanZckNyJODHBdqtMzYMpA,ORLM.tv / On refait le Mac,54700,13153585,1443
2026-01-23,UCB0ffaItcXwkgbVu8Hvq3Tw,QUENTIN,224000,43308155,1302
2026-01-23,UC69qClfvKeB9WeyySg5iQrQ,Yohann Studio,4230,2250112,316
2026-01-23,UCJ4p_F-vCnEn5V5OtFN8Q3w,FrenchMakito,32500,3537758,97
2026-01-23,UCUD3E77YRTGK3yPSDB6Kq5Q,Monsport06,193000,13111577,506
2026-01-23,UCs7Jg5KBsgiova4CrseuwIw,TheGrandTest,324000,45042636,1873
2026-01-23,UCagQpz-WZtgbSp8Ry0XQ4Yw,Victor,2840,198610,47
2026-01-23,UCMWAxO0xGJxELkiX5_pEJNA,Pannacophone - Smartphone & Tech ,91100,11445018,137
2026-01-23,UCUT9pQQGw4ZEpv5hqrv-bZw,TonyTech,89100,11596466,725
2026-01-23,UC7rdUip5Q8R7Ki1haNbdwwg,SoloTech,253000,35158418,611
2026-01-23,UCf-DN6QjyyEbhuMWCoXdXQQ,Phonandroid,144000,26458956,840
2026-01-23,UCdqC1GnhKs3aQw6j62uOvUw,Mister Perrier,57100,5073089,364
2026-01-23,UCySZIa8Y4e6aSVg4CISXAOA,Mathieu Dos Santos,24100,4050692,1091
2026-01-23,UC1WIj7YGywcVoRLS0zZu2RQ,TechDams,5330,1697850,22
2026-01-23,UCM6kUx3GI7lTQlqMBiumaEg,technofou,43400,1922837,90
2026-01-23,UCEPqgSzHj7vlJj5pGX9dDdA,Gilo & Alex,2310,129186,40
2026-01-23,UCuE3ei3NOnVjQUefjHUCF5Q,DiscoverID,377000,51768711,529
2026-01-23,UCJPa4sr9B_mLjShfHhWi8yg,TECnaiche,13400,4599099,403
2026-01-23,UC0AFqXyYs1z2Dxx5jtQBicQ,SkinnZer,44600,3616168,287
2026-01-23,UCOCoKBUmALR6d7UW_s5zgrA,Arnaud C.,105000,6846030,302
2026-01-23,UC6jfhJWEAfako0XlKnA2UGQ,Timena TechGeek,64000,11413623,1014
2026-01-23,UCMc7IaTDRDtxftK9v0aXVqA,Yada 2.0,111000,16502925,203
2026-01-23,UCJLKCYMkCbOW9wzmeUj8dwQ,MEHDI’N TECH,59600,3222655,132
2026-01-23,UCQSA6pCffm7epqxFqouL0Xg,Mathis et Gauthier,191000,32926043,434
2026-01-23,UCHGvOgxAA_MFOH1yyhjcR-Q,ArtBen,326000,38109006,266
2026-01-23,UC69gruQfEHEQ4Qme0liJOdw,Ludo Tech,1710,755437,185
2026-01-23,UC3-dl8nKItitMxM9DNTDAfQ,Kang et ses PC,104000,25780373,137
2026-01-23,UCOaX4zvPzmv0eBbUWOOOB_A,TopAchat,101000,18414506,683
2026-01-23,UCHJb6-VCrzQqVQASN23OskQ,Jigfio Ti Super,19000,924661,67
2026-01-23,UCOm_kuKVb4ImX_DHpIgX_zg,Skinn's Tech Deals,1930,69121,17
2026-01-23,UCPP-NkzSqMJ9ywhJkcgrpAw,Tech_Sama,213000,29240902,754
2026-01-23,UCURjynFkZicGPbIIaWO9vmQ,Benji TV,60500,14352841,250
2026-01-23,UCrHCRJPuJJcINMMEETEYt4g,Petit Comparateur,16000,5666754,729
2026-01-23,UCNWE4ouC-BxzJ-Lomuuqb1Q,Isma(ël),4230,292754,42
2026-01-23,UCA25ZdZZF5XE6ihPE5pwfnw,Materiel.net,31700,12693337,574
2026-01-23,UCchpwieM3DswmDEnJ0MRq1A,Romain Lanéry,1050000,204491121,1661
2026-01-23,UCTER7XOnDvSRbI2YxikLaVw,RTBF iXPé,258000,90002730,2414
2026-01-23,UCAOjk3Po21_t7L1MDHQ4-Og,FNK Hardware,248000,43062536,1231
2026-01-23,UCpFq62uOig4n9jT3luIYUDQ,VZX,22900,9412738,142
2026-01-23,UCU_a5aoj_HzTMohx0JG_Z4A,GUILLAUME++,100000,9637560,297
2026-01-23,UCDY3WI0HqdzNADtE6B-BmUw,MrG Tech,185000,28680904,579
2026-01-23,UCpSRz-eAoiSW5kaHpI_3LjA,JOLI TECH,15,13139,453
2026-01-23,UCbwE_k9zALnzZRvkoyDhuzw,Jojo Le Geek,165000,25179392,590
2026-01-23,UCR3uoYsbRO_S0wg2DaSlb8g,Wondershare Français,98300,15598987,1296
2026-01-23,UC70eSjnRIGvRLCzT6K0SQSg,Device FR,1860,660917,830
2026-01-23,UCIaNSaws_Wv_eoUAmDbUK-Q,MT High Tech Deal's,2820,245780,71
2026-01-23,UCrAiXFptzDmgQA6gUCOz9RQ,Meta Perso,14700,1085717,49
2026-01-23,UCz6PEeVLG1TL6jMRTvSLm4g,Matt Talks Tech,778000,106818090,1480
2026-01-23,UCr7ZVUNJ9KyYD92xqfinGsQ,Jimtek,15900,1338535,132
2026-01-24,UCQZa27_VXLUowoMsYo6Y0Dw,bazze tv,22500,3092896,259
2026-01-24,UCBqYyDusSFntU7k2UnFGsBA,Giga Content,24700,5057173,791
2026-01-24,UCTmHRe6W96WgYlUNxcokpVQ,Fitfitzone,1230,157892,18
2026-01-24,UCflWJq4cTuofmM-0G-GMUNQ,conseilguide,19200,6658560,1280
2026-01-24,UCoJ4gzwVvGNH5GNqiJoQAAA,Alex Reframe,131000,25007729,645
2026-01-24,UCYmw-Y8TnRzO4COTBKEgUGg,Les Dénicheurs,20400,5767332,2948
2026-01-24,UC4q3HKdMqzll3SvA2Lf7oAg,Thomas in Tech,71900,21088674,944
2026-01-24,UCNOUTy_TWRJzAaSfIGserkg,Nowtech Replay (Le Mug Nowtech),5390,801580,502
2026-01-24,UCgjhIdz3Uw9r-eMyML9M8FA,PIKATE,11600,1186652,117
2026-01-24,UCZsEJw8rwd0RWAga5dulOpg,Bon Plan High Tech,13600,4545483,343
2026-01-24,UCZ5qxuvquQABNtjcawNMowA,DaddyFamtech,117000,13212534,1400
2026-01-24,UCu6HC8ahaPWqqfSvic7nWyQ,Nightech,137000,33130503,509
2026-01-24,UCiR9chjo9kIFMsCXgspFxqg,Braindegeek,74200,46723923,788
2026-01-24,UC1N4EIilrmXhTEdu3h7tpPg,iPhone page ,1000,173566,252
2026-01-24,UCOyUCj6Wx9skJggzZFUDZyA,Unlock Talk,20100,2329831,355
2026-01-24,UCTOAKgwfqqCbOytF3RNGGVw,Monsieur GRrr,722000,146796783,1975
2026-01-24,UCxpT79bmhxk50l8P50WG86w,Discoverdex,77500,23870135,471
2026-01-24,UCwsQtHFlS-LKVn8xJ3TaupQ,Monsieur Pixel,9130,1179920,218
2026-01-24,UCGMxP4yf3ixAAEKQc3d76gw,Arnaud,6150,1771234,138
2026-01-24,UC2lMzO7HzJ_jamFT762vfwA,Jon Rettinger en Français,318,54017,29
2026-01-24,UCGjKSSIpN7aYQluu04kPrsA,Brandon Le Proktor,307000,43209842,401
2026-01-24,UCrsiHZzr4IjuSjnvPy5rVUQ,Daddy Dtech,114000,12070349,402
2026-01-24,UCZEdNvDcHUPEE7CDRpXnO6w,Cyril | Ctrl Bu,5870,812257,154
2026-01-24,UCJy0lX8ThZ7lCtst7JnegWQ,Jojol,2690000,609994864,2111
2026-01-24,UCm3QK_QNta9Mue2Q70gtzVw,Android plus,2660,452827,423
2026-01-24,UCrSCIeCW1YuEviVZPVhEfGQ,Dorian GM,29300,5739546,268
2026-01-24,UCkS6jlQ4RJTCdkzVCU2-FSQ,GeekEtc,21500,6172405,637
2026-01-24,UC6joDErOGcFJC1vHNSfsYQg,01net,136000,48021034,1804
2026-01-24,UC1wV5Kf18gVbL3bWH-tWKDw,Cmonavis,62100,12406880,648
2026-01-24,UCPQsSFJurluaMOG1qL0Y7sA,PP World,447000,77359808,1029
2026-01-24,UCFrfK9IFqO15S7C52DdnSog,GIGATOP,42800,15061325,1072
2026-01-24,UCC5xS4j2xUyGO2UfjFh5LsQ,Nooz,14100,2590913,606
2026-01-24,UCXJ_vW2t0W5hY9hS8ePnpzw,Back Market France,21900,159885139,191
2026-01-24,UCA_DfRJwb5U0S4UiiH3BtUg,Jérémy Dufour,77200,13196963,979
2026-01-24,UCCUlTcDhcn72O8TiNfFJWWA,GLG video (JT Geek),68600,20217598,3328
2026-01-24,UCqRSWOqkW_oelrdUN7KQ-aQ,Les Numériques,154000,64116915,3028
2026-01-24,UC_dzE9mydhQuQ0NwmXByDtA,André Martin,386000,55179511,974
2026-01-24,UCe7R7Pt-bxNT7EE83NLsmFQ,Avis Express - Testeur High-Tech,272000,57621045,1697
2026-01-24,UCBOGe_x7aqQV4Ly5Rfa4iow,Les Tests de Cyril,30700,2579781,450
2026-01-24,UCaHolOYkfcTdC0vTFAywzXw,LoKan Sardari,87500,18161211,974
2026-01-24,UCljgvfi_NnUrNJVHp_HGHwA,Bazar de Léo - TechMaker,72000,25490916,112
2026-01-24,UCDfGCQqgOKPYeiaG3I4vl4w,Marty,109000,22391629,876
2026-01-24,UCQsb5TqYUeGWGpJFr8DMWsQ,ANONIMAL,613000,71226924,296
2026-01-24,UCQigF3tZJJlt6o1_tkYKkNQ,KAPPA Studio,228000,56920196,124
2026-01-24,UCaybrunQi8xWgPMgv1AYBHw,TheiCollection,1000000,219026209,1281
2026-01-24,UC-pdFydi9ooxEfATh3KoiIw,STEVEN,1100000,196451470,1507
2026-01-24,UC7XxmEXw7wXgh259vYCSjkQ,Cmonavis 2,10100,1232268,205
2026-01-24,UCfLyhjpn3hzleNtgTGOQimA,Romain PIAUD,31300,7491523,576
2026-01-24,UCSYFVeBI66YqDhGrYKxiCUQ,Georges,1090,105644,37
2026-01-24,UCuDNiVxL-Zfw0CBVQ4oOr8w,DealSmart FR,191,27917,23
2026-01-24,UC69qClfvKeB9WeyySg5iQrQ,Yohann Studio,4240,2253480,316
2026-01-24,UCuE3ei3NOnVjQUefjHUCF5Q,DiscoverID,377000,51772804,529
2026-01-24,UCpaI1FRY8EGK6mEAL7Wfr9w,Yosheez,130000,58399070,847
2026-01-24,UCB0ffaItcXwkgbVu8Hvq3Tw,QUENTIN,224000,43312002,1302
2026-01-24,UCwZsbPUXohCN867pQzioGLw,Nicolas Barbet,15400,5659467,350
2026-01-24,UCUanZckNyJODHBdqtMzYMpA,ORLM.tv / On refait le Mac,54700,13157708,1446
2026-01-24,UCySZIa8Y4e6aSVg4CISXAOA,Mathieu Dos Santos,24100,4054174,1092
2026-01-24,UCM6kUx3GI7lTQlqMBiumaEg,technofou,43400,1922963,90
2026-01-24,UCJ4p_F-vCnEn5V5OtFN8Q3w,FrenchMakito,32500,3537101,96
2026-01-24,UCQvNFAufGf8mtN2_L8thysg,Journal du Geek,66000,31581514,2488
2026-01-24,UCzICpbabqKwBTpb9XlWerjA,PassTech TV,681,127200,14
2026-01-24,UCVrceZhsV6TRyVh3VhBFaKA,MOBICLICK,2030,1029986,186
2026-01-24,UCNzUonmxxvG-HIqOC3S7Thw,VAC - Vulgarisateur Apple et compagnie,76300,1509812,228
2026-01-24,UC1WIj7YGywcVoRLS0zZu2RQ,TechDams,5330,1700226,22
2026-01-24,UCtPzJInyqqt__Tn0EaUlaAw,Science Gaming,406000,381260413,1280
2026-01-24,UC2HXhqg87yIWz152Ig9vkaQ,Tout Techno,31700,6964022,235
2026-01-24,UCP5-zNhWXk_LUPIJpxtrTnQ,Cowcotland,52600,23483469,4256
2026-01-24,UCUclUivgBePqnqDGQ3Jzu2Q,TOUKIWANTI,123000,21550198,842
2026-01-24,UCa8Leo9o5Nnb-Cc1sWfT2HQ,MobileAddict,300000,44012749,419
2026-01-24,UCU8_onYYhNxwGUB3hA34C4Q,FrenchHardware,838000,166650758,936
2026-01-24,UClnRNkdVq24iwIbc1O-hjlw,Yensing,20900,1255358,19
2026-01-24,UCR-4Ge4NbqILG5HTTvs_nFQ,Lysandre_lbd,12000,5310462,312
2026-01-24,UClQPWod8Gjgw7i51t7PYibQ, Sélection Futée,2190,181707,368
2026-01-24,UC7rdUip5Q8R7Ki1haNbdwwg,SoloTech,253000,35162280,613
2026-01-24,UCMWAxO0xGJxELkiX5_pEJNA,Pannacophone - Smartphone & Tech ,91100,11450004,137
2026-01-24,UCRI5foOTNz6DuVz3SVQ1cMA,Tao Gassin,13300,1067694,53
2026-01-24,UCUD3E77YRTGK3yPSDB6Kq5Q,Monsport06,193000,13115152,506
2026-01-24,UCDBYphtxNDXGQe5eyHYZ6Fw,GUILLAUME,497000,65601028,878
2026-01-24,UC5HtcZa4-moyfy6NTY7GHwA,TECHNO 24,449,190017,543
2026-01-24,UCB32y6dm508Hap4_Mn-ZnHQ,Presse-citron,91000,25649759,1427
2026-01-24,UCUltPy138RvnbWX_FuUHtDA,MT High-Tech,22000,2895105,314
2026-01-24,UCX4A8obrGg1iX37R-fyBJ6w,Monde Tech,685,128719,112
2026-01-24,UC65OszX3C9oYfNLU5AWjwYg,Aaron,2960,294257,32
2026-01-24,UC0AFqXyYs1z2Dxx5jtQBicQ,SkinnZer,44600,3618010,287
2026-01-24,UCssuk5-zaZn9vt0_HNj-Hug,VERBOZZ,473000,60450026,284
2026-01-24,UCfbwndxvM8tOtxN_GqU1R3Q,Lorenzo-high-tech,28900,4422727,940
2026-01-24,UCb0sWM7tMRaEgn_hpptqnxA,Mon iPad & Moi,637,36344,28
2026-01-24,UCJPa4sr9B_mLjShfHhWi8yg,TECnaiche,13400,4602564,403
2026-01-24,UCOtM8pxxBIfwqu6e8mHgUEQ,TheiMika,12800,3580566,121
2026-01-24,UCJ3MlRSjtv2sT-rIDsFg0fw,Sam_VNR,4630,272329,58
2026-01-24,UCEPqgSzHj7vlJj5pGX9dDdA,Gilo & Alex,2310,129306,40
2026-01-24,UCUbwQOAmLdZ9zPOOPFt25zQ,YanNick TECH,66500,16829656,1308
2026-01-24,UCUT9pQQGw4ZEpv5hqrv-bZw,TonyTech,89100,11600598,728
2026-01-24,UCdqC1GnhKs3aQw6j62uOvUw,Mister Perrier,57100,5073316,364
2026-01-24,UCc7giV0qHsCNbhjV3_ZJ22w,Paul - Nakryum,107000,14761357,579
2026-01-24,UCf-DN6QjyyEbhuMWCoXdXQQ,Phonandroid,144000,26461197,840
2026-01-24,UC_FckuJiPXwA_nOEIoTsRZg,Fabien captain virtuality,12800,1785912,179
2026-01-24,UCagQpz-WZtgbSp8Ry0XQ4Yw,Victor,2850,199213,47
2026-01-24,UCs7Jg5KBsgiova4CrseuwIw,TheGrandTest,324000,45049165,1873
2026-01-24,UCrwtkeoBxPfhyde5eesmvyA,CieloTech,11800,12456342,210
2026-01-24,UC69gruQfEHEQ4Qme0liJOdw,Ludo Tech,1720,755922,186
2026-01-24,UCJLKCYMkCbOW9wzmeUj8dwQ,MEHDI’N TECH,59600,3223573,132
2026-01-24,UCAOjk3Po21_t7L1MDHQ4-Og,FNK Hardware,249000,43066650,1232
2026-01-24,UC6jfhJWEAfako0XlKnA2UGQ,Timena TechGeek,64000,11416382,1013
2026-01-24,UCpSRz-eAoiSW5kaHpI_3LjA,JOLI TECH,16,13297,453
2026-01-24,UCpFq62uOig4n9jT3luIYUDQ,VZX,22900,9414260,143
2026-01-24,UCbwE_k9zALnzZRvkoyDhuzw,Jojo Le Geek,165000,25183620,590
2026-01-24,UCQSA6pCffm7epqxFqouL0Xg,Mathis et Gauthier,191000,32940154,434
2026-01-24,UCrAiXFptzDmgQA6gUCOz9RQ,Meta Perso,14700,1085806,49
2026-01-24,UCr7ZVUNJ9KyYD92xqfinGsQ,Jimtek,15900,1340251,132
2026-01-24,UCHGvOgxAA_MFOH1yyhjcR-Q,ArtBen,326000,38115858,266
2026-01-24,UCOCoKBUmALR6d7UW_s5zgrA,Arnaud C.,105000,6851344,303
2026-01-24,UCHJb6-VCrzQqVQASN23OskQ,Jigfio Ti Super,19000,925369,67
2026-01-24,UCTER7XOnDvSRbI2YxikLaVw,RTBF iXPé,258000,90108785,2416
2026-01-24,UCIaNSaws_Wv_eoUAmDbUK-Q,MT High Tech Deal's,2820,245804,71
2026-01-24,UC3-dl8nKItitMxM9DNTDAfQ,Kang et ses PC,104000,25804016,137
2026-01-24,UCNWE4ouC-BxzJ-Lomuuqb1Q,Isma(ël),4240,293830,43
2026-01-24,UC70eSjnRIGvRLCzT6K0SQSg,Device FR,1860,663199,833
2026-01-24,UCrHCRJPuJJcINMMEETEYt4g,Petit Comparateur,16000,5669821,729
2026-01-24,UCz6PEeVLG1TL6jMRTvSLm4g,Matt Talks Tech,778000,106873893,1481
2026-01-24,UCMc7IaTDRDtxftK9v0aXVqA,Yada 2.0,111000,16509185,203
2026-01-24,UCU_a5aoj_HzTMohx0JG_Z4A,GUILLAUME++,100000,9641251,297
2026-01-24,UCDY3WI0HqdzNADtE6B-BmUw,MrG Tech,185000,28684781,579
2026-01-24,UCOaX4zvPzmv0eBbUWOOOB_A,TopAchat,101000,18437930,684
2026-01-24,UCA25ZdZZF5XE6ihPE5pwfnw,Materiel.net,31700,12701847,574
2026-01-24,UCchpwieM3DswmDEnJ0MRq1A,Romain Lanéry,1050000,204582809,1662
2026-01-24,UCR3uoYsbRO_S0wg2DaSlb8g,Wondershare Français,98400,15614542,1296
2026-01-24,UCPP-NkzSqMJ9ywhJkcgrpAw,Tech_Sama,213000,29248726,754
2026-01-24,UCOm_kuKVb4ImX_DHpIgX_zg,Skinn's Tech Deals,1920,69195,17
2026-01-24,UCURjynFkZicGPbIIaWO9vmQ,Benji TV,60600,14363679,250
2026-01-25,UCm3QK_QNta9Mue2Q70gtzVw,Android plus,2650,453086,424
2026-01-25,UCkS6jlQ4RJTCdkzVCU2-FSQ,GeekEtc,21500,6182417,638
2026-01-25,UCGjKSSIpN7aYQluu04kPrsA,Brandon Le Proktor,307000,43363861,401
2026-01-25,UCYmw-Y8TnRzO4COTBKEgUGg,Les Dénicheurs,20500,5774070,2950
2026-01-25,UC7XxmEXw7wXgh259vYCSjkQ,Cmonavis 2,10100,1234318,205
2026-01-25,UCZsEJw8rwd0RWAga5dulOpg,Bon Plan High Tech,13600,4547055,343
2026-01-25,UCOyUCj6Wx9skJggzZFUDZyA,Unlock Talk,20100,2334507,356
2026-01-25,UCuDNiVxL-Zfw0CBVQ4oOr8w,DealSmart FR,191,28047,23
2026-01-25,UCJy0lX8ThZ7lCtst7JnegWQ,Jojol,2690000,610099098,2112
2026-01-25,UCBOGe_x7aqQV4Ly5Rfa4iow,Les Tests de Cyril,30700,2581979,451
2026-01-25,UCe7R7Pt-bxNT7EE83NLsmFQ,Avis Express - Testeur High-Tech,272000,57633968,1697
2026-01-25,UC2lMzO7HzJ_jamFT762vfwA,Jon Rettinger en Français,319,54309,30
2026-01-25,UCZEdNvDcHUPEE7CDRpXnO6w,Cyril | Ctrl Bu,5880,815137,154
2026-01-25,UC-pdFydi9ooxEfATh3KoiIw,STEVEN,1100000,196468487,1507
2026-01-25,UCoJ4gzwVvGNH5GNqiJoQAAA,Alex Reframe,131000,25009358,645
2026-01-25,UCC5xS4j2xUyGO2UfjFh5LsQ,Nooz,14100,2594806,606
2026-01-25,UCxpT79bmhxk50l8P50WG86w,Discoverdex,77600,23883442,471
2026-01-25,UC1wV5Kf18gVbL3bWH-tWKDw,Cmonavis,62100,12414231,649
2026-01-25,UCDfGCQqgOKPYeiaG3I4vl4w,Marty,109000,22397931,876
2026-01-25,UC4q3HKdMqzll3SvA2Lf7oAg,Thomas in Tech,71900,21099146,945
2026-01-25,UCTmHRe6W96WgYlUNxcokpVQ,Fitfitzone,1230,159342,18
2026-01-25,UCaybrunQi8xWgPMgv1AYBHw,TheiCollection,1000000,219061972,1282
2026-01-25,UCqRSWOqkW_oelrdUN7KQ-aQ,Les Numériques,154000,64144498,3028
2026-01-25,UC_dzE9mydhQuQ0NwmXByDtA,André Martin,386000,55221102,975
2026-01-25,UCZ5qxuvquQABNtjcawNMowA,DaddyFamtech,117000,13227612,1400
2026-01-25,UCfLyhjpn3hzleNtgTGOQimA,Romain PIAUD,31400,7500472,577
2026-01-25,UC1N4EIilrmXhTEdu3h7tpPg,iPhone page ,1000,173902,253
2026-01-25,UCFrfK9IFqO15S7C52DdnSog,GIGATOP,42900,15078774,1072
2026-01-25,UCljgvfi_NnUrNJVHp_HGHwA,Bazar de Léo - TechMaker,72000,25491366,112
2026-01-25,UCBqYyDusSFntU7k2UnFGsBA,Giga Content,24700,5061752,792
2026-01-25,UCiR9chjo9kIFMsCXgspFxqg,Braindegeek,74300,46782267,789
2026-01-25,UCNOUTy_TWRJzAaSfIGserkg,Nowtech Replay (Le Mug Nowtech),5390,801948,502
2026-01-25,UCXJ_vW2t0W5hY9hS8ePnpzw,Back Market France,21900,159986941,191
2026-01-25,UCPQsSFJurluaMOG1qL0Y7sA,PP World,447000,77375788,1030
2026-01-25,UCaHolOYkfcTdC0vTFAywzXw,LoKan Sardari,87500,18170558,975
2026-01-25,UCflWJq4cTuofmM-0G-GMUNQ,conseilguide,19200,6661412,1280
2026-01-25,UCQigF3tZJJlt6o1_tkYKkNQ,KAPPA Studio,228000,56975100,124
2026-01-25,UCSYFVeBI66YqDhGrYKxiCUQ,Georges,1120,108169,37
2026-01-25,UCCUlTcDhcn72O8TiNfFJWWA,GLG video (JT Geek),68700,20220582,3330
2026-01-25,UCu6HC8ahaPWqqfSvic7nWyQ,Nightech,138000,33174421,509
2026-01-25,UCrsiHZzr4IjuSjnvPy5rVUQ,Daddy Dtech,114000,12089585,402
2026-01-25,UCGMxP4yf3ixAAEKQc3d76gw,Arnaud,6150,1773390,138
2026-01-25,UCQZa27_VXLUowoMsYo6Y0Dw,bazze tv,22500,3098247,259
2026-01-25,UCwsQtHFlS-LKVn8xJ3TaupQ,Monsieur Pixel,9140,1181955,218
2026-01-25,UCTOAKgwfqqCbOytF3RNGGVw,Monsieur GRrr,722000,146897617,1975
2026-01-25,UCA_DfRJwb5U0S4UiiH3BtUg,Jérémy Dufour,77200,13352730,979
2026-01-25,UCrSCIeCW1YuEviVZPVhEfGQ,Dorian GM,29400,5759434,268
2026-01-25,UCQsb5TqYUeGWGpJFr8DMWsQ,ANONIMAL,613000,71228631,296
2026-01-25,UCgjhIdz3Uw9r-eMyML9M8FA,PIKATE,11600,1189207,117
2026-01-25,UC6joDErOGcFJC1vHNSfsYQg,01net,136000,48031982,1804
2026-01-25,UCrwtkeoBxPfhyde5eesmvyA,CieloTech,11800,12519007,211
2026-01-25,UCDBYphtxNDXGQe5eyHYZ6Fw,GUILLAUME,497000,65621194,878
2026-01-25,UCuE3ei3NOnVjQUefjHUCF5Q,DiscoverID,377000,51777097,529
2026-01-25,UCUclUivgBePqnqDGQ3Jzu2Q,TOUKIWANTI,124000,21570994,842
2026-01-25,UCc7giV0qHsCNbhjV3_ZJ22w,Paul - Nakryum,107000,14909560,579
2026-01-25,UCUD3E77YRTGK3yPSDB6Kq5Q,Monsport06,193000,13118543,506
2026-01-25,UCUltPy138RvnbWX_FuUHtDA,MT High-Tech,22000,2896267,314
2026-01-25,UCQvNFAufGf8mtN2_L8thysg,Journal du Geek,66000,31588831,2488
2026-01-25,UCzICpbabqKwBTpb9XlWerjA,PassTech TV,681,127206,14
2026-01-25,UCssuk5-zaZn9vt0_HNj-Hug,VERBOZZ,473000,60467770,284
2026-01-25,UCfbwndxvM8tOtxN_GqU1R3Q,Lorenzo-high-tech,28900,4426449,941
2026-01-25,UCUanZckNyJODHBdqtMzYMpA,ORLM.tv / On refait le Mac,54800,13166481,1448
2026-01-25,UCRI5foOTNz6DuVz3SVQ1cMA,Tao Gassin,13300,1069123,53
2026-01-25,UCB0ffaItcXwkgbVu8Hvq3Tw,QUENTIN,224000,43315416,1302
2026-01-25,UCJ3MlRSjtv2sT-rIDsFg0fw,Sam_VNR,4640,273800,58
2026-01-25,UCM6kUx3GI7lTQlqMBiumaEg,technofou,43400,1923094,90
2026-01-25,UCUT9pQQGw4ZEpv5hqrv-bZw,TonyTech,89100,11607940,729
2026-01-25,UC65OszX3C9oYfNLU5AWjwYg,Aaron,2960,294579,32
2026-01-25,UClQPWod8Gjgw7i51t7PYibQ, Sélection Futée,2190,183086,369
2026-01-25,UCEPqgSzHj7vlJj5pGX9dDdA,Gilo & Alex,2310,129417,40
2026-01-25,UCdqC1GnhKs3aQw6j62uOvUw,Mister Perrier,57100,5073572,364
2026-01-25,UCJPa4sr9B_mLjShfHhWi8yg,TECnaiche,13400,4606342,403
2026-01-25,UCagQpz-WZtgbSp8Ry0XQ4Yw,Victor,2850,199862,48
2026-01-25,UCa8Leo9o5Nnb-Cc1sWfT2HQ,MobileAddict,300000,44018607,419
2026-01-25,UCf-DN6QjyyEbhuMWCoXdXQQ,Phonandroid,144000,26463398,840
2026-01-25,UC69qClfvKeB9WeyySg5iQrQ,Yohann Studio,4250,2256367,317
2026-01-25,UCUbwQOAmLdZ9zPOOPFt25zQ,YanNick TECH,66600,16856871,1309
2026-01-25,UCySZIa8Y4e6aSVg4CISXAOA,Mathieu Dos Santos,24100,4056750,1093
2026-01-25,UC0AFqXyYs1z2Dxx5jtQBicQ,SkinnZer,44600,3618339,287
2026-01-25,UCOtM8pxxBIfwqu6e8mHgUEQ,TheiMika,12800,3580932,121
2026-01-25,UCs7Jg5KBsgiova4CrseuwIw,TheGrandTest,324000,45055906,1873
2026-01-25,UCU8_onYYhNxwGUB3hA34C4Q,FrenchHardware,838000,166828823,937
2026-01-25,UCX4A8obrGg1iX37R-fyBJ6w,Monde Tech,685,128886,113
2026-01-25,UCtPzJInyqqt__Tn0EaUlaAw,Science Gaming,407000,382080029,1283
2026-01-25,UC_FckuJiPXwA_nOEIoTsRZg,Fabien captain virtuality,12800,1786523,179
2026-01-25,UCMWAxO0xGJxELkiX5_pEJNA,Pannacophone - Smartphone & Tech ,91100,11455210,137
2026-01-25,UCpaI1FRY8EGK6mEAL7Wfr9w,Yosheez,130000,58421022,847
2026-01-25,UClnRNkdVq24iwIbc1O-hjlw,Yensing,20900,1256712,19
2026-01-25,UCJ4p_F-vCnEn5V5OtFN8Q3w,FrenchMakito,32500,3538087,96
2026-01-25,UCVrceZhsV6TRyVh3VhBFaKA,MOBICLICK,2040,1038061,187
2026-01-25,UC2HXhqg87yIWz152Ig9vkaQ,Tout Techno,31800,6972738,236
2026-01-25,UCB32y6dm508Hap4_Mn-ZnHQ,Presse-citron,91000,25655152,1428
2026-01-25,UCwZsbPUXohCN867pQzioGLw,Nicolas Barbet,15400,5664516,350
2026-01-25,UCP5-zNhWXk_LUPIJpxtrTnQ,Cowcotland,52600,23488379,4256
2026-01-25,UCR-4Ge4NbqILG5HTTvs_nFQ,Lysandre_lbd,12000,5314445,312
2026-01-25,UC5HtcZa4-moyfy6NTY7GHwA,TECHNO 24,467,192829,543
2026-01-25,UC1WIj7YGywcVoRLS0zZu2RQ,TechDams,5330,1703213,22
2026-01-25,UCb0sWM7tMRaEgn_hpptqnxA,Mon iPad & Moi,641,36537,28
2026-01-25,UCNzUonmxxvG-HIqOC3S7Thw,VAC - Vulgarisateur Apple et compagnie,76400,1512625,228
2026-01-25,UC7rdUip5Q8R7Ki1haNbdwwg,SoloTech,253000,35166143,613
2026-01-25,UC69gruQfEHEQ4Qme0liJOdw,Ludo Tech,1730,758177,186
2026-01-25,UCTER7XOnDvSRbI2YxikLaVw,RTBF iXPé,259000,90245993,2418
2026-01-25,UC6jfhJWEAfako0XlKnA2UGQ,Timena TechGeek,64100,11418900,1013
2026-01-25,UCU_a5aoj_HzTMohx0JG_Z4A,GUILLAUME++,100000,9644411,297
2026-01-25,UCrHCRJPuJJcINMMEETEYt4g,Petit Comparateur,16000,5673168,729
2026-01-25,UCQSA6pCffm7epqxFqouL0Xg,Mathis et Gauthier,192000,32956364,435
2026-01-25,UCPP-NkzSqMJ9ywhJkcgrpAw,Tech_Sama,213000,29254077,754
2026-01-25,UCR3uoYsbRO_S0wg2DaSlb8g,Wondershare Français,98400,15629692,1296
2026-01-25,UCURjynFkZicGPbIIaWO9vmQ,Benji TV,60600,14372609,250
2026-01-25,UCMc7IaTDRDtxftK9v0aXVqA,Yada 2.0,111000,16516356,203
2026-01-25,UCOaX4zvPzmv0eBbUWOOOB_A,TopAchat,101000,18458429,684
2026-01-25,UCDY3WI0HqdzNADtE6B-BmUw,MrG Tech,185000,28693926,579
2026-01-25,UC3-dl8nKItitMxM9DNTDAfQ,Kang et ses PC,104000,25824735,138
2026-01-25,UCbwE_k9zALnzZRvkoyDhuzw,Jojo Le Geek,165000,25188186,590
2026-01-25,UCr7ZVUNJ9KyYD92xqfinGsQ,Jimtek,16000,1342152,132
2026-01-25,UC70eSjnRIGvRLCzT6K0SQSg,Device FR,1870,665597,836
2026-01-25,UCNWE4ouC-BxzJ-Lomuuqb1Q,Isma(ël),4250,294721,43
2026-01-25,UCAOjk3Po21_t7L1MDHQ4-Og,FNK Hardware,249000,43079061,1232
2026-01-25,UCA25ZdZZF5XE6ihPE5pwfnw,Materiel.net,31700,12710872,574
2026-01-25,UCz6PEeVLG1TL6jMRTvSLm4g,Matt Talks Tech,779000,106920332,1483
2026-01-25,UCpFq62uOig4n9jT3luIYUDQ,VZX,22900,9420668,143
2026-01-25,UCJLKCYMkCbOW9wzmeUj8dwQ,MEHDI’N TECH,59600,3224624,132
2026-01-25,UCIaNSaws_Wv_eoUAmDbUK-Q,MT High Tech Deal's,2820,245836,71
2026-01-25,UCOCoKBUmALR6d7UW_s5zgrA,Arnaud C.,105000,6855043,304
2026-01-25,UCrAiXFptzDmgQA6gUCOz9RQ,Meta Perso,14700,1086202,49
2026-01-25,UCchpwieM3DswmDEnJ0MRq1A,Romain Lanéry,1050000,204671411,1662
2026-01-25,UCHGvOgxAA_MFOH1yyhjcR-Q,ArtBen,326000,38123760,266
2026-01-25,UCHJb6-VCrzQqVQASN23OskQ,Jigfio Ti Super,19000,925933,68
2026-01-25,UCOm_kuKVb4ImX_DHpIgX_zg,Skinn's Tech Deals,1930,69266,17
2026-01-25,UCpSRz-eAoiSW5kaHpI_3LjA,JOLI TECH,16,13494,459
2026-01-26,UCaHolOYkfcTdC0vTFAywzXw,LoKan Sardari,87500,18183654,975
2026-01-26,UCljgvfi_NnUrNJVHp_HGHwA,Bazar de Léo - TechMaker,72000,25491860,112
2026-01-26,UCJy0lX8ThZ7lCtst7JnegWQ,Jojol,2690000,610191677,2113
2026-01-26,UCTmHRe6W96WgYlUNxcokpVQ,Fitfitzone,1230,160175,18
2026-01-26,UCiR9chjo9kIFMsCXgspFxqg,Braindegeek,74300,46838848,790
2026-01-26,UCSYFVeBI66YqDhGrYKxiCUQ,Georges,1130,109126,37
2026-01-26,UCwsQtHFlS-LKVn8xJ3TaupQ,Monsieur Pixel,9240,1185509,219
2026-01-26,UCgjhIdz3Uw9r-eMyML9M8FA,PIKATE,11700,1191750,117
2026-01-26,UC1N4EIilrmXhTEdu3h7tpPg,iPhone page ,1000,174287,253
2026-01-26,UC7XxmEXw7wXgh259vYCSjkQ,Cmonavis 2,10100,1236275,206
2026-01-26,UCZ5qxuvquQABNtjcawNMowA,DaddyFamtech,117000,13241874,1401
2026-01-26,UCaybrunQi8xWgPMgv1AYBHw,TheiCollection,1000000,219095634,1282
2026-01-26,UCuDNiVxL-Zfw0CBVQ4oOr8w,DealSmart FR,191,28107,23
2026-01-26,UCflWJq4cTuofmM-0G-GMUNQ,conseilguide,19200,6664427,1280
2026-01-26,UCQigF3tZJJlt6o1_tkYKkNQ,KAPPA Studio,229000,57035323,124
2026-01-26,UC2lMzO7HzJ_jamFT762vfwA,Jon Rettinger en Français,319,54777,30
2026-01-26,UCFrfK9IFqO15S7C52DdnSog,GIGATOP,42900,15093347,1072
2026-01-26,UCqRSWOqkW_oelrdUN7KQ-aQ,Les Numériques,154000,64158585,3028
2026-01-26,UCoJ4gzwVvGNH5GNqiJoQAAA,Alex Reframe,131000,25011159,645
2026-01-26,UCYmw-Y8TnRzO4COTBKEgUGg,Les Dénicheurs,20500,5781275,2952
2026-01-26,UCGjKSSIpN7aYQluu04kPrsA,Brandon Le Proktor,307000,43500647,401
2026-01-26,UCQsb5TqYUeGWGpJFr8DMWsQ,ANONIMAL,613000,71230373,296
2026-01-26,UCm3QK_QNta9Mue2Q70gtzVw,Android plus,2650,453314,425
2026-01-26,UCrsiHZzr4IjuSjnvPy5rVUQ,Daddy Dtech,114000,12100494,402
2026-01-26,UCOyUCj6Wx9skJggzZFUDZyA,Unlock Talk,20100,2338879,357
2026-01-26,UCBOGe_x7aqQV4Ly5Rfa4iow,Les Tests de Cyril,30700,2583994,452
2026-01-26,UCu6HC8ahaPWqqfSvic7nWyQ,Nightech,138000,33222495,510
2026-01-26,UC6joDErOGcFJC1vHNSfsYQg,01net,136000,48040567,1805
2026-01-26,UCCUlTcDhcn72O8TiNfFJWWA,GLG video (JT Geek),68800,20226969,3332
2026-01-26,UCNOUTy_TWRJzAaSfIGserkg,Nowtech Replay (Le Mug Nowtech),5390,802128,502
2026-01-26,UCPQsSFJurluaMOG1qL0Y7sA,PP World,447000,77417139,1031
2026-01-26,UCrSCIeCW1YuEviVZPVhEfGQ,Dorian GM,29400,5773469,268
2026-01-26,UC-pdFydi9ooxEfATh3KoiIw,STEVEN,1100000,196486063,1507
2026-01-26,UCC5xS4j2xUyGO2UfjFh5LsQ,Nooz,14100,2597841,607
2026-01-26,UC4q3HKdMqzll3SvA2Lf7oAg,Thomas in Tech,71900,21114204,946
2026-01-26,UCGMxP4yf3ixAAEKQc3d76gw,Arnaud,6160,1774818,138
2026-01-26,UCkS6jlQ4RJTCdkzVCU2-FSQ,GeekEtc,21500,6192450,639
2026-01-26,UCQZa27_VXLUowoMsYo6Y0Dw,bazze tv,22500,3103342,260
2026-01-26,UC1wV5Kf18gVbL3bWH-tWKDw,Cmonavis,62100,12420678,649
2026-01-26,UC_dzE9mydhQuQ0NwmXByDtA,André Martin,386000,55266147,975
2026-01-26,UCxpT79bmhxk50l8P50WG86w,Discoverdex,77600,23895984,471
2026-01-26,UCXJ_vW2t0W5hY9hS8ePnpzw,Back Market France,21900,160089153,191
2026-01-26,UCfLyhjpn3hzleNtgTGOQimA,Romain PIAUD,31400,7514680,578
2026-01-26,UCA_DfRJwb5U0S4UiiH3BtUg,Jérémy Dufour,77300,13492913,980
2026-01-26,UCTOAKgwfqqCbOytF3RNGGVw,Monsieur GRrr,723000,146955228,1977
2026-01-26,UCDfGCQqgOKPYeiaG3I4vl4w,Marty,109000,22402818,876
2026-01-26,UCBqYyDusSFntU7k2UnFGsBA,Giga Content,24700,5069082,794
2026-01-26,UCZsEJw8rwd0RWAga5dulOpg,Bon Plan High Tech,13600,4548596,343
2026-01-26,UCZEdNvDcHUPEE7CDRpXnO6w,Cyril | Ctrl Bu,5880,817044,154
2026-01-26,UCe7R7Pt-bxNT7EE83NLsmFQ,Avis Express - Testeur High-Tech,272000,57647112,1697
2026-01-26,UCb0sWM7tMRaEgn_hpptqnxA,Mon iPad & Moi,647,36710,28
2026-01-26,UCtPzJInyqqt__Tn0EaUlaAw,Science Gaming,407000,382855807,1285
2026-01-26,UCpaI1FRY8EGK6mEAL7Wfr9w,Yosheez,130000,58440945,847
2026-01-26,UCssuk5-zaZn9vt0_HNj-Hug,VERBOZZ,473000,60487100,284
2026-01-26,UCVrceZhsV6TRyVh3VhBFaKA,MOBICLICK,2040,1074248,187
2026-01-26,UCB0ffaItcXwkgbVu8Hvq3Tw,QUENTIN,224000,43319018,1302
2026-01-26,UCs7Jg5KBsgiova4CrseuwIw,TheGrandTest,324000,45063225,1873
2026-01-26,UCQvNFAufGf8mtN2_L8thysg,Journal du Geek,66000,31593342,2488
2026-01-26,UCOtM8pxxBIfwqu6e8mHgUEQ,TheiMika,12800,3581343,121
2026-01-26,UCNzUonmxxvG-HIqOC3S7Thw,VAC - Vulgarisateur Apple et compagnie,76500,1514944,228
2026-01-26,UCUclUivgBePqnqDGQ3Jzu2Q,TOUKIWANTI,124000,21587097,843
2026-01-26,UC5HtcZa4-moyfy6NTY7GHwA,TECHNO 24,467,193477,543
2026-01-26,UCf-DN6QjyyEbhuMWCoXdXQQ,Phonandroid,144000,26465576,840
2026-01-26,UCfbwndxvM8tOtxN_GqU1R3Q,Lorenzo-high-tech,28900,4430354,941
2026-01-26,UCUbwQOAmLdZ9zPOOPFt25zQ,YanNick TECH,66600,16885361,1310
2026-01-26,UCagQpz-WZtgbSp8Ry0XQ4Yw,Victor,2890,201070,48
2026-01-26,UCUD3E77YRTGK3yPSDB6Kq5Q,Monsport06,193000,13122335,506
2026-01-26,UCB32y6dm508Hap4_Mn-ZnHQ,Presse-citron,91100,25660365,1428
2026-01-26,UClnRNkdVq24iwIbc1O-hjlw,Yensing,20900,1257955,19
2026-01-26,UCa8Leo9o5Nnb-Cc1sWfT2HQ,MobileAddict,300000,44024273,419
2026-01-26,UCUT9pQQGw4ZEpv5hqrv-bZw,TonyTech,89200,11614149,729
2026-01-26,UCUltPy138RvnbWX_FuUHtDA,MT High-Tech,22100,2897480,314
2026-01-26,UC69qClfvKeB9WeyySg5iQrQ,Yohann Studio,4250,2259156,317
2026-01-26,UCwZsbPUXohCN867pQzioGLw,Nicolas Barbet,15400,5668500,350
2026-01-26,UCU8_onYYhNxwGUB3hA34C4Q,FrenchHardware,838000,166958822,938
2026-01-26,UCJ4p_F-vCnEn5V5OtFN8Q3w,FrenchMakito,32500,3538927,96
2026-01-26,UCySZIa8Y4e6aSVg4CISXAOA,Mathieu Dos Santos,24100,4059277,1093
2026-01-26,UCEPqgSzHj7vlJj5pGX9dDdA,Gilo & Alex,2310,129536,40
2026-01-26,UCuE3ei3NOnVjQUefjHUCF5Q,DiscoverID,377000,51781424,529
2026-01-26,UCdqC1GnhKs3aQw6j62uOvUw,Mister Perrier,57100,5073856,364
2026-01-26,UCR-4Ge4NbqILG5HTTvs_nFQ,Lysandre_lbd,12000,5318553,313
2026-01-26,UCMWAxO0xGJxELkiX5_pEJNA,Pannacophone - Smartphone & Tech ,91200,11461056,137
2026-01-26,UCc7giV0qHsCNbhjV3_ZJ22w,Paul - Nakryum,107000,15041870,579
2026-01-26,UCJ3MlRSjtv2sT-rIDsFg0fw,Sam_VNR,4650,274954,59
2026-01-26,UCrwtkeoBxPfhyde5eesmvyA,CieloTech,11900,12647018,212
2026-01-26,UCRI5foOTNz6DuVz3SVQ1cMA,Tao Gassin,13400,1070907,53
2026-01-26,UC7rdUip5Q8R7Ki1haNbdwwg,SoloTech,253000,35168315,613
2026-01-26,UCUanZckNyJODHBdqtMzYMpA,ORLM.tv / On refait le Mac,54800,13172147,1450
2026-01-26,UC2HXhqg87yIWz152Ig9vkaQ,Tout Techno,31800,6982346,237
2026-01-26,UCzICpbabqKwBTpb9XlWerjA,PassTech TV,681,127214,14
2026-01-26,UCJPa4sr9B_mLjShfHhWi8yg,TECnaiche,13400,4610115,403
2026-01-26,UC1WIj7YGywcVoRLS0zZu2RQ,TechDams,5340,1706263,22
2026-01-26,UCP5-zNhWXk_LUPIJpxtrTnQ,Cowcotland,52600,23491744,4256
2026-01-26,UC0AFqXyYs1z2Dxx5jtQBicQ,SkinnZer,44600,3618696,287
2026-01-26,UCM6kUx3GI7lTQlqMBiumaEg,technofou,43400,1923217,90
2026-01-26,UC_FckuJiPXwA_nOEIoTsRZg,Fabien captain virtuality,12800,1787171,179
2026-01-26,UC65OszX3C9oYfNLU5AWjwYg,Aaron,2960,294894,32
2026-01-26,UCX4A8obrGg1iX37R-fyBJ6w,Monde Tech,685,129843,115
2026-01-26,UCDBYphtxNDXGQe5eyHYZ6Fw,GUILLAUME,497000,65637028,878
2026-01-26,UClQPWod8Gjgw7i51t7PYibQ, Sélection Futée,2190,183632,369
2026-01-26,UCPP-NkzSqMJ9ywhJkcgrpAw,Tech_Sama,213000,29259941,754
2026-01-26,UCOm_kuKVb4ImX_DHpIgX_zg,Skinn's Tech Deals,1940,69356,18
2026-01-26,UCDY3WI0HqdzNADtE6B-BmUw,MrG Tech,185000,28699262,579
2026-01-26,UCrHCRJPuJJcINMMEETEYt4g,Petit Comparateur,16000,5676729,729
2026-01-26,UCR3uoYsbRO_S0wg2DaSlb8g,Wondershare Français,98500,15644712,1296
2026-01-26,UCJLKCYMkCbOW9wzmeUj8dwQ,MEHDI’N TECH,59600,3225096,132
2026-01-26,UCz6PEeVLG1TL6jMRTvSLm4g,Matt Talks Tech,779000,106988497,1486
2026-01-26,UCpFq62uOig4n9jT3luIYUDQ,VZX,22900,9424739,143
2026-01-26,UCNWE4ouC-BxzJ-Lomuuqb1Q,Isma(ël),4310,295570,44
2026-01-26,UCQSA6pCffm7epqxFqouL0Xg,Mathis et Gauthier,192000,32980611,435
2026-01-26,UCA25ZdZZF5XE6ihPE5pwfnw,Materiel.net,31700,12719665,574
2026-01-26,UCMc7IaTDRDtxftK9v0aXVqA,Yada 2.0,111000,16523322,203
2026-01-26,UCpSRz-eAoiSW5kaHpI_3LjA,JOLI TECH,16,13709,465
2026-01-26,UC70eSjnRIGvRLCzT6K0SQSg,Device FR,1880,668109,840
2026-01-26,UC6jfhJWEAfako0XlKnA2UGQ,Timena TechGeek,64100,11421661,1013
2026-01-26,UCU_a5aoj_HzTMohx0JG_Z4A,GUILLAUME++,100000,9647524,297
2026-01-26,UCchpwieM3DswmDEnJ0MRq1A,Romain Lanéry,1050000,204809298,1664
2026-01-26,UCr7ZVUNJ9KyYD92xqfinGsQ,Jimtek,16000,1344374,132
2026-01-26,UCbwE_k9zALnzZRvkoyDhuzw,Jojo Le Geek,165000,25192717,590
2026-01-26,UC69gruQfEHEQ4Qme0liJOdw,Ludo Tech,1730,762172,186
2026-01-26,UCOaX4zvPzmv0eBbUWOOOB_A,TopAchat,101000,18476001,684
2026-01-26,UC3-dl8nKItitMxM9DNTDAfQ,Kang et ses PC,104000,25857360,138
2026-01-26,UCIaNSaws_Wv_eoUAmDbUK-Q,MT High Tech Deal's,2820,245870,71
2026-01-26,UCURjynFkZicGPbIIaWO9vmQ,Benji TV,60600,14381290,250
2026-01-26,UCTER7XOnDvSRbI2YxikLaVw,RTBF iXPé,259000,90339722,2421
2026-01-26,UCAOjk3Po21_t7L1MDHQ4-Og,FNK Hardware,249000,43087983,1233
2026-01-26,UCOCoKBUmALR6d7UW_s5zgrA,Arnaud C.,105000,6859422,304
2026-01-26,UCHGvOgxAA_MFOH1yyhjcR-Q,ArtBen,326000,38132652,266
2026-01-26,UCHJb6-VCrzQqVQASN23OskQ,Jigfio Ti Super,19100,933273,68
2026-01-26,UCrAiXFptzDmgQA6gUCOz9RQ,Meta Perso,14700,1086464,49
2026-01-27,UCm3QK_QNta9Mue2Q70gtzVw,Android plus,2650,453553,426
2026-01-27,UCGMxP4yf3ixAAEKQc3d76gw,Arnaud,6160,1776132,140
2026-01-27,UCkS6jlQ4RJTCdkzVCU2-FSQ,GeekEtc,21600,6201843,639
2026-01-27,UCZEdNvDcHUPEE7CDRpXnO6w,Cyril | Ctrl Bu,5890,818699,155
2026-01-27,UCTmHRe6W96WgYlUNxcokpVQ,Fitfitzone,1230,160619,18
2026-01-27,UC1wV5Kf18gVbL3bWH-tWKDw,Cmonavis,62100,12428127,650
2026-01-27,UC1N4EIilrmXhTEdu3h7tpPg,iPhone page ,1000,174678,255
2026-01-27,UCqRSWOqkW_oelrdUN7KQ-aQ,Les Numériques,154000,64171920,3028
2026-01-27,UC7XxmEXw7wXgh259vYCSjkQ,Cmonavis 2,10100,1238055,206
2026-01-27,UCaHolOYkfcTdC0vTFAywzXw,LoKan Sardari,87600,18195961,975
2026-01-27,UC4q3HKdMqzll3SvA2Lf7oAg,Thomas in Tech,72000,21126166,947
2026-01-27,UCZ5qxuvquQABNtjcawNMowA,DaddyFamtech,118000,13255753,1403
2026-01-27,UCxpT79bmhxk50l8P50WG86w,Discoverdex,77700,23907984,471
2026-01-27,UCljgvfi_NnUrNJVHp_HGHwA,Bazar de Léo - TechMaker,72000,25492256,112
2026-01-27,UCDfGCQqgOKPYeiaG3I4vl4w,Marty,109000,22407021,877
2026-01-27,UCQZa27_VXLUowoMsYo6Y0Dw,bazze tv,22500,3109361,260
2026-01-27,UCrSCIeCW1YuEviVZPVhEfGQ,Dorian GM,29400,5786233,268
2026-01-27,UCwsQtHFlS-LKVn8xJ3TaupQ,Monsieur Pixel,9300,1189384,219
2026-01-27,UCgjhIdz3Uw9r-eMyML9M8FA,PIKATE,11700,1193035,117
2026-01-27,UCC5xS4j2xUyGO2UfjFh5LsQ,Nooz,14100,2601246,608
2026-01-27,UC_dzE9mydhQuQ0NwmXByDtA,André Martin,386000,55308871,975
2026-01-27,UCXJ_vW2t0W5hY9hS8ePnpzw,Back Market France,21900,160193389,193
2026-01-27,UCflWJq4cTuofmM-0G-GMUNQ,conseilguide,19200,6667223,1280
2026-01-27,UCu6HC8ahaPWqqfSvic7nWyQ,Nightech,138000,33318463,510
2026-01-27,UCCUlTcDhcn72O8TiNfFJWWA,GLG video (JT Geek),68900,20231900,3333
2026-01-27,UCiR9chjo9kIFMsCXgspFxqg,Braindegeek,74400,46894594,791
2026-01-27,UCFrfK9IFqO15S7C52DdnSog,GIGATOP,42900,15106961,1074
2026-01-27,UCYmw-Y8TnRzO4COTBKEgUGg,Les Dénicheurs,20500,5788418,2954
2026-01-27,UCuDNiVxL-Zfw0CBVQ4oOr8w,DealSmart FR,192,28304,23
2026-01-27,UCrsiHZzr4IjuSjnvPy5rVUQ,Daddy Dtech,114000,12106912,403
2026-01-27,UCQsb5TqYUeGWGpJFr8DMWsQ,ANONIMAL,613000,71232045,296
2026-01-27,UCPQsSFJurluaMOG1qL0Y7sA,PP World,448000,77442352,1032
2026-01-27,UCaybrunQi8xWgPMgv1AYBHw,TheiCollection,1000000,219123879,1282
2026-01-27,UCTOAKgwfqqCbOytF3RNGGVw,Monsieur GRrr,723000,147012524,1978
2026-01-27,UC6joDErOGcFJC1vHNSfsYQg,01net,136000,48065797,1806
2026-01-27,UCOyUCj6Wx9skJggzZFUDZyA,Unlock Talk,20100,2343212,358
2026-01-27,UCe7R7Pt-bxNT7EE83NLsmFQ,Avis Express - Testeur High-Tech,272000,57658788,1697
2026-01-27,UC2lMzO7HzJ_jamFT762vfwA,Jon Rettinger en Français,319,55028,30
2026-01-27,UCNOUTy_TWRJzAaSfIGserkg,Nowtech Replay (Le Mug Nowtech),5390,802309,502
2026-01-27,UCJy0lX8ThZ7lCtst7JnegWQ,Jojol,2690000,610274208,2113
2026-01-27,UC-pdFydi9ooxEfATh3KoiIw,STEVEN,1100000,196500448,1507
2026-01-27,UCoJ4gzwVvGNH5GNqiJoQAAA,Alex Reframe,131000,25012868,645
2026-01-27,UCQigF3tZJJlt6o1_tkYKkNQ,KAPPA Studio,229000,57087426,124
2026-01-27,UCBqYyDusSFntU7k2UnFGsBA,Giga Content,24700,5076620,794
2026-01-27,UCSYFVeBI66YqDhGrYKxiCUQ,Georges,1140,109697,37
2026-01-27,UCfLyhjpn3hzleNtgTGOQimA,Romain PIAUD,31400,7524936,578
2026-01-27,UCA_DfRJwb5U0S4UiiH3BtUg,Jérémy Dufour,77300,13602340,981
2026-01-27,UCZsEJw8rwd0RWAga5dulOpg,Bon Plan High Tech,13600,4550445,343
2026-01-27,UCBOGe_x7aqQV4Ly5Rfa4iow,Les Tests de Cyril,30700,2585819,452
2026-01-27,UCGjKSSIpN7aYQluu04kPrsA,Brandon Le Proktor,307000,43601978,401
2026-01-27,UCuE3ei3NOnVjQUefjHUCF5Q,DiscoverID,377000,51785981,529
2026-01-27,UCJ3MlRSjtv2sT-rIDsFg0fw,Sam_VNR,4660,276120,59
2026-01-27,UCagQpz-WZtgbSp8Ry0XQ4Yw,Victor,2930,203268,48
2026-01-27,UCUT9pQQGw4ZEpv5hqrv-bZw,TonyTech,89400,11621751,729
2026-01-27,UCM6kUx3GI7lTQlqMBiumaEg,technofou,43400,1923354,90
2026-01-27,UC1WIj7YGywcVoRLS0zZu2RQ,TechDams,5340,1708624,22
2026-01-27,UCUD3E77YRTGK3yPSDB6Kq5Q,Monsport06,193000,13125698,506
2026-01-27,UCdqC1GnhKs3aQw6j62uOvUw,Mister Perrier,57100,5074146,364
2026-01-27,UClQPWod8Gjgw7i51t7PYibQ, Sélection Futée,2190,186208,369
2026-01-27,UC65OszX3C9oYfNLU5AWjwYg,Aaron,2960,295195,32
2026-01-27,UCa8Leo9o5Nnb-Cc1sWfT2HQ,MobileAddict,300000,44029453,419
2026-01-27,UCR-4Ge4NbqILG5HTTvs_nFQ,Lysandre_lbd,12000,5322443,313
2026-01-27,UCfbwndxvM8tOtxN_GqU1R3Q,Lorenzo-high-tech,29000,4433862,943
2026-01-27,UCB32y6dm508Hap4_Mn-ZnHQ,Presse-citron,91100,25666709,1429
2026-01-27,UC2HXhqg87yIWz152Ig9vkaQ,Tout Techno,31800,6991270,237
2026-01-27,UC0AFqXyYs1z2Dxx5jtQBicQ,SkinnZer,44600,3618973,287
2026-01-27,UCs7Jg5KBsgiova4CrseuwIw,TheGrandTest,324000,45070386,1873
2026-01-27,UCNzUonmxxvG-HIqOC3S7Thw,VAC - Vulgarisateur Apple et compagnie,76600,1516796,228
2026-01-27,UCc7giV0qHsCNbhjV3_ZJ22w,Paul - Nakryum,107000,15140113,580
2026-01-27,UClnRNkdVq24iwIbc1O-hjlw,Yensing,20900,1259230,19
2026-01-27,UCMWAxO0xGJxELkiX5_pEJNA,Pannacophone - Smartphone & Tech ,91200,11466364,137
2026-01-27,UCJ4p_F-vCnEn5V5OtFN8Q3w,FrenchMakito,32500,3539643,96
2026-01-27,UC_FckuJiPXwA_nOEIoTsRZg,Fabien captain virtuality,12800,1787782,179
2026-01-27,UCtPzJInyqqt__Tn0EaUlaAw,Science Gaming,407000,383309588,1286
2026-01-27,UCssuk5-zaZn9vt0_HNj-Hug,VERBOZZ,473000,60505165,284
2026-01-27,UCU8_onYYhNxwGUB3hA34C4Q,FrenchHardware,839000,167094503,940
2026-01-27,UCUbwQOAmLdZ9zPOOPFt25zQ,YanNick TECH,66700,16911645,1311
2026-01-27,UCrwtkeoBxPfhyde5eesmvyA,CieloTech,11900,12739209,212
2026-01-27,UCB0ffaItcXwkgbVu8Hvq3Tw,QUENTIN,224000,43322283,1302
2026-01-27,UCDBYphtxNDXGQe5eyHYZ6Fw,GUILLAUME,497000,65651115,878
2026-01-27,UCwZsbPUXohCN867pQzioGLw,Nicolas Barbet,15400,5671977,350
2026-01-27,UCX4A8obrGg1iX37R-fyBJ6w,Monde Tech,686,130441,116
2026-01-27,UCJPa4sr9B_mLjShfHhWi8yg,TECnaiche,13500,4613414,403
2026-01-27,UC7rdUip5Q8R7Ki1haNbdwwg,SoloTech,253000,35170366,613
2026-01-27,UCOtM8pxxBIfwqu6e8mHgUEQ,TheiMika,12800,3581715,121
2026-01-27,UCpaI1FRY8EGK6mEAL7Wfr9w,Yosheez,130000,58455160,848
2026-01-27,UCzICpbabqKwBTpb9XlWerjA,PassTech TV,681,127227,14
2026-01-27,UC5HtcZa4-moyfy6NTY7GHwA,TECHNO 24,469,194766,543
2026-01-27,UCySZIa8Y4e6aSVg4CISXAOA,Mathieu Dos Santos,24100,4060969,1095
2026-01-27,UCVrceZhsV6TRyVh3VhBFaKA,MOBICLICK,2050,1094834,187
2026-01-27,UCP5-zNhWXk_LUPIJpxtrTnQ,Cowcotland,52600,23495641,4257
2026-01-27,UCUclUivgBePqnqDGQ3Jzu2Q,TOUKIWANTI,124000,21603493,843
2026-01-27,UCEPqgSzHj7vlJj5pGX9dDdA,Gilo & Alex,2310,129654,40
2026-01-27,UCQvNFAufGf8mtN2_L8thysg,Journal du Geek,66000,31596547,2489
2026-01-27,UCRI5foOTNz6DuVz3SVQ1cMA,Tao Gassin,13400,1072686,53
2026-01-27,UCUanZckNyJODHBdqtMzYMpA,ORLM.tv / On refait le Mac,54800,13175938,1451
2026-01-27,UCUltPy138RvnbWX_FuUHtDA,MT High-Tech,22100,2898638,314
2026-01-27,UCf-DN6QjyyEbhuMWCoXdXQQ,Phonandroid,144000,26467806,840
2026-01-27,UC69qClfvKeB9WeyySg5iQrQ,Yohann Studio,4250,2260728,317
2026-01-27,UCb0sWM7tMRaEgn_hpptqnxA,Mon iPad & Moi,648,36905,28
2026-01-27,UCrAiXFptzDmgQA6gUCOz9RQ,Meta Perso,14700,1086718,49
2026-01-27,UCHGvOgxAA_MFOH1yyhjcR-Q,ArtBen,326000,38138945,266
2026-01-27,UCpSRz-eAoiSW5kaHpI_3LjA,JOLI TECH,16,13886,465
2026-01-27,UCpFq62uOig4n9jT3luIYUDQ,VZX,22900,9428463,143
2026-01-27,UCOm_kuKVb4ImX_DHpIgX_zg,Skinn's Tech Deals,1950,70705,18
2026-01-27,UC3-dl8nKItitMxM9DNTDAfQ,Kang et ses PC,105000,25882079,138
2026-01-27,UCrHCRJPuJJcINMMEETEYt4g,Le Petit Comparateur,16000,5680158,730
2026-01-27,UCr7ZVUNJ9KyYD92xqfinGsQ,Jimtek,16000,1346290,132
2026-01-27,UCOaX4zvPzmv0eBbUWOOOB_A,TopAchat,101000,18493629,685
2026-01-27,UCDY3WI0HqdzNADtE6B-BmUw,MrG Tech,185000,28701312,579
2026-01-27,UCJLKCYMkCbOW9wzmeUj8dwQ,MEHDI’N TECH,59600,3226750,132
2026-01-27,UCHJb6-VCrzQqVQASN23OskQ,Jigfio Ti Super,19100,934676,68
2026-01-27,UCMc7IaTDRDtxftK9v0aXVqA,Yada 2.0,111000,16529068,204
2026-01-27,UCR3uoYsbRO_S0wg2DaSlb8g,Wondershare Français,98500,15660633,1296
2026-01-27,UCAOjk3Po21_t7L1MDHQ4-Og,FNK Hardware,249000,43093870,1233
2026-01-27,UC69gruQfEHEQ4Qme0liJOdw,Ludo Tech,1740,764310,187
2026-01-27,UCU_a5aoj_HzTMohx0JG_Z4A,GUILLAUME++,101000,9650760,297
2026-01-27,UCTER7XOnDvSRbI2YxikLaVw,RTBF iXPé,259000,90503678,2423
2026-01-27,UCURjynFkZicGPbIIaWO9vmQ,Benji TV,60600,14388529,250
2026-01-27,UCOCoKBUmALR6d7UW_s5zgrA,Arnaud C.,105000,6865558,305
2026-01-27,UCbwE_k9zALnzZRvkoyDhuzw,Jojo Le Geek,165000,25196914,590
2026-01-27,UCNWE4ouC-BxzJ-Lomuuqb1Q,Isma(ël),4340,298370,44
2026-01-27,UCchpwieM3DswmDEnJ0MRq1A,Romain Lanéry,1050000,204913469,1665
2026-01-27,UCPP-NkzSqMJ9ywhJkcgrpAw,Tech_Sama,213000,29265186,754
2026-01-27,UCz6PEeVLG1TL6jMRTvSLm4g,Matt Talks Tech,779000,107112797,1488
2026-01-27,UC6jfhJWEAfako0XlKnA2UGQ,Timena TechGeek,64100,11424160,1013
2026-01-27,UCA25ZdZZF5XE6ihPE5pwfnw,Materiel.net,31700,12728642,574
2026-01-27,UCQSA6pCffm7epqxFqouL0Xg,Mathis et Gauthier,192000,32995301,436
2026-01-27,UCIaNSaws_Wv_eoUAmDbUK-Q,MT High Tech Deal's,2820,245900,71
2026-01-27,UC70eSjnRIGvRLCzT6K0SQSg,Device FR,1890,670711,844
2026-01-27,UCCM6zpvTcgXeNqLmQ9swugQ,Selectos Lifestyle,12900,4498896,196
2026-01-28,UCCUlTcDhcn72O8TiNfFJWWA,GLG video (JT Geek),69000,20236724,3335
2026-01-28,UCHJb6-VCrzQqVQASN23OskQ,Jigfio Ti Super,19100,935555,68
2026-01-28,UC0AFqXyYs1z2Dxx5jtQBicQ,SkinnZer,44600,3619239,287
2026-01-28,UCGMxP4yf3ixAAEKQc3d76gw,Arnaud,6170,1781924,141
2026-01-28,UCIaNSaws_Wv_eoUAmDbUK-Q,MT High Tech Deal's,2820,245925,71
2026-01-28,UC3-dl8nKItitMxM9DNTDAfQ,Kang et ses PC,105000,25901652,138
2026-01-28,UCA_DfRJwb5U0S4UiiH3BtUg,Jérémy Dufour,77300,13732702,981
2026-01-28,UCJ4p_F-vCnEn5V5OtFN8Q3w,FrenchMakito,32500,3540212,96
2026-01-28,UC69qClfvKeB9WeyySg5iQrQ,Yohann Studio,4250,2261833,317
2026-01-28,UCB32y6dm508Hap4_Mn-ZnHQ,Presse-citron,91100,25671522,1430
2026-01-28,UCCM6zpvTcgXeNqLmQ9swugQ,Selectos Lifestyle,12900,4500177,196
2026-01-28,UCA25ZdZZF5XE6ihPE5pwfnw,Materiel.net,31700,12739250,574
2026-01-28,UCJPa4sr9B_mLjShfHhWi8yg,TECnaiche,13500,4616604,403
2026-01-28,UC7XxmEXw7wXgh259vYCSjkQ,Cmonavis 2,10100,1239833,207
2026-01-28,UC6joDErOGcFJC1vHNSfsYQg,01net,136000,48111579,1808
2026-01-28,UCBqYyDusSFntU7k2UnFGsBA,Giga Content,24700,5083537,795
2026-01-28,UCM6kUx3GI7lTQlqMBiumaEg,technofou,43400,1923461,90
2026-01-28,UCHGvOgxAA_MFOH1yyhjcR-Q,ArtBen,326000,38143663,266
2026-01-28,UC65OszX3C9oYfNLU5AWjwYg,Aaron,2960,295494,32
2026-01-28,UCEPqgSzHj7vlJj5pGX9dDdA,Gilo & Alex,2310,129689,40
2026-01-28,UCNzUonmxxvG-HIqOC3S7Thw,VAC - Vulgarisateur Apple et compagnie,76700,1518406,228
2026-01-28,UC4q3HKdMqzll3SvA2Lf7oAg,Thomas in Tech,72000,21138190,947
2026-01-28,UC1wV5Kf18gVbL3bWH-tWKDw,Cmonavis,62100,12434317,650
2026-01-28,UCC5xS4j2xUyGO2UfjFh5LsQ,Nooz,14200,2604377,609
2026-01-28,UC2HXhqg87yIWz152Ig9vkaQ,Tout Techno,31800,6999780,238
2026-01-28,UCMc7IaTDRDtxftK9v0aXVqA,Yada 2.0,111000,16545172,204
2026-01-28,UCB0ffaItcXwkgbVu8Hvq3Tw,QUENTIN,224000,43325180,1302
2026-01-28,UC7rdUip5Q8R7Ki1haNbdwwg,SoloTech,253000,35172140,614
2026-01-28,UC69gruQfEHEQ4Qme0liJOdw,Ludo Tech,1750,767746,187
2026-01-28,UCAOjk3Po21_t7L1MDHQ4-Og,FNK Hardware,249000,43098216,1233
2026-01-28,UC-pdFydi9ooxEfATh3KoiIw,STEVEN,1100000,196511960,1507
2026-01-28,UCGjKSSIpN7aYQluu04kPrsA,Brandon Le Proktor,307000,43725675,401
2026-01-28,UCDY3WI0HqdzNADtE6B-BmUw,MrG Tech,185000,28703195,579
2026-01-28,UC1WIj7YGywcVoRLS0zZu2RQ,TechDams,5350,1710748,22
2026-01-28,UCDfGCQqgOKPYeiaG3I4vl4w,Marty,109000,22428610,878
2026-01-28,UCOCoKBUmALR6d7UW_s5zgrA,Arnaud C.,105000,6871633,305
2026-01-28,UC6jfhJWEAfako0XlKnA2UGQ,Timena TechGeek,64100,11426537,1013
2026-01-28,UCNWE4ouC-BxzJ-Lomuuqb1Q,Isma(ël),4360,299575,44
2026-01-28,UC1N4EIilrmXhTEdu3h7tpPg,iPhone page ,1000,175121,256
2026-01-28,UCJLKCYMkCbOW9wzmeUj8dwQ,MEHDI’N TECH,59600,3227677,132
2026-01-28,UCMWAxO0xGJxELkiX5_pEJNA,Pannacophone - Smartphone & Tech ,91200,11471051,137
2026-01-28,UCNOUTy_TWRJzAaSfIGserkg,Nowtech Replay (Le Mug Nowtech),5390,802911,503
2026-01-28,UCJy0lX8ThZ7lCtst7JnegWQ,Jojol,2690000,610335949,2113
2026-01-28,UCFrfK9IFqO15S7C52DdnSog,GIGATOP,43000,15121904,1075
2026-01-28,UCJ3MlRSjtv2sT-rIDsFg0fw,Sam_VNR,4670,277295,59
2026-01-28,UCBOGe_x7aqQV4Ly5Rfa4iow,Les Tests de Cyril,30700,2587634,452
2026-01-28,UC2lMzO7HzJ_jamFT762vfwA,Jon Rettinger en Français,320,55255,30
2026-01-28,UC5HtcZa4-moyfy6NTY7GHwA,TECHNO 24,470,195438,543
2026-01-28,UC70eSjnRIGvRLCzT6K0SQSg,Device FR,1890,673029,848
2026-01-28,UCDBYphtxNDXGQe5eyHYZ6Fw,GUILLAUME,497000,65664854,878
2026-01-28,UCc7giV0qHsCNbhjV3_ZJ22w,Paul - Nakryum,107000,15258244,580
2026-01-28,UCOtM8pxxBIfwqu6e8mHgUEQ,TheiMika,12800,3582073,121
2026-01-28,UCTmHRe6W96WgYlUNxcokpVQ,Fitfitzone,1230,161835,18
2026-01-28,UCaybrunQi8xWgPMgv1AYBHw,TheiCollection,1000000,219148568,1282
2026-01-28,UCdqC1GnhKs3aQw6j62uOvUw,Mister Perrier,57100,5074424,364
2026-01-28,UCa8Leo9o5Nnb-Cc1sWfT2HQ,MobileAddict,300000,44034481,419
2026-01-28,UCZ5qxuvquQABNtjcawNMowA,DaddyFamtech,118000,13269342,1403
2026-01-28,UCOaX4zvPzmv0eBbUWOOOB_A,TopAchat,101000,18526097,686
2026-01-28,UCPP-NkzSqMJ9ywhJkcgrpAw,Tech_Sama,213000,29270053,754
2026-01-28,UCf-DN6QjyyEbhuMWCoXdXQQ,Phonandroid,144000,26469936,840
2026-01-28,UC_FckuJiPXwA_nOEIoTsRZg,Fabien captain virtuality,12800,1788290,180
2026-01-28,UCVrceZhsV6TRyVh3VhBFaKA,MOBICLICK,2050,1095634,188
2026-01-28,UCRI5foOTNz6DuVz3SVQ1cMA,Tao Gassin,13400,1074333,53
2026-01-28,UCZEdNvDcHUPEE7CDRpXnO6w,Cyril | Ctrl Bu,5900,820896,155
2026-01-28,UCOm_kuKVb4ImX_DHpIgX_zg,Skinn's Tech Deals,1950,71230,18
2026-01-28,UCUclUivgBePqnqDGQ3Jzu2Q,TOUKIWANTI,124000,21617605,844
2026-01-28,UCQZa27_VXLUowoMsYo6Y0Dw,bazze tv,22600,3114148,261
2026-01-28,UCTOAKgwfqqCbOytF3RNGGVw,Monsieur GRrr,723000,147060911,1979
2026-01-28,UCR-4Ge4NbqILG5HTTvs_nFQ,Lysandre_lbd,12000,5324870,313
2026-01-28,UCX4A8obrGg1iX37R-fyBJ6w,Monde Tech,688,130981,117
2026-01-28,UCfbwndxvM8tOtxN_GqU1R3Q,Lorenzo-high-tech,29000,4438883,945
2026-01-28,UCTER7XOnDvSRbI2YxikLaVw,RTBF iXPé,259000,90608344,2425
2026-01-28,UCe7R7Pt-bxNT7EE83NLsmFQ,Avis Express - Testeur High-Tech,272000,57669332,1698
2026-01-28,UCUanZckNyJODHBdqtMzYMpA,ORLM.tv / On refait le Mac,54800,13179027,1452
2026-01-28,UCaHolOYkfcTdC0vTFAywzXw,LoKan Sardari,87600,18206734,975
2026-01-28,UCP5-zNhWXk_LUPIJpxtrTnQ,Cowcotland,52600,23498743,4257
2026-01-28,UCSYFVeBI66YqDhGrYKxiCUQ,Georges,1240,110222,38
2026-01-28,UCU8_onYYhNxwGUB3hA34C4Q,FrenchHardware,839000,167228837,941
2026-01-28,UCUD3E77YRTGK3yPSDB6Kq5Q,Monsport06,193000,13128718,506
2026-01-28,UCUbwQOAmLdZ9zPOOPFt25zQ,YanNick TECH,66700,16937680,1312
2026-01-28,UCQsb5TqYUeGWGpJFr8DMWsQ,ANONIMAL,613000,71233439,296
2026-01-28,UCfLyhjpn3hzleNtgTGOQimA,Romain PIAUD,31400,7533611,578
2026-01-28,UCURjynFkZicGPbIIaWO9vmQ,Benji TV,60600,14395630,251
2026-01-28,UCOyUCj6Wx9skJggzZFUDZyA,Unlock Talk,20100,2346735,359
2026-01-28,UCZsEJw8rwd0RWAga5dulOpg,Bon Plan High Tech,13600,4551984,343
2026-01-28,UC_dzE9mydhQuQ0NwmXByDtA,André Martin,386000,55350372,975
2026-01-28,UCXJ_vW2t0W5hY9hS8ePnpzw,Back Market France,21900,160302838,194
2026-01-28,UCUT9pQQGw4ZEpv5hqrv-bZw,TonyTech,89600,11626777,732
2026-01-28,UCPQsSFJurluaMOG1qL0Y7sA,PP World,448000,77479126,1032
2026-01-28,UCYmw-Y8TnRzO4COTBKEgUGg,Les Dénicheurs,20500,5794713,2956
2026-01-28,UCR3uoYsbRO_S0wg2DaSlb8g,Wondershare Français,98600,15675600,1296
2026-01-28,UCUltPy138RvnbWX_FuUHtDA,MT High-Tech,22100,2899835,314
2026-01-28,UCchpwieM3DswmDEnJ0MRq1A,Romain Lanéry,1050000,204989772,1666
2026-01-28,UCagQpz-WZtgbSp8Ry0XQ4Yw,Victor,2960,205477,48
2026-01-28,UCb0sWM7tMRaEgn_hpptqnxA,Mon iPad & Moi,650,36964,28
2026-01-28,UCQigF3tZJJlt6o1_tkYKkNQ,KAPPA Studio,229000,57130750,124
2026-01-28,UCbwE_k9zALnzZRvkoyDhuzw,Jojo Le Geek,165000,25200872,590
2026-01-28,UCQSA6pCffm7epqxFqouL0Xg,Mathis et Gauthier,192000,33047100,436
2026-01-28,UCU_a5aoj_HzTMohx0JG_Z4A,GUILLAUME++,101000,9653855,297
2026-01-28,UCQvNFAufGf8mtN2_L8thysg,Journal du Geek,66100,31603072,2490
2026-01-28,UCzICpbabqKwBTpb9XlWerjA,PassTech TV,681,127231,14
2026-01-28,UCuDNiVxL-Zfw0CBVQ4oOr8w,DealSmart FR,192,28358,23
2026-01-28,UCrSCIeCW1YuEviVZPVhEfGQ,Dorian GM,29500,5800746,268
2026-01-28,UCySZIa8Y4e6aSVg4CISXAOA,Mathieu Dos Santos,24200,4062370,1095
2026-01-28,UCiR9chjo9kIFMsCXgspFxqg,Braindegeek,74400,46952690,792
2026-01-28,UCxpT79bmhxk50l8P50WG86w,Discoverdex,77700,23919756,471
2026-01-28,UClnRNkdVq24iwIbc1O-hjlw,Yensing,20900,1260381,19
2026-01-28,UCqRSWOqkW_oelrdUN7KQ-aQ,Les Numériques,154000,64183840,3030
2026-01-28,UCrHCRJPuJJcINMMEETEYt4g,Le Petit Comparateur,16100,5683402,731
2026-01-28,UCgjhIdz3Uw9r-eMyML9M8FA,PIKATE,11700,1197221,118
2026-01-28,UCpaI1FRY8EGK6mEAL7Wfr9w,Yosheez,130000,58471054,849
2026-01-28,UCu6HC8ahaPWqqfSvic7nWyQ,Nightech,138000,33368122,510
2026-01-28,UCm3QK_QNta9Mue2Q70gtzVw,Android plus,2660,453735,426
2026-01-28,UCwsQtHFlS-LKVn8xJ3TaupQ,Monsieur Pixel,9350,1192781,219
2026-01-28,UCpSRz-eAoiSW5kaHpI_3LjA,JOLI TECH,16,14070,465
2026-01-28,UCwZsbPUXohCN867pQzioGLw,Nicolas Barbet,15500,5675276,350
2026-01-28,UCs7Jg5KBsgiova4CrseuwIw,TheGrandTest,324000,45076471,1873
2026-01-28,UCssuk5-zaZn9vt0_HNj-Hug,VERBOZZ,473000,60522213,284
2026-01-28,UCrwtkeoBxPfhyde5eesmvyA,CieloTech,11900,12796008,213
2026-01-28,UCtPzJInyqqt__Tn0EaUlaAw,Science Gaming,407000,383659866,1288
2026-01-28,UCpFq62uOig4n9jT3luIYUDQ,VZX,22900,9430667,144
2026-01-28,UCrsiHZzr4IjuSjnvPy5rVUQ,Daddy Dtech,114000,12117545,403
2026-01-28,UCuE3ei3NOnVjQUefjHUCF5Q,DiscoverID,377000,51790066,530
2026-01-28,UCz6PEeVLG1TL6jMRTvSLm4g,Matt Talks Tech,779000,107187018,1489
2026-01-28,UCr7ZVUNJ9KyYD92xqfinGsQ,Jimtek,16000,1349289,133
2026-01-28,UClQPWod8Gjgw7i51t7PYibQ, Sélection Futée,2200,187639,369
2026-01-28,UCoJ4gzwVvGNH5GNqiJoQAAA,Alex Reframe,131000,25014539,645
2026-01-28,UCflWJq4cTuofmM-0G-GMUNQ,conseilguide,19200,6669873,1280
2026-01-28,UCkS6jlQ4RJTCdkzVCU2-FSQ,GeekEtc,21600,6209603,639
2026-01-28,UCrAiXFptzDmgQA6gUCOz9RQ,Meta Perso,14700,1086946,49
2026-01-28,UCljgvfi_NnUrNJVHp_HGHwA,Bazar de Léo - TechMaker,72000,25492584,112
2026-01-29,UCBqYyDusSFntU7k2UnFGsBA,Giga Content,24700,5090721,797
2026-01-29,UCA25ZdZZF5XE6ihPE5pwfnw,Materiel.net,31700,12749125,574
2026-01-29,UCDfGCQqgOKPYeiaG3I4vl4w,Marty,109000,22452083,878
2026-01-29,UC2HXhqg87yIWz152Ig9vkaQ,Tout Techno,31900,7008104,239
2026-01-29,UC2lMzO7HzJ_jamFT762vfwA,Jon Rettinger en Français,319,55501,30
2026-01-29,UC69qClfvKeB9WeyySg5iQrQ,Yohann Studio,4250,2263111,317
2026-01-29,UC4q3HKdMqzll3SvA2Lf7oAg,Thomas in Tech,72100,21148849,948
2026-01-29,UC65OszX3C9oYfNLU5AWjwYg,Aaron,2960,295818,32
2026-01-29,UCOCoKBUmALR6d7UW_s5zgrA,Arnaud C.,105000,6875978,306
2026-01-29,UCC5xS4j2xUyGO2UfjFh5LsQ,Nooz,14200,2610819,609
2026-01-29,UCCUlTcDhcn72O8TiNfFJWWA,GLG video (JT Geek),69200,20239235,3337
2026-01-29,UC6joDErOGcFJC1vHNSfsYQg,01net,136000,48208023,1809
2026-01-29,UCEPqgSzHj7vlJj5pGX9dDdA,Gilo & Alex,2310,129849,40
2026-01-29,UCGMxP4yf3ixAAEKQc3d76gw,Arnaud,6180,1785595,142
2026-01-29,UC1wV5Kf18gVbL3bWH-tWKDw,Cmonavis,62200,12440724,651
2026-01-29,UC69gruQfEHEQ4Qme0liJOdw,Ludo Tech,1750,772146,189
2026-01-29,UCGjKSSIpN7aYQluu04kPrsA,Brandon Le Proktor,307000,43898218,402
2026-01-29,UCA_DfRJwb5U0S4UiiH3BtUg,Jérémy Dufour,77400,13912946,981
2026-01-29,UCMc7IaTDRDtxftK9v0aXVqA,Yada 2.0,111000,16557542,204
2026-01-29,UCDY3WI0HqdzNADtE6B-BmUw,MrG Tech,185000,28705040,579
2026-01-29,UC7rdUip5Q8R7Ki1haNbdwwg,SoloTech,253000,35180188,615
2026-01-29,UCHGvOgxAA_MFOH1yyhjcR-Q,ArtBen,326000,38148437,266
2026-01-29,UCNWE4ouC-BxzJ-Lomuuqb1Q,Isma(ël),4380,300615,44
2026-01-29,UCFrfK9IFqO15S7C52DdnSog,GIGATOP,43000,15134877,1078
2026-01-29,UCB0ffaItcXwkgbVu8Hvq3Tw,QUENTIN,224000,43328346,1302
2026-01-29,UCNzUonmxxvG-HIqOC3S7Thw,VAC - Vulgarisateur Apple et compagnie,76700,1519949,228
2026-01-29,UC3-dl8nKItitMxM9DNTDAfQ,Kang et ses PC,105000,25917807,139
2026-01-29,UCHJb6-VCrzQqVQASN23OskQ,Jigfio Ti Super,19100,936253,68
2026-01-29,UC5HtcZa4-moyfy6NTY7GHwA,TECHNO 24,470,196037,543
2026-01-29,UC-pdFydi9ooxEfATh3KoiIw,STEVEN,1100000,196523703,1507
2026-01-29,UCJLKCYMkCbOW9wzmeUj8dwQ,MEHDI’N TECH,59600,3228603,132
2026-01-29,UC70eSjnRIGvRLCzT6K0SQSg,Device FR,1900,675441,852
2026-01-29,UCJ4p_F-vCnEn5V5OtFN8Q3w,FrenchMakito,32500,3540978,96
2026-01-29,UCBOGe_x7aqQV4Ly5Rfa4iow,Les Tests de Cyril,30700,2589706,452
2026-01-29,UCAOjk3Po21_t7L1MDHQ4-Og,FNK Hardware,249000,43102308,1234
2026-01-29,UCIaNSaws_Wv_eoUAmDbUK-Q,MT High Tech Deal's,2820,245951,71
2026-01-29,UC1N4EIilrmXhTEdu3h7tpPg,iPhone page,1000,175800,256
2026-01-29,UC1WIj7YGywcVoRLS0zZu2RQ,TechDams,5350,1713496,22
2026-01-29,UCCM6zpvTcgXeNqLmQ9swugQ,Selectos Lifestyle,12900,4501469,196
2026-01-29,UCB32y6dm508Hap4_Mn-ZnHQ,Presse-citron,91100,25677168,1430
2026-01-29,UCJPa4sr9B_mLjShfHhWi8yg,TECnaiche,13500,4620079,403
2026-01-29,UC7XxmEXw7wXgh259vYCSjkQ,Cmonavis 2,10100,1241523,207
2026-01-29,UC6jfhJWEAfako0XlKnA2UGQ,Timena TechGeek,64100,11429074,1013
2026-01-29,UCJ3MlRSjtv2sT-rIDsFg0fw,Sam_VNR,4680,277619,59
2026-01-29,UC0AFqXyYs1z2Dxx5jtQBicQ,SkinnZer,44600,3619526,287
2026-01-29,UCMWAxO0xGJxELkiX5_pEJNA,Pannacophone - Smartphone & Tech,91200,11476137,137
2026-01-29,UCDBYphtxNDXGQe5eyHYZ6Fw,GUILLAUME,497000,65678657,878
2026-01-29,UCM6kUx3GI7lTQlqMBiumaEg,technofou,43400,1923584,90
2026-01-29,UCNOUTy_TWRJzAaSfIGserkg,Nowtech Replay (Le Mug Nowtech),5390,803247,502
2026-01-29,UCJy0lX8ThZ7lCtst7JnegWQ,Jojol,2690000,610398892,2113
2026-01-29,UCQSA6pCffm7epqxFqouL0Xg,Mathis et Gauthier,192000,33113386,436
2026-01-29,UCfLyhjpn3hzleNtgTGOQimA,Romain PIAUD,31500,7542184,579
2026-01-29,UCXJ_vW2t0W5hY9hS8ePnpzw,Back Market France,21900,160461456,194
2026-01-29,UCagQpz-WZtgbSp8Ry0XQ4Yw,Victor,2990,207388,48
2026-01-29,UCa8Leo9o5Nnb-Cc1sWfT2HQ,MobileAddict,300000,44039553,419
2026-01-29,UCf-DN6QjyyEbhuMWCoXdXQQ,Phonandroid,144000,26472081,840
2026-01-29,UCQigF3tZJJlt6o1_tkYKkNQ,KAPPA Studio,229000,57176691,124
2026-01-29,UCURjynFkZicGPbIIaWO9vmQ,Benji TV,60700,14405481,251
2026-01-29,UCSYFVeBI66YqDhGrYKxiCUQ,Georges,1500,123578,38
2026-01-29,UCchpwieM3DswmDEnJ0MRq1A,Romain Lanéry,1050000,205050271,1667
2026-01-29,UCTmHRe6W96WgYlUNxcokpVQ,Fitfitzone,1240,162677,18
2026-01-29,UCb0sWM7tMRaEgn_hpptqnxA,Mon iPad & Moi,654,37228,28
2026-01-29,UCZ5qxuvquQABNtjcawNMowA,DaddyFamtech,118000,13284909,1406
2026-01-29,UCUbwQOAmLdZ9zPOOPFt25zQ,YanNick TECH,66800,16963791,1313
2026-01-29,UCc7giV0qHsCNbhjV3_ZJ22w,Paul - Nakryum,107000,15428518,581
2026-01-29,UCP5-zNhWXk_LUPIJpxtrTnQ,Cowcotland,52600,23501069,4257
2026-01-29,UCUD3E77YRTGK3yPSDB6Kq5Q,Monsport06,193000,13131524,506
2026-01-29,UCTOAKgwfqqCbOytF3RNGGVw,Monsieur GRrr,723000,147096843,1979
2026-01-29,UCe7R7Pt-bxNT7EE83NLsmFQ,Avis Express - Testeur High-Tech,272000,57683296,1699
2026-01-29,UCOyUCj6Wx9skJggzZFUDZyA,Unlock Talk,20200,2350519,359
2026-01-29,UCfbwndxvM8tOtxN_GqU1R3Q,Lorenzo-high-tech,29000,4445811,945
2026-01-29,UCOaX4zvPzmv0eBbUWOOOB_A,TopAchat,101000,18553765,688
2026-01-29,UC_dzE9mydhQuQ0NwmXByDtA,André Martin,386000,55397798,975
2026-01-29,UCU_a5aoj_HzTMohx0JG_Z4A,GUILLAUME++,101000,9656794,297
2026-01-29,UCX4A8obrGg1iX37R-fyBJ6w,Monde Tech,688,131655,118
2026-01-29,UCPP-NkzSqMJ9ywhJkcgrpAw,Tech_Sama,213000,29275311,754
2026-01-29,UCPQsSFJurluaMOG1qL0Y7sA,PP World,448000,77498396,1033
2026-01-29,UCYmw-Y8TnRzO4COTBKEgUGg,Les Dénicheurs,20500,5800842,2958
2026-01-29,UCR3uoYsbRO_S0wg2DaSlb8g,Wondershare Français,98600,15691246,1296
2026-01-29,UCaybrunQi8xWgPMgv1AYBHw,TheiCollection,1000000,219171905,1283
2026-01-29,UCUT9pQQGw4ZEpv5hqrv-bZw,TonyTech,89800,11634219,732
2026-01-29,UCOtM8pxxBIfwqu6e8mHgUEQ,TheiMika,12800,3582450,121
2026-01-29,UCTER7XOnDvSRbI2YxikLaVw,RTBF iXPé,259000,90694213,2426
2026-01-29,UCQsb5TqYUeGWGpJFr8DMWsQ,ANONIMAL,613000,71235043,296
2026-01-29,UCQZa27_VXLUowoMsYo6Y0Dw,bazze tv,22600,3123254,262
2026-01-29,UCQvNFAufGf8mtN2_L8thysg,Journal du Geek,66100,31610396,2491
2026-01-29,UCbwE_k9zALnzZRvkoyDhuzw,Jojo Le Geek,165000,25206371,591
2026-01-29,UCUclUivgBePqnqDGQ3Jzu2Q,TOUKIWANTI,124000,21636261,844
2026-01-29,UCUltPy138RvnbWX_FuUHtDA,MT High-Tech,22100,2901023,314
2026-01-29,UCR-4Ge4NbqILG5HTTvs_nFQ,Lysandre_lbd,12000,5327834,314
2026-01-29,UCVrceZhsV6TRyVh3VhBFaKA,MOBICLICK,2060,1099977,188
2026-01-29,UCZsEJw8rwd0RWAga5dulOpg,Bon Plan High Tech,13600,4553618,343
2026-01-29,UCaHolOYkfcTdC0vTFAywzXw,LoKan Sardari,87600,18217001,976
2026-01-29,UCU8_onYYhNxwGUB3hA34C4Q,FrenchHardware,839000,167356520,942
2026-01-29,UCdqC1GnhKs3aQw6j62uOvUw,Mister Perrier,57100,5074655,364
2026-01-29,UCRI5foOTNz6DuVz3SVQ1cMA,Tao Gassin,13400,1076065,53
2026-01-29,UC_FckuJiPXwA_nOEIoTsRZg,Fabien captain virtuality,12800,1789703,179
2026-01-29,UCUanZckNyJODHBdqtMzYMpA,ORLM.tv / On refait le Mac,54800,13183093,1453
2026-01-29,UCOm_kuKVb4ImX_DHpIgX_zg,Skinn's Tech Deals,1950,71440,18
2026-01-29,UCZEdNvDcHUPEE7CDRpXnO6w,Cyril | Ctrl Bu,5900,822996,155
2026-01-29,UCkS6jlQ4RJTCdkzVCU2-FSQ,GeekEtc,21600,6218052,639
2026-01-29,UCr7ZVUNJ9KyYD92xqfinGsQ,Jimtek,16000,1351318,133
2026-01-29,UCpFq62uOig4n9jT3luIYUDQ,VZX,22900,9434572,144
2026-01-29,UCuE3ei3NOnVjQUefjHUCF5Q,DiscoverID,377000,51822372,530
2026-01-29,UCgjhIdz3Uw9r-eMyML9M8FA,PIKATE,11700,1200125,118
2026-01-29,UCu6HC8ahaPWqqfSvic7nWyQ,Nightech,138000,33408790,511
2026-01-29,UCrHCRJPuJJcINMMEETEYt4g,Le Petit Comparateur,16100,5686594,731
2026-01-29,UCrwtkeoBxPfhyde5eesmvyA,CieloTech,12000,12848340,214
2026-01-29,UCwZsbPUXohCN867pQzioGLw,Nicolas Barbet,15500,5678342,350
2026-01-29,UCiR9chjo9kIFMsCXgspFxqg,Braindegeek,74500,47007067,792
2026-01-29,UCflWJq4cTuofmM-0G-GMUNQ,conseilguide,19200,6672763,1280
2026-01-29,UCrSCIeCW1YuEviVZPVhEfGQ,Dorian GM,29500,5814098,268
2026-01-29,UCz6PEeVLG1TL6jMRTvSLm4g,Matt Talks Tech,779000,107269813,1491
2026-01-29,UCm3QK_QNta9Mue2Q70gtzVw,Android plus,2660,453928,426
2026-01-29,UCxpT79bmhxk50l8P50WG86w,Discoverdex,77800,23931146,471
2026-01-29,UCrsiHZzr4IjuSjnvPy5rVUQ,Daddy Dtech,114000,12125502,403
2026-01-29,UCwsQtHFlS-LKVn8xJ3TaupQ,Monsieur Pixel,9380,1195345,219
2026-01-29,UCySZIa8Y4e6aSVg4CISXAOA,Mathieu Dos Santos,24200,4067390,1096
2026-01-29,UCpSRz-eAoiSW5kaHpI_3LjA,JOLI TECH,17,14211,471
2026-01-29,UCrAiXFptzDmgQA6gUCOz9RQ,Meta Perso,14700,1087205,49
2026-01-29,UClQPWod8Gjgw7i51t7PYibQ,Sélection Futée,2200,189068,369
2026-01-29,UCssuk5-zaZn9vt0_HNj-Hug,VERBOZZ,473000,60540095,284
2026-01-29,UCpaI1FRY8EGK6mEAL7Wfr9w,Yosheez,130000,58490279,850
2026-01-29,UCuDNiVxL-Zfw0CBVQ4oOr8w,DealSmart FR,191,28565,23
2026-01-29,UCtPzJInyqqt__Tn0EaUlaAw,Science Gaming,407000,384329028,1291
2026-01-29,UCoJ4gzwVvGNH5GNqiJoQAAA,Alex Reframe,131000,25016250,645
2026-01-29,UCljgvfi_NnUrNJVHp_HGHwA,Bazar de Léo - TechMaker,72000,25493113,112
2026-01-29,UCzICpbabqKwBTpb9XlWerjA,PassTech TV,681,127248,14
2026-01-29,UCqRSWOqkW_oelrdUN7KQ-aQ,Les Numériques,154000,64203911,3030
2026-01-29,UClnRNkdVq24iwIbc1O-hjlw,Yensing,20900,1261514,19
2026-01-29,UCs7Jg5KBsgiova4CrseuwIw,TheGrandTest,324000,45082874,1873
2026-01-30,UC4q3HKdMqzll3SvA2Lf7oAg,Thomas in Tech,72300,21162623,948
2026-01-30,UC1wV5Kf18gVbL3bWH-tWKDw,Cmonavis,62200,12446116,651
2026-01-30,UCHJb6-VCrzQqVQASN23OskQ,Jigfio Ti Super,19100,936829,68
2026-01-30,UCNWE4ouC-BxzJ-Lomuuqb1Q,Isma(ël),4390,300981,44
2026-01-30,UCCUlTcDhcn72O8TiNfFJWWA,GLG video (JT Geek),69300,20242736,3339
2026-01-30,UCOCoKBUmALR6d7UW_s5zgrA,Arnaud C.,105000,6881664,307
2026-01-30,UC69gruQfEHEQ4Qme0liJOdw,Ludo Tech,1750,777174,189
2026-01-30,UC2lMzO7HzJ_jamFT762vfwA,Jon Rettinger en Français,321,55587,30
2026-01-30,UCAOjk3Po21_t7L1MDHQ4-Og,FNK Hardware,249000,43118327,1234
2026-01-30,UCFrfK9IFqO15S7C52DdnSog,GIGATOP,43100,15150882,1080
2026-01-30,UCBqYyDusSFntU7k2UnFGsBA,Giga Content,24700,5097956,798
2026-01-30,UC6jfhJWEAfako0XlKnA2UGQ,Timena TechGeek,64100,11431590,1013
2026-01-30,UC65OszX3C9oYfNLU5AWjwYg,Aaron,2960,296145,32
2026-01-30,UCA_DfRJwb5U0S4UiiH3BtUg,Jérémy Dufour,77400,14004561,983
2026-01-30,UC7XxmEXw7wXgh259vYCSjkQ,Cmonavis 2,10100,1243214,208
2026-01-30,UCHGvOgxAA_MFOH1yyhjcR-Q,ArtBen,326000,38152996,266
2026-01-30,UC5HtcZa4-moyfy6NTY7GHwA,TECHNO 24,471,196231,543
2026-01-30,UC3-dl8nKItitMxM9DNTDAfQ,Kang et ses PC,105000,26111870,140
2026-01-30,UC-pdFydi9ooxEfATh3KoiIw,STEVEN,1100000,196528483,1507
2026-01-30,UCJLKCYMkCbOW9wzmeUj8dwQ,MEHDI’N TECH,59600,3229432,132
2026-01-30,UCB0ffaItcXwkgbVu8Hvq3Tw,QUENTIN,224000,43329655,1302
2026-01-30,UCIaNSaws_Wv_eoUAmDbUK-Q,MT High Tech Deal's,2820,245974,71
2026-01-30,UCJ4p_F-vCnEn5V5OtFN8Q3w,FrenchMakito,32500,3541573,96
2026-01-30,UCMWAxO0xGJxELkiX5_pEJNA,Pannacophone - Smartphone & Tech,91200,11480552,137
2026-01-30,UC1WIj7YGywcVoRLS0zZu2RQ,TechDams,5360,1714384,22
2026-01-30,UCCM6zpvTcgXeNqLmQ9swugQ,Selectos Lifestyle,12900,4501918,196
2026-01-30,UCB32y6dm508Hap4_Mn-ZnHQ,Presse-citron,91100,25679355,1431
2026-01-30,UCNOUTy_TWRJzAaSfIGserkg,Nowtech Replay (Le Mug Nowtech),5390,804343,504
2026-01-30,UCDBYphtxNDXGQe5eyHYZ6Fw,GUILLAUME,497000,65691487,878
2026-01-30,UCDfGCQqgOKPYeiaG3I4vl4w,Marty,109000,22463370,879
2026-01-30,UCBOGe_x7aqQV4Ly5Rfa4iow,Les Tests de Cyril,30700,2590247,452
2026-01-30,UCNzUonmxxvG-HIqOC3S7Thw,VAC - Vulgarisateur Apple et compagnie,76900,1521431,228
2026-01-30,UC7rdUip5Q8R7Ki1haNbdwwg,SoloTech,253000,35187288,615
2026-01-30,UCA25ZdZZF5XE6ihPE5pwfnw,Materiel.net,31700,12757935,574
2026-01-30,UCDY3WI0HqdzNADtE6B-BmUw,MrG Tech,185000,28706643,579
2026-01-30,UC1N4EIilrmXhTEdu3h7tpPg,iPhone page,1010,176478,257
2026-01-30,UCJPa4sr9B_mLjShfHhWi8yg,TECnaiche,13500,4621335,403
2026-01-30,UC69qClfvKeB9WeyySg5iQrQ,Yohann Studio,4250,2263616,317
2026-01-30,UCJ3MlRSjtv2sT-rIDsFg0fw,Sam_VNR,4680,278288,59
2026-01-30,UC0AFqXyYs1z2Dxx5jtQBicQ,SkinnZer,44600,3619639,287
2026-01-30,UCGMxP4yf3ixAAEKQc3d76gw,Arnaud,6180,1790070,143
2026-01-30,UC70eSjnRIGvRLCzT6K0SQSg,Device FR,1910,676965,856
2026-01-30,UCM6kUx3GI7lTQlqMBiumaEg,technofou,43400,1923685,90
2026-01-30,UCEPqgSzHj7vlJj5pGX9dDdA,Gilo & Alex,2310,129949,40
2026-01-30,UCJy0lX8ThZ7lCtst7JnegWQ,Jojol,2690000,610451784,2113
2026-01-30,UCMc7IaTDRDtxftK9v0aXVqA,Yada 2.0,111000,16570168,204
2026-01-30,UC2HXhqg87yIWz152Ig9vkaQ,Tout Techno,31900,7015957,240
2026-01-30,UCC5xS4j2xUyGO2UfjFh5LsQ,Nooz,14200,2617149,609
2026-01-30,UC6joDErOGcFJC1vHNSfsYQg,01net,136000,48296631,1810
2026-01-30,UCGjKSSIpN7aYQluu04kPrsA,Brandon Le Proktor,307000,44001878,403
2026-01-30,UCQZa27_VXLUowoMsYo6Y0Dw,bazze tv,22600,3127861,262
2026-01-30,UCPP-NkzSqMJ9ywhJkcgrpAw,Tech_Sama,213000,29279614,754
2026-01-30,UCVrceZhsV6TRyVh3VhBFaKA,MOBICLICK,2070,1100214,189
2026-01-30,UCfLyhjpn3hzleNtgTGOQimA,Romain PIAUD,31500,7547170,580
2026-01-30,UCUbwQOAmLdZ9zPOOPFt25zQ,YanNick TECH,66800,16987890,1314
2026-01-30,UCQsb5TqYUeGWGpJFr8DMWsQ,ANONIMAL,613000,71236345,297
2026-01-30,UCURjynFkZicGPbIIaWO9vmQ,Benji TV,60700,14412402,251
2026-01-30,UCchpwieM3DswmDEnJ0MRq1A,Romain Lanéry,1050000,205132629,1668
2026-01-30,UCOaX4zvPzmv0eBbUWOOOB_A,TopAchat,101000,18587102,689
2026-01-30,UCUclUivgBePqnqDGQ3Jzu2Q,TOUKIWANTI,124000,21649635,844
2026-01-30,UCe7R7Pt-bxNT7EE83NLsmFQ,Avis Express - Testeur High-Tech,272000,57702451,1699
2026-01-30,UCTER7XOnDvSRbI2YxikLaVw,RTBF iXPé,259000,90751109,2429
2026-01-30,UCf-DN6QjyyEbhuMWCoXdXQQ,Phonandroid,144000,26474126,840
2026-01-30,UCTmHRe6W96WgYlUNxcokpVQ,Fitfitzone,1240,163027,18
2026-01-30,UCZEdNvDcHUPEE7CDRpXnO6w,Cyril | Ctrl Bu,5900,823874,155
2026-01-30,UCOm_kuKVb4ImX_DHpIgX_zg,Skinn's Tech Deals,1960,71545,18
2026-01-30,UCaybrunQi8xWgPMgv1AYBHw,TheiCollection,1000000,219232236,1284
2026-01-30,UCQSA6pCffm7epqxFqouL0Xg,Mathis et Gauthier,192000,33165327,437
2026-01-30,UCYmw-Y8TnRzO4COTBKEgUGg,Les Dénicheurs,20500,5806880,2960
2026-01-30,UC_dzE9mydhQuQ0NwmXByDtA,André Martin,386000,55443557,977
2026-01-30,UCa8Leo9o5Nnb-Cc1sWfT2HQ,MobileAddict,300000,44044084,419
2026-01-30,UCRI5foOTNz6DuVz3SVQ1cMA,Tao Gassin,13500,1077570,53
2026-01-30,UC_FckuJiPXwA_nOEIoTsRZg,Fabien captain virtuality,12800,1790585,181
2026-01-30,UCQvNFAufGf8mtN2_L8thysg,Journal du Geek,66100,31619854,2493
2026-01-30,UCc7giV0qHsCNbhjV3_ZJ22w,Paul - Nakryum,107000,15516314,581
2026-01-30,UCbwE_k9zALnzZRvkoyDhuzw,Jojo Le Geek,165000,25210746,591
2026-01-30,UCZ5qxuvquQABNtjcawNMowA,DaddyFamtech,118000,13298382,1407
2026-01-30,UCU_a5aoj_HzTMohx0JG_Z4A,GUILLAUME++,101000,9659688,297
2026-01-30,UCOyUCj6Wx9skJggzZFUDZyA,Unlock Talk,20200,2353107,359
2026-01-30,UCXJ_vW2t0W5hY9hS8ePnpzw,Back Market France,21900,160516837,195
2026-01-30,UCOtM8pxxBIfwqu6e8mHgUEQ,TheiMika,12800,3582611,121
2026-01-30,UCX4A8obrGg1iX37R-fyBJ6w,Monde Tech,689,132182,119
2026-01-30,UCQigF3tZJJlt6o1_tkYKkNQ,KAPPA Studio,229000,57214355,124
2026-01-30,UCR-4Ge4NbqILG5HTTvs_nFQ,Lysandre_lbd,12100,5333321,314
2026-01-30,UCagQpz-WZtgbSp8Ry0XQ4Yw,Victor,3010,209073,48
2026-01-30,UCUT9pQQGw4ZEpv5hqrv-bZw,TonyTech,90000,11639473,734
2026-01-30,UCb0sWM7tMRaEgn_hpptqnxA,Mon iPad & Moi,659,37371,28
2026-01-30,UCU8_onYYhNxwGUB3hA34C4Q,FrenchHardware,839000,167480922,943
2026-01-30,UCTOAKgwfqqCbOytF3RNGGVw,Monsieur GRrr,723000,147130697,1980
2026-01-30,UCP5-zNhWXk_LUPIJpxtrTnQ,Cowcotland,52600,23503123,4257
2026-01-30,UCZsEJw8rwd0RWAga5dulOpg,Bon Plan High Tech,13600,4555128,343
2026-01-30,UCfbwndxvM8tOtxN_GqU1R3Q,Lorenzo-high-tech,29000,4450216,946
2026-01-30,UCSYFVeBI66YqDhGrYKxiCUQ,Georges,1610,130148,38
2026-01-30,UCR3uoYsbRO_S0wg2DaSlb8g,Wondershare Français,98700,15705289,1296
2026-01-30,UCUD3E77YRTGK3yPSDB6Kq5Q,Monsport06,193000,13134254,506
2026-01-30,UCUltPy138RvnbWX_FuUHtDA,MT High-Tech,22100,2902119,314
2026-01-30,UCdqC1GnhKs3aQw6j62uOvUw,Mister Perrier,57100,5074887,364
2026-01-30,UCaHolOYkfcTdC0vTFAywzXw,LoKan Sardari,87700,18231255,977
2026-01-30,UCUanZckNyJODHBdqtMzYMpA,ORLM.tv / On refait le Mac,54800,13186178,1453
2026-01-30,UCPQsSFJurluaMOG1qL0Y7sA,PP World,448000,77531538,1033
2026-01-30,UCr7ZVUNJ9KyYD92xqfinGsQ,Jimtek,16000,1353015,134
2026-01-30,UCiR9chjo9kIFMsCXgspFxqg,Braindegeek,74600,47066177,794
2026-01-30,UCz6PEeVLG1TL6jMRTvSLm4g,Matt Talks Tech,779000,107350935,1492
2026-01-30,UCm3QK_QNta9Mue2Q70gtzVw,Android plus,2660,454003,427
2026-01-30,UCwsQtHFlS-LKVn8xJ3TaupQ,Monsieur Pixel,9400,1197313,219
2026-01-30,UCrwtkeoBxPfhyde5eesmvyA,CieloTech,12000,13010119,215
2026-01-30,UClQPWod8Gjgw7i51t7PYibQ,Sélection Futée,2210,189642,369
2026-01-30,UCqRSWOqkW_oelrdUN7KQ-aQ,Les Numériques,154000,64217573,3031
2026-01-30,UCflWJq4cTuofmM-0G-GMUNQ,conseilguide,19200,6675216,1281
2026-01-30,UCrHCRJPuJJcINMMEETEYt4g,Le Petit Comparateur,16100,5687661,732
2026-01-30,UCpFq62uOig4n9jT3luIYUDQ,VZX,22900,9439635,144
2026-01-30,UCu6HC8ahaPWqqfSvic7nWyQ,Nightech,138000,33467138,511
2026-01-30,UCpaI1FRY8EGK6mEAL7Wfr9w,Yosheez,130000,58504126,851
2026-01-30,UCssuk5-zaZn9vt0_HNj-Hug,VERBOZZ,473000,60555155,284
2026-01-30,UCuE3ei3NOnVjQUefjHUCF5Q,DiscoverID,377000,51834505,530
2026-01-30,UCljgvfi_NnUrNJVHp_HGHwA,Bazar de Léo - TechMaker,72000,25493417,112
2026-01-30,UCrSCIeCW1YuEviVZPVhEfGQ,Dorian GM,29500,5824808,268
2026-01-30,UCoJ4gzwVvGNH5GNqiJoQAAA,Alex Reframe,131000,25017757,645
2026-01-30,UCpSRz-eAoiSW5kaHpI_3LjA,JOLI TECH,17,14267,471
2026-01-30,UCwZsbPUXohCN867pQzioGLw,Nicolas Barbet,15500,5681093,350
2026-01-30,UCuDNiVxL-Zfw0CBVQ4oOr8w,DealSmart FR,191,28619,23
2026-01-30,UCySZIa8Y4e6aSVg4CISXAOA,Mathieu Dos Santos,24200,4070822,1098
2026-01-30,UCxpT79bmhxk50l8P50WG86w,Discoverdex,77800,23942056,471
2026-01-30,UCrAiXFptzDmgQA6gUCOz9RQ,Meta Perso,14700,1087409,49
2026-01-30,UCtPzJInyqqt__Tn0EaUlaAw,Science Gaming,408000,384831332,1294
2026-01-30,UCzICpbabqKwBTpb9XlWerjA,PassTech TV,681,127253,14
2026-01-30,UCgjhIdz3Uw9r-eMyML9M8FA,PIKATE,11700,1202654,118
2026-01-30,UCs7Jg5KBsgiova4CrseuwIw,TheGrandTest,324000,45088815,1873
2026-01-30,UCkS6jlQ4RJTCdkzVCU2-FSQ,GeekEtc,21600,6225738,640
2026-01-30,UCrsiHZzr4IjuSjnvPy5rVUQ,Daddy Dtech,114000,12132636,403
2026-01-30,UClnRNkdVq24iwIbc1O-hjlw,Yensing,20900,1262595,19
2026-01-31,UCGMxP4yf3ixAAEKQc3d76gw,Arnaud,6190,1792846,143
2026-01-31,UCA_DfRJwb5U0S4UiiH3BtUg,Jérémy Dufour,77400,14011109,983
2026-01-31,UC2lMzO7HzJ_jamFT762vfwA,Jon Rettinger en Français,322,55796,30
2026-01-31,UC4q3HKdMqzll3SvA2Lf7oAg,Thomas in Tech,72400,21168764,948
2026-01-31,UCOCoKBUmALR6d7UW_s5zgrA,Arnaud C.,105000,6884363,307
2026-01-31,UC5HtcZa4-moyfy6NTY7GHwA,TECHNO 24,472,196842,543
2026-01-31,UC1wV5Kf18gVbL3bWH-tWKDw,Cmonavis,62200,12448314,652
2026-01-31,UCJPa4sr9B_mLjShfHhWi8yg,TECnaiche,13500,4624425,403
2026-01-31,UCNOUTy_TWRJzAaSfIGserkg,Nowtech Replay (Le Mug Nowtech),5400,804611,505
2026-01-31,UCMc7IaTDRDtxftK9v0aXVqA,Yada 2.0,111000,16574866,205
2026-01-31,UCGjKSSIpN7aYQluu04kPrsA,Brandon Le Proktor,307000,44031041,403
2026-01-31,UCHJb6-VCrzQqVQASN23OskQ,Jigfio Ti Super,19100,937039,68
2026-01-31,UCCUlTcDhcn72O8TiNfFJWWA,GLG video (JT Geek),69400,20243910,3341
2026-01-31,UCIaNSaws_Wv_eoUAmDbUK-Q,MT High Tech Deal's,2830,245993,71
2026-01-31,UC6joDErOGcFJC1vHNSfsYQg,01net,136000,48320808,1810
2026-01-31,UCEPqgSzHj7vlJj5pGX9dDdA,Gilo & Alex,2320,129993,40
2026-01-31,UC69qClfvKeB9WeyySg5iQrQ,Yohann Studio,4260,2264676,317
2026-01-31,UCA25ZdZZF5XE6ihPE5pwfnw,Materiel.net,31700,12761914,574
2026-01-31,UC3-dl8nKItitMxM9DNTDAfQ,Kang et ses PC,105000,26207720,140
2026-01-31,UCBqYyDusSFntU7k2UnFGsBA,Giga Content,24700,5100533,799
2026-01-31,UCDfGCQqgOKPYeiaG3I4vl4w,Marty,109000,22469406,880
2026-01-31,UCMWAxO0xGJxELkiX5_pEJNA,Pannacophone - Smartphone & Tech,91200,11482784,137
2026-01-31,UCFrfK9IFqO15S7C52DdnSog,GIGATOP,43100,15157793,1081
2026-01-31,UCHGvOgxAA_MFOH1yyhjcR-Q,ArtBen,326000,38155649,266
2026-01-31,UC1N4EIilrmXhTEdu3h7tpPg,iPhone page,1020,176951,258
2026-01-31,UC2HXhqg87yIWz152Ig9vkaQ,Tout Techno,31900,7019473,241
2026-01-31,UCDY3WI0HqdzNADtE6B-BmUw,MrG Tech,185000,28707495,579
2026-01-31,UC65OszX3C9oYfNLU5AWjwYg,Aaron,2970,296302,32
2026-01-31,UCNzUonmxxvG-HIqOC3S7Thw,VAC - Vulgarisateur Apple et compagnie,77000,1522062,228
2026-01-31,UC-pdFydi9ooxEfATh3KoiIw,STEVEN,1100000,196540763,1507
2026-01-31,UC7rdUip5Q8R7Ki1haNbdwwg,SoloTech,254000,35189283,616
2026-01-31,UCCM6zpvTcgXeNqLmQ9swugQ,Selectos Lifestyle,12900,4503130,196
2026-01-31,UCJ4p_F-vCnEn5V5OtFN8Q3w,FrenchMakito,32500,3541942,96
2026-01-31,UC70eSjnRIGvRLCzT6K0SQSg,Device FR,1910,679795,860
2026-01-31,UCJ3MlRSjtv2sT-rIDsFg0fw,Sam_VNR,4680,278514,59
2026-01-31,UCNWE4ouC-BxzJ-Lomuuqb1Q,Isma(ël),4400,301803,44
2026-01-31,UCBOGe_x7aqQV4Ly5Rfa4iow,Les Tests de Cyril,30800,2592336,452
2026-01-31,UC69gruQfEHEQ4Qme0liJOdw,Ludo Tech,1750,781630,190
2026-01-31,UCJy0lX8ThZ7lCtst7JnegWQ,Jojol,2690000,610479383,2114
2026-01-31,UCB32y6dm508Hap4_Mn-ZnHQ,Presse-citron,91100,25684666,1433
2026-01-31,UCC5xS4j2xUyGO2UfjFh5LsQ,Nooz,14300,2619559,610
2026-01-31,UCAOjk3Po21_t7L1MDHQ4-Og,FNK Hardware,249000,43121705,1235
2026-01-31,UCM6kUx3GI7lTQlqMBiumaEg,technofou,43400,1923726,90
2026-01-31,UCJLKCYMkCbOW9wzmeUj8dwQ,MEHDI’N TECH,59600,3229823,132
2026-01-31,UC7XxmEXw7wXgh259vYCSjkQ,Cmonavis 2,10100,1244002,208
2026-01-31,UC0AFqXyYs1z2Dxx5jtQBicQ,SkinnZer,44600,3619932,287
2026-01-31,UCDBYphtxNDXGQe5eyHYZ6Fw,GUILLAUME,497000,65697357,879
2026-01-31,UC6jfhJWEAfako0XlKnA2UGQ,Timena TechGeek,64100,11432571,1013
2026-01-31,UCB0ffaItcXwkgbVu8Hvq3Tw,QUENTIN,224000,43332634,1302
2026-01-31,UC1WIj7YGywcVoRLS0zZu2RQ,TechDams,5360,1716342,22
2026-01-31,UCb0sWM7tMRaEgn_hpptqnxA,Mon iPad & Moi,663,37431,28
2026-01-31,UCU_a5aoj_HzTMohx0JG_Z4A,GUILLAUME++,101000,9661092,297
2026-01-31,UCU8_onYYhNxwGUB3hA34C4Q,FrenchHardware,840000,167533322,945
2026-01-31,UCaHolOYkfcTdC0vTFAywzXw,LoKan Sardari,87700,18238431,977
2026-01-31,UCdqC1GnhKs3aQw6j62uOvUw,Mister Perrier,57100,5075012,364
2026-01-31,UCUclUivgBePqnqDGQ3Jzu2Q,TOUKIWANTI,124000,21655800,845
2026-01-31,UCQZa27_VXLUowoMsYo6Y0Dw,bazze tv,22600,3129766,262
2026-01-31,UCZsEJw8rwd0RWAga5dulOpg,Bon Plan High Tech,13600,4555764,343
2026-01-31,UCTER7XOnDvSRbI2YxikLaVw,RTBF iXPé,259000,90784295,2431
2026-01-31,UCa8Leo9o5Nnb-Cc1sWfT2HQ,MobileAddict,300000,44046167,419
2026-01-31,UCOm_kuKVb4ImX_DHpIgX_zg,Skinn's Tech Deals,1960,71751,18
2026-01-31,UCVrceZhsV6TRyVh3VhBFaKA,MOBICLICK,2090,1105477,190
2026-01-31,UCTOAKgwfqqCbOytF3RNGGVw,Monsieur GRrr,723000,147149235,1981
2026-01-31,UCUbwQOAmLdZ9zPOOPFt25zQ,YanNick TECH,66900,16999024,1316
2026-01-31,UCUD3E77YRTGK3yPSDB6Kq5Q,Monsport06,193000,13135454,506
2026-01-31,UCPQsSFJurluaMOG1qL0Y7sA,PP World,448000,77542018,1033
2026-01-31,UCOyUCj6Wx9skJggzZFUDZyA,Unlock Talk,20200,2354200,359
2026-01-31,UCbwE_k9zALnzZRvkoyDhuzw,Jojo Le Geek,165000,25213014,591
2026-01-31,UCX4A8obrGg1iX37R-fyBJ6w,Monde Tech,689,132431,120
2026-01-31,UCRI5foOTNz6DuVz3SVQ1cMA,Tao Gassin,13500,1078370,53
2026-01-31,UC_dzE9mydhQuQ0NwmXByDtA,André Martin,386000,55460359,977
2026-01-31,UCfbwndxvM8tOtxN_GqU1R3Q,Lorenzo-high-tech,29000,4451980,948
2026-01-31,UCc7giV0qHsCNbhjV3_ZJ22w,Paul - Nakryum,107000,15518622,581
2026-01-31,UCSYFVeBI66YqDhGrYKxiCUQ,Georges,1660,132570,38
2026-01-31,UCR3uoYsbRO_S0wg2DaSlb8g,Wondershare Français,98700,15710987,1296
2026-01-31,UCOaX4zvPzmv0eBbUWOOOB_A,TopAchat,101000,18601171,690
2026-01-31,UCQvNFAufGf8mtN2_L8thysg,Journal du Geek,66100,31623690,2494
2026-01-31,UC_FckuJiPXwA_nOEIoTsRZg,Fabien captain virtuality,12800,1792163,181
2026-01-31,UCUanZckNyJODHBdqtMzYMpA,ORLM.tv / On refait le Mac,54800,13186856,1456
2026-01-31,UCchpwieM3DswmDEnJ0MRq1A,Romain Lanéry,1050000,205162458,1670
2026-01-31,UCUltPy138RvnbWX_FuUHtDA,MT High-Tech,22100,2902645,314
2026-01-31,UCOtM8pxxBIfwqu6e8mHgUEQ,TheiMika,12800,3582930,121
2026-01-31,UCP5-zNhWXk_LUPIJpxtrTnQ,Cowcotland,52600,23504064,4258
2026-01-31,UCTmHRe6W96WgYlUNxcokpVQ,Fitfitzone,1240,163869,18
2026-01-31,UCURjynFkZicGPbIIaWO9vmQ,Benji TV,60700,14415825,251
2026-01-31,UCfLyhjpn3hzleNtgTGOQimA,Romain PIAUD,31500,7558294,580
2026-01-31,UCaybrunQi8xWgPMgv1AYBHw,TheiCollection,1000000,219255564,1284
2026-01-31,UCUT9pQQGw4ZEpv5hqrv-bZw,TonyTech,90300,11643231,735
2026-01-31,UCe7R7Pt-bxNT7EE83NLsmFQ,Avis Express - Testeur High-Tech,272000,57713460,1700
2026-01-31,UCf-DN6QjyyEbhuMWCoXdXQQ,Phonandroid,144000,26474940,840
2026-01-31,UCR-4Ge4NbqILG5HTTvs_nFQ,Lysandre_lbd,12100,5337285,314
2026-01-31,UCQSA6pCffm7epqxFqouL0Xg,Mathis et Gauthier,192000,33196584,437
2026-01-31,UCZEdNvDcHUPEE7CDRpXnO6w,Cyril | Ctrl Bu,5920,825652,155
2026-01-31,UCYmw-Y8TnRzO4COTBKEgUGg,Les Dénicheurs,20500,5809210,2962
2026-01-31,UCagQpz-WZtgbSp8Ry0XQ4Yw,Victor,3020,209678,49
2026-01-31,UCZ5qxuvquQABNtjcawNMowA,DaddyFamtech,119000,13304302,1409
2026-01-31,UCPP-NkzSqMJ9ywhJkcgrpAw,Tech_Sama,213000,29281336,756
2026-01-31,UCQigF3tZJJlt6o1_tkYKkNQ,KAPPA Studio,229000,57235508,124
2026-01-31,UCQsb5TqYUeGWGpJFr8DMWsQ,ANONIMAL,613000,71258163,298
2026-01-31,UCXJ_vW2t0W5hY9hS8ePnpzw,Back Market France,21900,160670949,196
2026-01-31,UCkS6jlQ4RJTCdkzVCU2-FSQ,GeekEtc,21600,6230432,640
2026-01-31,UCiR9chjo9kIFMsCXgspFxqg,Braindegeek,74700,47090916,794
2026-01-31,UCySZIa8Y4e6aSVg4CISXAOA,Mathieu Dos Santos,24200,4072516,1100
2026-01-31,UCwsQtHFlS-LKVn8xJ3TaupQ,Monsieur Pixel,9420,1198213,219
2026-01-31,UCm3QK_QNta9Mue2Q70gtzVw,Android plus,2660,454291,427
2026-01-31,UCr7ZVUNJ9KyYD92xqfinGsQ,Jimtek,16100,1354209,134
2026-01-31,UCxpT79bmhxk50l8P50WG86w,Discoverdex,77900,23947755,472
2026-01-31,UCrHCRJPuJJcINMMEETEYt4g,Le Petit Comparateur,16100,5690824,732
2026-01-31,UCrsiHZzr4IjuSjnvPy5rVUQ,Daddy Dtech,114000,12135220,403
2026-01-31,UCpaI1FRY8EGK6mEAL7Wfr9w,Yosheez,130000,58515714,853
2026-01-31,UCwZsbPUXohCN867pQzioGLw,Nicolas Barbet,15500,5682502,350
2026-01-31,UCuE3ei3NOnVjQUefjHUCF5Q,DiscoverID,377000,51838850,530
2026-01-31,UCuDNiVxL-Zfw0CBVQ4oOr8w,DealSmart FR,192,28740,23
2026-01-31,UCgjhIdz3Uw9r-eMyML9M8FA,PIKATE,11700,1203704,118
2026-01-31,UCrwtkeoBxPfhyde5eesmvyA,CieloTech,12100,13144921,215
2026-01-31,UCqRSWOqkW_oelrdUN7KQ-aQ,Les Numériques,154000,64225186,3031
2026-01-31,UCssuk5-zaZn9vt0_HNj-Hug,VERBOZZ,473000,60562659,284
2026-01-31,UCljgvfi_NnUrNJVHp_HGHwA,Bazar de Léo - TechMaker,72000,25493597,112
2026-01-31,UClQPWod8Gjgw7i51t7PYibQ,Sélection Futée,2210,191016,370
2026-01-31,UCoJ4gzwVvGNH5GNqiJoQAAA,Alex Reframe,131000,25018460,645
2026-01-31,UCs7Jg5KBsgiova4CrseuwIw,TheGrandTest,324000,45091516,1873
2026-01-31,UCtPzJInyqqt__Tn0EaUlaAw,Science Gaming,408000,385106570,1287
2026-01-31,UCz6PEeVLG1TL6jMRTvSLm4g,Matt Talks Tech,779000,107391599,1493
2026-01-31,UCu6HC8ahaPWqqfSvic7nWyQ,Nightech,138000,33496915,511
2026-01-31,UCrSCIeCW1YuEviVZPVhEfGQ,Dorian GM,29600,5829797,269
2026-01-31,UCpFq62uOig4n9jT3luIYUDQ,VZX,22900,9442169,144
2026-01-31,UCrAiXFptzDmgQA6gUCOz9RQ,Meta Perso,14700,1087528,49
2026-01-31,UCzICpbabqKwBTpb9XlWerjA,PassTech TV,681,127257,14
2026-01-31,UCflWJq4cTuofmM-0G-GMUNQ,conseilguide,19200,6676231,1282
2026-01-31,UClnRNkdVq24iwIbc1O-hjlw,Yensing,20900,1263083,19
2026-01-31,UCpSRz-eAoiSW5kaHpI_3LjA,JOLI TECH,17,14437,474
2026-02-01,UC4q3HKdMqzll3SvA2Lf7oAg,Thomas in Tech,72500,21189452,948
2026-02-01,UC1wV5Kf18gVbL3bWH-tWKDw,Cmonavis,62200,12459489,652
2026-02-01,UC6joDErOGcFJC1vHNSfsYQg,01net,136000,48354138,1810
2026-02-01,UC1F5QJFXcu1evMkYyXRGoaw,LoKan Sardari - Studio,12100,1471964,671
2026-02-01,UC6jfhJWEAfako0XlKnA2UGQ,Timena TechGeek,64100,11437188,1013
2026-02-01,UCDfGCQqgOKPYeiaG3I4vl4w,Marty,109000,22489735,880
2026-02-01,UCB32y6dm508Hap4_Mn-ZnHQ,Presse-citron,91100,25694350,1433
2026-02-01,UCCM6zpvTcgXeNqLmQ9swugQ,Selectos Lifestyle,12900,4505450,196
2026-02-01,UCFrfK9IFqO15S7C52DdnSog,GIGATOP,43200,15183014,1081
2026-02-01,UC2HXhqg87yIWz152Ig9vkaQ,Tout Techno,31900,7033285,241
2026-02-01,UC7XxmEXw7wXgh259vYCSjkQ,Cmonavis 2,10100,1246935,209
2026-02-01,UCA_DfRJwb5U0S4UiiH3BtUg,Jérémy Dufour,77400,14245609,983
2026-02-01,UC70eSjnRIGvRLCzT6K0SQSg,Device FR,1920,683264,862
2026-02-01,UC4vD_Spv_zjcmyfHpnAwBNA,Ixar.,15500,2383986,183
2026-02-01,UCHJb6-VCrzQqVQASN23OskQ,Jigfio Ti Super,19100,937689,68
2026-02-01,UCC5xS4j2xUyGO2UfjFh5LsQ,Nooz,14300,2626518,610
2026-02-01,UC0kacsSWviDNM7msbzGLGMQ,Tenorshare French,172000,53603461,1211
2026-02-01,UC0V8fUv0DB5Tq7uHdG7ixyw,W38,140000,61582945,1920
2026-02-01,UCDY3WI0HqdzNADtE6B-BmUw,MrG Tech,185000,28710681,579
2026-02-01,UCB0ffaItcXwkgbVu8Hvq3Tw,QUENTIN,224000,43337570,1302
2026-02-01,UC7rdUip5Q8R7Ki1haNbdwwg,SoloTech,254000,35196925,617
2026-02-01,UCGjKSSIpN7aYQluu04kPrsA,Brandon Le Proktor,307000,44310070,403
2026-02-01,UCEPqgSzHj7vlJj5pGX9dDdA,Gilo & Alex,2320,130166,40
2026-02-01,UC1WIj7YGywcVoRLS0zZu2RQ,TechDams,5360,1720652,22
2026-02-01,UCBOGe_x7aqQV4Ly5Rfa4iow,Les Tests de Cyril,30800,2598642,452
2026-02-01,UCCUlTcDhcn72O8TiNfFJWWA,GLG video (JT Geek),69500,20248439,3342
2026-02-01,UCHgZ3SrY7FhB0KjFki50fEQ,Gabinks,1140,297889,144
2026-02-01,UCDBYphtxNDXGQe5eyHYZ6Fw,GUILLAUME,497000,65726185,879
2026-02-01,UC2XmvTlziz2LSXd_QKBwf8Q,Espritnewgen,71800,21739694,2940
2026-02-01,UCHGvOgxAA_MFOH1yyhjcR-Q,ArtBen,326000,38165244,266
2026-02-01,UC65OszX3C9oYfNLU5AWjwYg,Aaron,2970,296792,32
2026-02-01,UCGMxP4yf3ixAAEKQc3d76gw,Arnaud,6190,1797085,143
2026-02-01,UC2lMzO7HzJ_jamFT762vfwA,Jon Rettinger en Français,324,56120,30
2026-02-01,UC5HtcZa4-moyfy6NTY7GHwA,TECHNO 24,472,197966,543
2026-02-01,UCAicNsMAZgbqPr_0QsnI1PA,Cobra.fr,6370,6933372,2142
2026-02-01,UCAOjk3Po21_t7L1MDHQ4-Og,FNK Hardware,249000,43139944,1235
2026-02-01,UC1N4EIilrmXhTEdu3h7tpPg,iPhone page,1020,178719,258
2026-02-01,UC0AFqXyYs1z2Dxx5jtQBicQ,SkinnZer,44700,3620330,287
2026-02-01,UCBqYyDusSFntU7k2UnFGsBA,Giga Content,24700,5110085,800
2026-02-01,UC1ndVn8sa4oTbW09P5ICOog,amazing mac TV,65900,18456075,1425
2026-02-01,UC-pdFydi9ooxEfATh3KoiIw,STEVEN,1100000,196560903,1507
2026-02-01,UCH6ppHEvV3_WIXEwmhv9HEg,Deus Ex Silicium,408000,27994553,140
2026-02-01,UCA25ZdZZF5XE6ihPE5pwfnw,Materiel.net,31700,12775209,574
2026-02-01,UC3aPRnneybmQcbEK-X-Qptg,GLG reviews,354000,32670282,1687
2026-02-01,UC69qClfvKeB9WeyySg5iQrQ,Yohann Studio,4260,2266599,317
2026-02-01,UCDvCJx3pU8N-23ilB6tNMlg,mister gadget,4320,1599553,728
2026-02-01,UCAz-755tH3m8_BwaluzdJwQ,Numerama,217000,102137475,2079
2026-02-01,UC7sFrgyGelEr6eny6_PsGXQ,Tom's Guide France,40200,45865682,488
2026-02-01,UC69gruQfEHEQ4Qme0liJOdw,Ludo Tech,1750,784338,190
2026-02-01,UC3-dl8nKItitMxM9DNTDAfQ,Kang et ses PC,105000,26375282,140
2026-02-01,UCJy0lX8ThZ7lCtst7JnegWQ,Jojol,2690000,610677696,2115
2026-02-01,UCQsb5TqYUeGWGpJFr8DMWsQ,ANONIMAL,613000,71285907,298
2026-02-01,UCURjynFkZicGPbIIaWO9vmQ,Benji TV,60700,14427397,251
2026-02-01,UCO14QTmfRbe9j9PTJsAhtLQ,PΔX,88900,12702224,498
2026-02-01,UCOaX4zvPzmv0eBbUWOOOB_A,TopAchat,101000,18638670,690
2026-02-01,UCSPoCan8_9ELmqEVS2hUHPA,iVax,120000,20595086,483
2026-02-01,UCNWE4ouC-BxzJ-Lomuuqb1Q,Isma(ël),4410,302939,44
2026-02-01,UCOtM8pxxBIfwqu6e8mHgUEQ,TheiMika,12800,3583507,121
2026-02-01,UCUD3E77YRTGK3yPSDB6Kq5Q,Monsport06,193000,13140438,506
2026-02-01,UCTG26Ngiphy9TCOejxGfShQ,R-Tech,126,92082,61
2026-02-01,UCOyUCj6Wx9skJggzZFUDZyA,Unlock Talk,20200,2357859,359
2026-02-01,UCUbwQOAmLdZ9zPOOPFt25zQ,YanNick TECH,66900,17043923,1317
2026-02-01,UCQSA6pCffm7epqxFqouL0Xg,Mathis et Gauthier,192000,33291935,437
2026-02-01,UCU8_onYYhNxwGUB3hA34C4Q,FrenchHardware,840000,167806421,946
2026-02-01,UCMWAxO0xGJxELkiX5_pEJNA,Pannacophone - Smartphone & Tech,91200,11490613,137
2026-02-01,UCM6kUx3GI7lTQlqMBiumaEg,technofou,43400,1923869,90
2026-02-01,UCQZa27_VXLUowoMsYo6Y0Dw,bazze tv,22600,3138292,263
2026-02-01,UCIorGsaWVmlkpNsngTQPDAg,Clubic,31500,9955642,1431
2026-02-01,UCNzUonmxxvG-HIqOC3S7Thw,VAC - Vulgarisateur Apple et compagnie,77100,1524161,228
2026-02-01,UCMWWgqykXE5exHk60TCZ-bw,Yukio_Clyks,27300,7394511,428
2026-02-01,UCR-4Ge4NbqILG5HTTvs_nFQ,Lysandre_lbd,12100,5345751,314
2026-02-01,UCUaHJ0fTA-1theR8A8Polmw,BFM Tech,574000,232078341,8322
2026-02-01,UCIaNSaws_Wv_eoUAmDbUK-Q,MT High Tech Deal's,2820,246032,71
2026-02-01,UCRI5foOTNz6DuVz3SVQ1cMA,Tao Gassin,13500,1080578,53
2026-02-01,UCNiauGTV7XhkOpUAIXod4xA,Léo Duff,804000,63833394,319
2026-02-01,UCMc7IaTDRDtxftK9v0aXVqA,Yada 2.0,111000,16596416,205
2026-02-01,UCQvNFAufGf8mtN2_L8thysg,Journal du Geek,66200,31632341,2494
2026-02-01,UCTOAKgwfqqCbOytF3RNGGVw,Monsieur GRrr,723000,147203567,1982
2026-02-01,UCSYFVeBI66YqDhGrYKxiCUQ,Georges,1870,140485,39
2026-02-01,UCTER7XOnDvSRbI2YxikLaVw,RTBF iXPé,259000,90915982,2433
2026-02-01,UCUanZckNyJODHBdqtMzYMpA,ORLM.tv / On refait le Mac,54800,13193886,1457
2026-02-01,UCOm_kuKVb4ImX_DHpIgX_zg,Skinn's Tech Deals,1960,71975,18
2026-02-01,UCTmHRe6W96WgYlUNxcokpVQ,Fitfitzone,1240,164823,18
2026-02-01,UCRhyS_ylPQ5GWBl1lK92ftA,Léo - TechMaker,2180000,367458888,1521
2026-02-01,UCPQsSFJurluaMOG1qL0Y7sA,PP World,448000,77578493,1034
2026-02-01,UCJ4p_F-vCnEn5V5OtFN8Q3w,FrenchMakito,32500,3542585,96
2026-02-01,UCT9QoBXRO1_z1f-Ud97RxPg,Norizon,302,24882,20
2026-02-01,UCP5-zNhWXk_LUPIJpxtrTnQ,Cowcotland,52600,23507633,4258
2026-02-01,UCUT9pQQGw4ZEpv5hqrv-bZw,TonyTech,90700,11655978,737
2026-02-01,UCNOUTy_TWRJzAaSfIGserkg,Nowtech Replay (Le Mug Nowtech),5400,805989,505
2026-02-01,UCJLKCYMkCbOW9wzmeUj8dwQ,MEHDI’N TECH,59600,3231354,132
2026-02-01,UCJ3MlRSjtv2sT-rIDsFg0fw,Sam_VNR,4690,279052,59
2026-02-01,UCJPa4sr9B_mLjShfHhWi8yg,TECnaiche,13500,4630217,403
2026-02-01,UCR3uoYsbRO_S0wg2DaSlb8g,Wondershare Français,98800,15736267,1296
2026-02-01,UCPP-NkzSqMJ9ywhJkcgrpAw,Tech_Sama,213000,29302238,756
2026-02-01,UCU_a5aoj_HzTMohx0JG_Z4A,GUILLAUME++,101000,9665590,297
2026-02-01,UCOCoKBUmALR6d7UW_s5zgrA,Arnaud C.,105000,6889178,307
2026-02-01,UCMwkAK-lhEeLld9xLiyKLMg,Captain Grochat,24800,1972077,109
2026-02-01,UCQigF3tZJJlt6o1_tkYKkNQ,KAPPA Studio,229000,57314847,124
2026-02-01,UCTKa4DGeCFeThot6rcRqNow,TechnoïdFR,21900,5465496,1720
2026-02-01,UCflWJq4cTuofmM-0G-GMUNQ,conseilguide,19200,6681012,1282
2026-02-01,UCfwLCsZhix155PAoFTBb-oQ,Mac4Ever,160000,52972431,1949
2026-02-01,UCkS6jlQ4RJTCdkzVCU2-FSQ,GeekEtc,21600,6241701,640
2026-02-01,UCUltPy138RvnbWX_FuUHtDA,MT High-Tech,22100,2904475,314
2026-02-01,UCe7R7Pt-bxNT7EE83NLsmFQ,Avis Express - Testeur High-Tech,272000,57744524,1700
2026-02-01,UCchpwieM3DswmDEnJ0MRq1A,Romain Lanéry,1050000,205243546,1671
2026-02-01,UCfbwndxvM8tOtxN_GqU1R3Q,Lorenzo-high-tech,29100,4458508,950
2026-02-01,UCUclUivgBePqnqDGQ3Jzu2Q,TOUKIWANTI,124000,21688706,845
2026-02-01,UCiR9chjo9kIFMsCXgspFxqg,Braindegeek,74800,47154877,794
2026-02-01,UCc7giV0qHsCNbhjV3_ZJ22w,Paul - Nakryum,107000,15742588,581
2026-02-01,UCeFfhz1vsSxxJY26VZHw19w,Selectos Tech,117000,31757129,597
2026-02-01,UCVwG9JHqGLfEO-4TkF-lf2g,Nowtech,440000,72838203,892
2026-02-01,UCYWJ5aXwE7vyN-qtDT3uR4w,Top For Phone,148000,47119275,1643
2026-02-01,UChFaUrD7t1JQ0w7rObWhIRA,Millomaker,437000,53782287,85
2026-02-01,UCfLyhjpn3hzleNtgTGOQimA,Romain PIAUD,31600,7572598,581
2026-02-01,UCYU8ljh_pDcwqDMWZoJWqwA,RABBIN DES BOIS,361000,20217413,149
2026-02-01,UC_FckuJiPXwA_nOEIoTsRZg,Fabien captain virtuality,12800,1793497,181
2026-02-01,UCgjhIdz3Uw9r-eMyML9M8FA,PIKATE,11800,1207573,118
2026-02-01,UCoJ4gzwVvGNH5GNqiJoQAAA,Alex Reframe,131000,25021220,645
2026-02-01,UCaHolOYkfcTdC0vTFAywzXw,LoKan Sardari,87700,18258769,977
2026-02-01,UCm3QK_QNta9Mue2Q70gtzVw,Android plus,2660,454623,428
2026-02-01,UCZ5qxuvquQABNtjcawNMowA,DaddyFamtech,119000,13335431,1410
2026-02-01,UClnRNkdVq24iwIbc1O-hjlw,Yensing,20900,1264798,19
2026-02-01,UCeXhsPdO6bRK7ZycOeFdD8A,iTechNews,289000,2451623,77
2026-02-01,UCf-DN6QjyyEbhuMWCoXdXQQ,Phonandroid,144000,26478758,840
2026-02-01,UCX4A8obrGg1iX37R-fyBJ6w,Monde Tech,692,133388,122
2026-02-01,UCdqC1GnhKs3aQw6j62uOvUw,Mister Perrier,57100,5075441,364
2026-02-01,UCdTrm2PZ7Wwa7xF-LbGP0dQ,Le Showroom de l'Image et du Son,15400,14817858,2817
2026-02-01,UCYmw-Y8TnRzO4COTBKEgUGg,Les Dénicheurs,20500,5820831,2964
2026-02-01,UCeUxAQ2j3OETAApTvBj5Scw,MoMo App,736000,45888318,908
2026-02-01,UCfc0cRoo8yYOzeuS89zpN-Q,Québec Test,301000,34502815,506
2026-02-01,UCkQI4PEJfOY37DU_WLLzc5w,Dell Technologies France,2480,50757944,323
2026-02-01,UC_dzE9mydhQuQ0NwmXByDtA,André Martin,386000,55554240,977
2026-02-01,UCljgvfi_NnUrNJVHp_HGHwA,Bazar de Léo - TechMaker,72000,25494184,112
2026-02-01,UCVrceZhsV6TRyVh3VhBFaKA,MOBICLICK,2100,1145272,191
2026-02-01,UCgoxc-VKU0cw9BcM9z_qokg,Frandroid,594000,199256824,2745
2026-02-01,UCZsEJw8rwd0RWAga5dulOpg,Bon Plan High Tech,13600,4558399,343
2026-02-01,UCZEdNvDcHUPEE7CDRpXnO6w,Cyril | Ctrl Bu,5920,828836,156
2026-02-01,UCnnYqSNKKygemgmxC9PyLTw,Ludo Salenne,257000,16797500,425
2026-02-01,UCWedHS9qKebauVIK2J7383g,Underscore_,916000,113679918,199
2026-02-01,UCb0sWM7tMRaEgn_hpptqnxA,Mon iPad & Moi,667,37681,28
2026-02-01,UCYnvxJ-PKiGXo_tYXpWAC-w,Micode,1830000,121521424,85
2026-02-01,UCa8Leo9o5Nnb-Cc1sWfT2HQ,MobileAddict,300000,44053957,419
2026-02-01,UCe7aMEBJH_sGJMCXWLCzeSA,TheFunTouch,1690,932495,170
2026-02-01,UCbwE_k9zALnzZRvkoyDhuzw,Jojo Le Geek,165000,25220640,591
2026-02-01,UCaybrunQi8xWgPMgv1AYBHw,TheiCollection,1000000,219312412,1285
2026-02-01,UCagQpz-WZtgbSp8Ry0XQ4Yw,Victor,3030,211332,49
2026-02-01,UClQPWod8Gjgw7i51t7PYibQ,Sélection Futée,2210,192570,371
2026-02-01,UCXJ_vW2t0W5hY9hS8ePnpzw,Back Market France,21900,160931347,196
2026-02-01,UCgWvhceGENT-dKBlgodnomQ,Les perdus Du numérique,12500,4107089,1964
2026-02-01,UCrsiHZzr4IjuSjnvPy5rVUQ,Daddy Dtech,114000,12146245,403
2026-02-01,UCr7ZVUNJ9KyYD92xqfinGsQ,Jimtek,16100,1357983,134
2026-02-01,UCuE3ei3NOnVjQUefjHUCF5Q,DiscoverID,377000,51851154,530
2026-02-01,UCu6HC8ahaPWqqfSvic7nWyQ,Nightech,138000,33574563,511
2026-02-01,UCz-hlzLKQ__1nKXarSedtQA,HardwareFRA,33700,7047524,742
2026-02-01,UCrAiXFptzDmgQA6gUCOz9RQ,Meta Perso,14700,1087933,49
2026-02-01,UCpaI1FRY8EGK6mEAL7Wfr9w,Yosheez,130000,58547955,853
2026-02-01,UCpSRz-eAoiSW5kaHpI_3LjA,JOLI TECH,17,14787,474
2026-02-01,UCuDNiVxL-Zfw0CBVQ4oOr8w,DealSmart FR,192,28987,23
2026-02-01,UCrSCIeCW1YuEviVZPVhEfGQ,Dorian GM,29600,5850104,269
2026-02-01,UCqRSWOqkW_oelrdUN7KQ-aQ,Les Numériques,154000,64247074,3031
2026-02-01,UCz6PEeVLG1TL6jMRTvSLm4g,Matt Talks Tech,779000,107485186,1495
2026-02-01,UCtPzJInyqqt__Tn0EaUlaAw,Science Gaming,409000,385995537,1289
2026-02-01,UCpFq62uOig4n9jT3luIYUDQ,VZX,22900,9446066,145
2026-02-01,UCt3bV9VvoCrXILlR1Z6kGmQ,Rémi Lou,134000,80583654,1184
2026-02-01,UCssuk5-zaZn9vt0_HNj-Hug,VERBOZZ,473000,60589670,284
2026-02-01,UCrwtkeoBxPfhyde5eesmvyA,CieloTech,12200,13398445,215
2026-02-01,UCyeoo6CDdAyYGyUvHWF0gSA,Garmin France,15200,51765358,1260
2026-02-01,UCySZIa8Y4e6aSVg4CISXAOA,Mathieu Dos Santos,24200,4080681,1101
2026-02-01,UCv8L8SztjsNYT4FpX8g5ATw,INFOMAX Paris,10200,6992080,324
2026-02-01,UCwWgvJHw1mNRq_ry6VoPKEg,Yada,382000,42772320,535
2026-02-01,UCuJtgmGNF_PvicQkf88t-5g,ChristoTech,305000,33252169,1394
2026-02-01,UCzICpbabqKwBTpb9XlWerjA,PassTech TV,682,127270,14
2026-02-01,UCrHCRJPuJJcINMMEETEYt4g,Le Petit Comparateur,16100,5696474,732
2026-02-01,UCxej0ZiLbbeVrz3XQZjj-MA,Huawei Mobile France,27700,43715635,120
2026-02-01,UCwsQtHFlS-LKVn8xJ3TaupQ,Monsieur Pixel,9450,1201338,219
2026-02-01,UCwZsbPUXohCN867pQzioGLw,Nicolas Barbet,15500,5687392,350
2026-02-01,UCxpT79bmhxk50l8P50WG86w,Discoverdex,78000,23973673,472
2026-02-01,UCs7Jg5KBsgiova4CrseuwIw,TheGrandTest,324000,45102227,1873
2026-02-02,UCAz-755tH3m8_BwaluzdJwQ,Numerama,218000,102469428,2081
2026-02-02,UC4vD_Spv_zjcmyfHpnAwBNA,Ixar.,15500,2387427,184
2026-02-02,UCAicNsMAZgbqPr_0QsnI1PA,Cobra.fr,6370,6934497,2142
2026-02-02,UC2HXhqg87yIWz152Ig9vkaQ,Tout Techno,32000,7041659,242
2026-02-02,UC-pdFydi9ooxEfATh3KoiIw,STEVEN,1100000,196574201,1507
2026-02-02,UCB0ffaItcXwkgbVu8Hvq3Tw,QUENTIN,224000,43340927,1302
2026-02-02,UC70eSjnRIGvRLCzT6K0SQSg,Device FR,1930,685969,864
2026-02-02,UCCM6zpvTcgXeNqLmQ9swugQ,Selectos Lifestyle,12900,4507083,196
2026-02-02,UC7rdUip5Q8R7Ki1haNbdwwg,SoloTech,254000,35201274,618
2026-02-02,UC65OszX3C9oYfNLU5AWjwYg,Aaron,2970,297149,32
2026-02-02,UC6joDErOGcFJC1vHNSfsYQg,01net,136000,48366115,1811
2026-02-02,UC1N4EIilrmXhTEdu3h7tpPg,iPhone page,1020,179516,259
2026-02-02,UC4q3HKdMqzll3SvA2Lf7oAg,Thomas in Tech,72500,21202000,948
2026-02-02,UCEPqgSzHj7vlJj5pGX9dDdA,Gilo & Alex,2320,130287,40
2026-02-02,UC6jfhJWEAfako0XlKnA2UGQ,Timena TechGeek,64100,11440064,1013
2026-02-02,UC1WIj7YGywcVoRLS0zZu2RQ,TechDams,5360,1723864,22
2026-02-02,UCDBYphtxNDXGQe5eyHYZ6Fw,GUILLAUME,497000,65742040,879
2026-02-02,UC1wV5Kf18gVbL3bWH-tWKDw,Cmonavis,62200,12464949,652
2026-02-02,UCDfGCQqgOKPYeiaG3I4vl4w,Marty,109000,22501375,880
2026-02-02,UCHgZ3SrY7FhB0KjFki50fEQ,Gabinks,1150,298944,144
2026-02-02,UC0AFqXyYs1z2Dxx5jtQBicQ,SkinnZer,44700,3620638,287
2026-02-02,UC3-dl8nKItitMxM9DNTDAfQ,Kang et ses PC,105000,26428151,140
2026-02-02,UC0V8fUv0DB5Tq7uHdG7ixyw,W38,140000,61583132,1920
2026-02-02,UCDY3WI0HqdzNADtE6B-BmUw,MrG Tech,185000,28713043,579
2026-02-02,UCA_DfRJwb5U0S4UiiH3BtUg,Jérémy Dufour,77400,14401848,984
2026-02-02,UCHGvOgxAA_MFOH1yyhjcR-Q,ArtBen,326000,38172278,266
2026-02-02,UC7XxmEXw7wXgh259vYCSjkQ,Cmonavis 2,10100,1248651,209
2026-02-02,UC69qClfvKeB9WeyySg5iQrQ,Yohann Studio,4260,2267840,318
2026-02-02,UCCUlTcDhcn72O8TiNfFJWWA,GLG video (JT Geek),69700,20251102,3344
2026-02-02,UC2XmvTlziz2LSXd_QKBwf8Q,Espritnewgen,71800,21743066,2940
2026-02-02,UCGjKSSIpN7aYQluu04kPrsA,Brandon Le Proktor,307000,44479496,403
2026-02-02,UC3aPRnneybmQcbEK-X-Qptg,GLG reviews,356000,32687239,1687
2026-02-02,UC0kacsSWviDNM7msbzGLGMQ,Tenorshare French,172000,49699747,1042
2026-02-02,UC1ndVn8sa4oTbW09P5ICOog,amazing mac TV,65900,18461429,1425
2026-02-02,UCBOGe_x7aqQV4Ly5Rfa4iow,Les Tests de Cyril,30800,2601501,453
2026-02-02,UC2lMzO7HzJ_jamFT762vfwA,Jon Rettinger en Français,324,56322,30
2026-02-02,UCDvCJx3pU8N-23ilB6tNMlg,mister gadget,4320,1602395,729
2026-02-02,UC5HtcZa4-moyfy6NTY7GHwA,TECHNO 24,473,198690,543
2026-02-02,UCBqYyDusSFntU7k2UnFGsBA,Giga Content,24700,5116244,801
2026-02-02,UCAOjk3Po21_t7L1MDHQ4-Og,FNK Hardware,249000,43156282,1236
2026-02-02,UC1F5QJFXcu1evMkYyXRGoaw,LoKan Sardari - Studio,12100,1473372,671
2026-02-02,UCC5xS4j2xUyGO2UfjFh5LsQ,Nooz,14300,2630961,611
2026-02-02,UCGMxP4yf3ixAAEKQc3d76gw,Arnaud,6200,1799732,143
2026-02-02,UCFrfK9IFqO15S7C52DdnSog,GIGATOP,43300,15198702,1081
2026-02-02,UCHJb6-VCrzQqVQASN23OskQ,Jigfio Ti Super,19100,938140,68
2026-02-02,UCB32y6dm508Hap4_Mn-ZnHQ,Presse-citron,91100,25699894,1434
2026-02-02,UC7sFrgyGelEr6eny6_PsGXQ,Tom's Guide France,40200,45866408,488
2026-02-02,UCH6ppHEvV3_WIXEwmhv9HEg,Deus Ex Silicium,408000,27998992,140
2026-02-02,UCA25ZdZZF5XE6ihPE5pwfnw,Materiel.net,31700,12779931,574
2026-02-02,UC69gruQfEHEQ4Qme0liJOdw,Ludo Tech,1760,786945,190
2026-02-02,UCR-4Ge4NbqILG5HTTvs_nFQ,Lysandre_lbd,12100,5351279,315
2026-02-02,UCOyUCj6Wx9skJggzZFUDZyA,Unlock Talk,20200,2360119,359
2026-02-02,UCJy0lX8ThZ7lCtst7JnegWQ,Jojol,2690000,610818598,2116
2026-02-02,UCQZa27_VXLUowoMsYo6Y0Dw,bazze tv,22600,3146159,263
2026-02-02,UCUbwQOAmLdZ9zPOOPFt25zQ,YanNick TECH,67000,17072899,1316
2026-02-02,UCSYFVeBI66YqDhGrYKxiCUQ,Georges,1960,145699,39
2026-02-02,UCJPa4sr9B_mLjShfHhWi8yg,TECnaiche,13500,4633961,403
2026-02-02,UCQvNFAufGf8mtN2_L8thysg,Journal du Geek,66200,31637051,2494
2026-02-02,UCTER7XOnDvSRbI2YxikLaVw,RTBF iXPé,260000,91011647,2434
2026-02-02,UCU8_onYYhNxwGUB3hA34C4Q,FrenchHardware,840000,167957925,947
2026-02-02,UCU_a5aoj_HzTMohx0JG_Z4A,GUILLAUME++,101000,9668765,297
2026-02-02,UCTmHRe6W96WgYlUNxcokpVQ,Fitfitzone,1240,166284,18
2026-02-02,UCM6kUx3GI7lTQlqMBiumaEg,technofou,43400,1923984,90
2026-02-02,UCRI5foOTNz6DuVz3SVQ1cMA,Tao Gassin,13500,1082357,53
2026-02-02,UCUD3E77YRTGK3yPSDB6Kq5Q,Monsport06,193000,13143841,506
2026-02-02,UCQSA6pCffm7epqxFqouL0Xg,Mathis et Gauthier,192000,33313420,438
2026-02-02,UCMWAxO0xGJxELkiX5_pEJNA,Pannacophone - Smartphone & Tech,91200,11495895,137
2026-02-02,UCJLKCYMkCbOW9wzmeUj8dwQ,MEHDI’N TECH,59600,3232495,132
2026-02-02,UCRhyS_ylPQ5GWBl1lK92ftA,Léo - TechMaker,2180000,367956339,1522
2026-02-02,UCUaHJ0fTA-1theR8A8Polmw,BFM Tech,574000,232091845,8323
2026-02-02,UCMc7IaTDRDtxftK9v0aXVqA,Yada 2.0,111000,16609876,205
2026-02-02,UCNiauGTV7XhkOpUAIXod4xA,Léo Duff,804000,63847617,319
2026-02-02,UCMWWgqykXE5exHk60TCZ-bw,Yukio_Clyks,27300,7401697,428
2026-02-02,UCNWE4ouC-BxzJ-Lomuuqb1Q,Isma(ël),4420,303620,44
2026-02-02,UCSPoCan8_9ELmqEVS2hUHPA,iVax,120000,20606224,483
2026-02-02,UCTOAKgwfqqCbOytF3RNGGVw,Monsieur GRrr,723000,147238861,1983
2026-02-02,UCT9QoBXRO1_z1f-Ud97RxPg,Norizon,302,25063,20
2026-02-02,UCTKa4DGeCFeThot6rcRqNow,TechnoïdFR,21900,5466054,1720
2026-02-02,UCR3uoYsbRO_S0wg2DaSlb8g,Wondershare Français,98800,15751651,1296
2026-02-02,UCQigF3tZJJlt6o1_tkYKkNQ,KAPPA Studio,230000,57368448,124
2026-02-02,UCOCoKBUmALR6d7UW_s5zgrA,Arnaud C.,106000,6892149,307
2026-02-02,UCUanZckNyJODHBdqtMzYMpA,ORLM.tv / On refait le Mac,54800,13199821,1457
2026-02-02,UCIaNSaws_Wv_eoUAmDbUK-Q,MT High Tech Deal's,2820,246064,71
2026-02-02,UCPP-NkzSqMJ9ywhJkcgrpAw,Tech_Sama,213000,29309266,757
2026-02-02,UCNOUTy_TWRJzAaSfIGserkg,Nowtech Replay (Le Mug Nowtech),5400,806219,505
2026-02-02,UCJ4p_F-vCnEn5V5OtFN8Q3w,FrenchMakito,32500,3546397,97
2026-02-02,UCJ3MlRSjtv2sT-rIDsFg0fw,Sam_VNR,4700,279411,60
2026-02-02,UCOtM8pxxBIfwqu6e8mHgUEQ,TheiMika,12800,3583903,121
2026-02-02,UCTG26Ngiphy9TCOejxGfShQ,R-Tech,126,92823,61
2026-02-02,UCP5-zNhWXk_LUPIJpxtrTnQ,Cowcotland,52600,23509817,4259
2026-02-02,UCUT9pQQGw4ZEpv5hqrv-bZw,TonyTech,91100,11666453,739
2026-02-02,UCPQsSFJurluaMOG1qL0Y7sA,PP World,448000,77608731,1035
2026-02-02,UCO14QTmfRbe9j9PTJsAhtLQ,PΔX,88900,12708244,498
2026-02-02,UCMwkAK-lhEeLld9xLiyKLMg,Captain Grochat,24800,1976029,109
2026-02-02,UCURjynFkZicGPbIIaWO9vmQ,Benji TV,60700,14434659,251
2026-02-02,UCNzUonmxxvG-HIqOC3S7Thw,VAC - Vulgarisateur Apple et compagnie,77200,1525632,228
2026-02-02,UCOaX4zvPzmv0eBbUWOOOB_A,TopAchat,101000,18661760,690
2026-02-02,UCQsb5TqYUeGWGpJFr8DMWsQ,ANONIMAL,613000,71294592,298
2026-02-02,UCOm_kuKVb4ImX_DHpIgX_zg,Skinn's Tech Deals,1960,72152,18
2026-02-02,UCIorGsaWVmlkpNsngTQPDAg,Clubic,31500,9958206,1431
2026-02-02,UChFaUrD7t1JQ0w7rObWhIRA,Millomaker,437000,53802907,85
2026-02-02,UCe7R7Pt-bxNT7EE83NLsmFQ,Avis Express - Testeur High-Tech,272000,57763567,1701
2026-02-02,UCfwLCsZhix155PAoFTBb-oQ,Mac4Ever,160000,53004149,1950
2026-02-02,UCX4A8obrGg1iX37R-fyBJ6w,Monde Tech,695,134256,124
2026-02-02,UCljgvfi_NnUrNJVHp_HGHwA,Bazar de Léo - TechMaker,72000,25494566,112
2026-02-02,UCZ5qxuvquQABNtjcawNMowA,DaddyFamtech,120000,13356438,1411
2026-02-02,UClnRNkdVq24iwIbc1O-hjlw,Yensing,20900,1265855,19
2026-02-02,UCZEdNvDcHUPEE7CDRpXnO6w,Cyril | Ctrl Bu,5930,830869,156
2026-02-02,UCZsEJw8rwd0RWAga5dulOpg,Bon Plan High Tech,13600,4560137,343
2026-02-02,UCa8Leo9o5Nnb-Cc1sWfT2HQ,MobileAddict,300000,44059072,419
2026-02-02,UCf-DN6QjyyEbhuMWCoXdXQQ,Phonandroid,144000,26480946,840
2026-02-02,UCaHolOYkfcTdC0vTFAywzXw,LoKan Sardari,87800,18270844,977
2026-02-02,UCgoxc-VKU0cw9BcM9z_qokg,Frandroid,594000,199342151,2746
2026-02-02,UCYmw-Y8TnRzO4COTBKEgUGg,Les Dénicheurs,20500,5828267,2966
2026-02-02,UCVwG9JHqGLfEO-4TkF-lf2g,Nowtech,441000,72854023,893
2026-02-02,UCoJ4gzwVvGNH5GNqiJoQAAA,Alex Reframe,131000,25022991,645
2026-02-02,UCe7aMEBJH_sGJMCXWLCzeSA,TheFunTouch,1690,932497,170
2026-02-02,UCiR9chjo9kIFMsCXgspFxqg,Braindegeek,74800,47183004,795
2026-02-02,UCYU8ljh_pDcwqDMWZoJWqwA,RABBIN DES BOIS,361000,20217950,149
2026-02-02,UClQPWod8Gjgw7i51t7PYibQ,Sélection Futée,2220,195315,371
2026-02-02,UCfc0cRoo8yYOzeuS89zpN-Q,Québec Test,301000,34530215,506
2026-02-02,UCfbwndxvM8tOtxN_GqU1R3Q,Lorenzo-high-tech,29100,4464649,951
2026-02-02,UCeFfhz1vsSxxJY26VZHw19w,Selectos Tech,117000,31759618,597
2026-02-02,UCdTrm2PZ7Wwa7xF-LbGP0dQ,Le Showroom de l'Image et du Son,15400,14819612,2817
2026-02-02,UC_FckuJiPXwA_nOEIoTsRZg,Fabien captain virtuality,12800,1794235,181
2026-02-02,UCeXhsPdO6bRK7ZycOeFdD8A,iTechNews,289000,2467414,77
2026-02-02,UCUclUivgBePqnqDGQ3Jzu2Q,TOUKIWANTI,124000,21705431,846
2026-02-02,UCgWvhceGENT-dKBlgodnomQ,Les perdus Du numérique,12500,4110042,1964
2026-02-02,UCm3QK_QNta9Mue2Q70gtzVw,Android plus,2660,454936,429
2026-02-02,UCnnYqSNKKygemgmxC9PyLTw,Ludo Salenne,257000,16801300,425
2026-02-02,UCVrceZhsV6TRyVh3VhBFaKA,MOBICLICK,2100,1176483,192
2026-02-02,UCdqC1GnhKs3aQw6j62uOvUw,Mister Perrier,57100,5075728,364
2026-02-02,UC_dzE9mydhQuQ0NwmXByDtA,André Martin,386000,55614370,977
2026-02-02,UCbwE_k9zALnzZRvkoyDhuzw,Jojo Le Geek,165000,25225352,591
2026-02-02,UCflWJq4cTuofmM-0G-GMUNQ,conseilguide,19200,6683929,1282
2026-02-02,UCc7giV0qHsCNbhjV3_ZJ22w,Paul - Nakryum,107000,15891150,581
2026-02-02,UCYnvxJ-PKiGXo_tYXpWAC-w,Micode,1830000,121591774,85
2026-02-02,UCb0sWM7tMRaEgn_hpptqnxA,Mon iPad & Moi,684,37936,29
2026-02-02,UCagQpz-WZtgbSp8Ry0XQ4Yw,Victor,3050,212350,49
2026-02-02,UCXJ_vW2t0W5hY9hS8ePnpzw,Back Market France,21900,161146723,196
2026-02-02,UCWedHS9qKebauVIK2J7383g,Underscore_,917000,113739291,199
2026-02-02,UCeUxAQ2j3OETAApTvBj5Scw,MoMo App,736000,45902524,909
2026-02-02,UCYWJ5aXwE7vyN-qtDT3uR4w,Top For Phone,148000,47119872,1643
2026-02-02,UCkQI4PEJfOY37DU_WLLzc5w,Dell Technologies France,2480,50756668,323
2026-02-02,UCfLyhjpn3hzleNtgTGOQimA,Romain PIAUD,31600,7583983,582
2026-02-02,UCkS6jlQ4RJTCdkzVCU2-FSQ,GeekEtc,21600,6249538,640
2026-02-02,UCaybrunQi8xWgPMgv1AYBHw,TheiCollection,1000000,219344423,1286
2026-02-02,UCgjhIdz3Uw9r-eMyML9M8FA,PIKATE,11800,1210514,119
2026-02-02,UCUltPy138RvnbWX_FuUHtDA,MT High-Tech,22100,2905669,315
2026-02-02,UCchpwieM3DswmDEnJ0MRq1A,Romain Lanéry,1050000,205311759,1673
2026-02-02,UCr7ZVUNJ9KyYD92xqfinGsQ,Jimtek,16100,1360060,134
2026-02-02,UCrAiXFptzDmgQA6gUCOz9RQ,Meta Perso,14700,1088221,49
2026-02-02,UCwWgvJHw1mNRq_ry6VoPKEg,Yada,382000,42788494,535
2026-02-02,UCuE3ei3NOnVjQUefjHUCF5Q,DiscoverID,377000,51857341,530
2026-02-02,UCwZsbPUXohCN867pQzioGLw,Nicolas Barbet,15500,5690539,351
2026-02-02,UCuJtgmGNF_PvicQkf88t-5g,ChristoTech,306000,33266044,1395
2026-02-02,UCs7Jg5KBsgiova4CrseuwIw,TheGrandTest,324000,45109339,1873
2026-02-02,UCxpT79bmhxk50l8P50WG86w,Discoverdex,78000,23989809,472
2026-02-02,UCtPzJInyqqt__Tn0EaUlaAw,Science Gaming,409000,386705520,1291
2026-02-02,UCxej0ZiLbbeVrz3XQZjj-MA,Huawei Mobile France,27700,43715653,120
2026-02-02,UCwsQtHFlS-LKVn8xJ3TaupQ,Monsieur Pixel,9490,1204531,220
2026-02-02,UCpFq62uOig4n9jT3luIYUDQ,VZX,22900,9449094,145
2026-02-02,UCqRSWOqkW_oelrdUN7KQ-aQ,Les Numériques,154000,64260359,3031
2026-02-02,UCu6HC8ahaPWqqfSvic7nWyQ,Nightech,139000,33701917,512
2026-02-02,UCpSRz-eAoiSW5kaHpI_3LjA,JOLI TECH,17,15011,474
2026-02-02,UCrHCRJPuJJcINMMEETEYt4g,Le Petit Comparateur,16100,5700164,733
2026-02-02,UCrSCIeCW1YuEviVZPVhEfGQ,Dorian GM,29700,5863223,269
2026-02-02,UCySZIa8Y4e6aSVg4CISXAOA,Mathieu Dos Santos,24300,4084720,1104
2026-02-02,UCt3bV9VvoCrXILlR1Z6kGmQ,Rémi Lou,134000,80612233,1184
2026-02-02,UCpaI1FRY8EGK6mEAL7Wfr9w,Yosheez,130000,58575304,854
2026-02-02,UCssuk5-zaZn9vt0_HNj-Hug,VERBOZZ,473000,60608272,284
2026-02-02,UCuDNiVxL-Zfw0CBVQ4oOr8w,DealSmart FR,193,29121,23
2026-02-02,UCz-hlzLKQ__1nKXarSedtQA,HardwareFRA,33700,7052930,743
2026-02-02,UCyeoo6CDdAyYGyUvHWF0gSA,Garmin France,15200,51951391,1260
2026-02-02,UCrsiHZzr4IjuSjnvPy5rVUQ,Daddy Dtech,114000,12163064,403
2026-02-02,UCzICpbabqKwBTpb9XlWerjA,PassTech TV,682,127284,14
2026-02-02,UCrwtkeoBxPfhyde5eesmvyA,CieloTech,12200,13512778,215
2026-02-02,UCz6PEeVLG1TL6jMRTvSLm4g,Matt Talks Tech,779000,107551933,1496
2026-02-02,UCv8L8SztjsNYT4FpX8g5ATw,INFOMAX Paris,10200,7087077,324
2026-02-03,UC0V8fUv0DB5Tq7uHdG7ixyw,W38,140000,61583290,1920
2026-02-03,UC3-dl8nKItitMxM9DNTDAfQ,Kang et ses PC,105000,26462458,140
2026-02-03,UCDBYphtxNDXGQe5eyHYZ6Fw,GUILLAUME,497000,65753125,879
2026-02-03,UCB32y6dm508Hap4_Mn-ZnHQ,Presse-citron,91200,25703655,1434
2026-02-03,UC08uERSqTFS3xSwXKMLrUVg,TECH TITANS,34700,10111572,232
2026-02-03,UC4q3HKdMqzll3SvA2Lf7oAg,Thomas in Tech,72600,21211044,949
2026-02-03,UCA_DfRJwb5U0S4UiiH3BtUg,Jérémy Dufour,77500,14505367,984
2026-02-03,UC1WIj7YGywcVoRLS0zZu2RQ,TechDams,5370,1725386,22
2026-02-03,UCGMxP4yf3ixAAEKQc3d76gw,Arnaud,6200,1801190,143
2026-02-03,UCBqYyDusSFntU7k2UnFGsBA,Giga Content,24700,5120131,802
2026-02-03,UCDvCJx3pU8N-23ilB6tNMlg,mister gadget,4320,1603673,729
2026-02-03,UC2XmvTlziz2LSXd_QKBwf8Q,Espritnewgen,71800,21745826,2944
2026-02-03,UC1N4EIilrmXhTEdu3h7tpPg,iPhone page,1020,179861,259
2026-02-03,UC69gruQfEHEQ4Qme0liJOdw,Ludo Tech,1760,787401,191
2026-02-03,UC1F5QJFXcu1evMkYyXRGoaw,LoKan Sardari - Studio,12100,1474408,672
2026-02-03,UC0AFqXyYs1z2Dxx5jtQBicQ,SkinnZer,44700,3620858,287
2026-02-03,UC4vD_Spv_zjcmyfHpnAwBNA,Ixar.,15500,2389912,184
2026-02-03,UCC5xS4j2xUyGO2UfjFh5LsQ,Nooz,14300,2634341,612
2026-02-03,UCA25ZdZZF5XE6ihPE5pwfnw,Materiel.net,31700,12782990,574
2026-02-03,UC7rdUip5Q8R7Ki1haNbdwwg,SoloTech,254000,35204565,618
2026-02-03,UC6joDErOGcFJC1vHNSfsYQg,01net,136000,48379711,1812
2026-02-03,UC7sFrgyGelEr6eny6_PsGXQ,Tom's Guide France,40200,45866987,488
2026-02-03,UC7XxmEXw7wXgh259vYCSjkQ,Cmonavis 2,10100,1249857,209
2026-02-03,UC-pdFydi9ooxEfATh3KoiIw,STEVEN,1100000,196584207,1507
2026-02-03,UCAz-755tH3m8_BwaluzdJwQ,Numerama,218000,102582927,2080
2026-02-03,UCAOjk3Po21_t7L1MDHQ4-Og,FNK Hardware,249000,43165929,1236
2026-02-03,UC3aPRnneybmQcbEK-X-Qptg,GLG reviews,357000,32699452,1687
2026-02-03,UCDfGCQqgOKPYeiaG3I4vl4w,Marty,109000,22507919,880
2026-02-03,UC1wV5Kf18gVbL3bWH-tWKDw,Cmonavis,62200,12468721,652
2026-02-03,UC70eSjnRIGvRLCzT6K0SQSg,Device FR,1930,687621,867
2026-02-03,UCDY3WI0HqdzNADtE6B-BmUw,MrG Tech,185000,28714610,579
2026-02-03,UCCUlTcDhcn72O8TiNfFJWWA,GLG video (JT Geek),69700,20252694,3346
2026-02-03,UC5HtcZa4-moyfy6NTY7GHwA,TECHNO 24,473,199342,543
2026-02-03,UC2HXhqg87yIWz152Ig9vkaQ,Tout Techno,32000,7048831,242
2026-02-03,UCEPqgSzHj7vlJj5pGX9dDdA,Gilo & Alex,2320,130406,40
2026-02-03,UCBOGe_x7aqQV4Ly5Rfa4iow,Les Tests de Cyril,30900,2603914,453
2026-02-03,UC65OszX3C9oYfNLU5AWjwYg,Aaron,2970,297384,32
2026-02-03,UCH6ppHEvV3_WIXEwmhv9HEg,Deus Ex Silicium,408000,28002550,140
2026-02-03,UCFrfK9IFqO15S7C52DdnSog,GIGATOP,43400,15210025,1083
2026-02-03,UCGjKSSIpN7aYQluu04kPrsA,Brandon Le Proktor,307000,44594021,403
2026-02-03,UC69qClfvKeB9WeyySg5iQrQ,Yohann Studio,4260,2269877,318
2026-02-03,UCFdQm01R6HPdMw4oa6a0Ihw,Qasim,38200,16900970,202
2026-02-03,UCCM6zpvTcgXeNqLmQ9swugQ,Selectos Lifestyle,12900,4508295,196
2026-02-03,UC6jfhJWEAfako0XlKnA2UGQ,Timena TechGeek,64100,11442144,1013
2026-02-03,UCGkFwY0mGku1M9_6M_NQ7Ig,Kylian Le Bris,2040,790308,61
2026-02-03,UCAicNsMAZgbqPr_0QsnI1PA,Cobra.fr,6370,6935207,2142
2026-02-03,UC2lMzO7HzJ_jamFT762vfwA,Jon Rettinger en Français,325,56459,30
2026-02-03,UC1ndVn8sa4oTbW09P5ICOog,amazing mac TV,65900,18465524,1425
2026-02-03,UC0kacsSWviDNM7msbzGLGMQ,Tenorshare French,172000,48392582,951
2026-02-03,UCB0ffaItcXwkgbVu8Hvq3Tw,QUENTIN,224000,43343506,1302
2026-02-03,UCJPa4sr9B_mLjShfHhWi8yg,TECnaiche,13500,4636434,403
2026-02-03,UCNOUTy_TWRJzAaSfIGserkg,Nowtech Replay (Le Mug Nowtech),5400,806374,505
2026-02-03,UCNiauGTV7XhkOpUAIXod4xA,Léo Duff,804000,63857896,319
2026-02-03,UCQvNFAufGf8mtN2_L8thysg,Journal du Geek,66200,31640430,2495
2026-02-03,UCJ3MlRSjtv2sT-rIDsFg0fw,Sam_VNR,4700,281099,60
2026-02-03,UCSYFVeBI66YqDhGrYKxiCUQ,Georges,2000,148413,39
2026-02-03,UCSPoCan8_9ELmqEVS2hUHPA,iVax,120000,20616766,483
2026-02-03,UCPP-NkzSqMJ9ywhJkcgrpAw,Tech_Sama,213000,29326319,757
2026-02-03,UCTG26Ngiphy9TCOejxGfShQ,R-Tech,127,93240,61
2026-02-03,UCIorGsaWVmlkpNsngTQPDAg,Clubic,31500,9960960,1431
2026-02-03,UCT9QoBXRO1_z1f-Ud97RxPg,Norizon,303,25177,20
2026-02-03,UCTER7XOnDvSRbI2YxikLaVw,RTBF iXPé,260000,91058776,2438
2026-02-03,UCRI5foOTNz6DuVz3SVQ1cMA,Tao Gassin,13500,1083681,53
2026-02-03,UCJ4p_F-vCnEn5V5OtFN8Q3w,FrenchMakito,32600,3549839,98
2026-02-03,UCOm_kuKVb4ImX_DHpIgX_zg,Skinn's Tech Deals,1960,72279,18
2026-02-03,UCMWWgqykXE5exHk60TCZ-bw,Yukio_Clyks,27300,7405270,428
2026-02-03,UCNzUonmxxvG-HIqOC3S7Thw,VAC - Vulgarisateur Apple et compagnie,77200,1526924,228
2026-02-03,UCQSA6pCffm7epqxFqouL0Xg,Mathis et Gauthier,192000,33332124,438
2026-02-03,UCL3y_psKbrdZ5FZo3dvVeEQ,Pafito,15200,8169456,96
2026-02-03,UCOtM8pxxBIfwqu6e8mHgUEQ,TheiMika,12800,3584261,121
2026-02-03,UCMc7IaTDRDtxftK9v0aXVqA,Yada 2.0,111000,16617123,205
2026-02-03,UCOyUCj6Wx9skJggzZFUDZyA,Unlock Talk,20200,2361809,359
2026-02-03,UCNWE4ouC-BxzJ-Lomuuqb1Q,Isma(ël),4430,304051,44
2026-02-03,UCQZa27_VXLUowoMsYo6Y0Dw,bazze tv,22700,3150525,264
2026-02-03,UCUT9pQQGw4ZEpv5hqrv-bZw,TonyTech,91600,11674513,739
2026-02-03,UCJLKCYMkCbOW9wzmeUj8dwQ,MEHDI’N TECH,59600,3233229,132
2026-02-03,UCHJb6-VCrzQqVQASN23OskQ,Jigfio Ti Super,19100,938511,68
2026-02-03,UCP5-zNhWXk_LUPIJpxtrTnQ,Cowcotland,52600,23511478,4259
2026-02-03,UCR3uoYsbRO_S0wg2DaSlb8g,Wondershare Français,98900,15763628,1296
2026-02-03,UCO14QTmfRbe9j9PTJsAhtLQ,PΔX,89000,12713115,498
2026-02-03,UCHgZ3SrY7FhB0KjFki50fEQ,Gabinks,1150,299555,144
2026-02-03,UCTOAKgwfqqCbOytF3RNGGVw,Monsieur GRrr,723000,147263439,1983
2026-02-03,UCR-4Ge4NbqILG5HTTvs_nFQ,Lysandre_lbd,12100,5356508,315
2026-02-03,UCHGvOgxAA_MFOH1yyhjcR-Q,ArtBen,326000,38176205,266
2026-02-03,UCU8_onYYhNxwGUB3hA34C4Q,FrenchHardware,840000,168062433,948
2026-02-03,UCUD3E77YRTGK3yPSDB6Kq5Q,Monsport06,193000,13146496,506
2026-02-03,UCM6kUx3GI7lTQlqMBiumaEg,technofou,43400,1924090,90
2026-02-03,UCOCoKBUmALR6d7UW_s5zgrA,Arnaud C.,106000,6894614,308
2026-02-03,UCJy0lX8ThZ7lCtst7JnegWQ,Jojol,2690000,610983977,2116
2026-02-03,UCRhyS_ylPQ5GWBl1lK92ftA,Léo - TechMaker,2180000,368254971,1522
2026-02-03,UCOaX4zvPzmv0eBbUWOOOB_A,TopAchat,101000,18678196,691
2026-02-03,UCQigF3tZJJlt6o1_tkYKkNQ,KAPPA Studio,230000,57403139,124
2026-02-03,UCURjynFkZicGPbIIaWO9vmQ,Benji TV,60700,14440381,251
2026-02-03,UCQsb5TqYUeGWGpJFr8DMWsQ,ANONIMAL,613000,71300590,298
2026-02-03,UCMwkAK-lhEeLld9xLiyKLMg,Captain Grochat,24800,1979109,109
2026-02-03,UCTmHRe6W96WgYlUNxcokpVQ,Fitfitzone,1240,166999,18
2026-02-03,UCPQsSFJurluaMOG1qL0Y7sA,PP World,448000,77626797,1035
2026-02-03,UCTKa4DGeCFeThot6rcRqNow,TechnoïdFR,21900,5466439,1720
2026-02-03,UCMWAxO0xGJxELkiX5_pEJNA,Pannacophone - Smartphone & Tech,91200,11499472,137
2026-02-03,UCIaNSaws_Wv_eoUAmDbUK-Q,MT High Tech Deal's,2820,246097,71
2026-02-03,UCgWvhceGENT-dKBlgodnomQ,Les perdus Du numérique,12500,4111302,1964
2026-02-03,UCYU8ljh_pDcwqDMWZoJWqwA,RABBIN DES BOIS,361000,20218530,149
2026-02-03,UCU_a5aoj_HzTMohx0JG_Z4A,GUILLAUME++,101000,9671064,298
2026-02-03,UCUclUivgBePqnqDGQ3Jzu2Q,TOUKIWANTI,124000,21717375,847
2026-02-03,UC_FckuJiPXwA_nOEIoTsRZg,Fabien captain virtuality,12800,1794735,181
2026-02-03,UCYWJ5aXwE7vyN-qtDT3uR4w,Top For Phone,148000,47120289,1643
2026-02-03,UCfc0cRoo8yYOzeuS89zpN-Q,Québec Test,301000,34546428,506
2026-02-03,UCZ5qxuvquQABNtjcawNMowA,DaddyFamtech,120000,13370084,1412
2026-02-03,UCf-DN6QjyyEbhuMWCoXdXQQ,Phonandroid,144000,26482688,840
2026-02-03,UCX4A8obrGg1iX37R-fyBJ6w,Monde Tech,696,134842,126
2026-02-03,UCWedHS9qKebauVIK2J7383g,Underscore_,917000,113793288,199
2026-02-03,UCeFfhz1vsSxxJY26VZHw19w,Selectos Tech,117000,31761511,597
2026-02-03,UCagQpz-WZtgbSp8Ry0XQ4Yw,Victor,3070,213184,49
2026-02-03,UCaHolOYkfcTdC0vTFAywzXw,LoKan Sardari,87800,18279302,978
2026-02-03,UC_dzE9mydhQuQ0NwmXByDtA,André Martin,386000,55641513,979
2026-02-03,UCflWJq4cTuofmM-0G-GMUNQ,conseilguide,19200,6686200,1283
2026-02-03,UCUbwQOAmLdZ9zPOOPFt25zQ,YanNick TECH,67000,17093433,1317
2026-02-03,UCUltPy138RvnbWX_FuUHtDA,MT High-Tech,22100,2907911,315
2026-02-03,UCVwG9JHqGLfEO-4TkF-lf2g,Nowtech,441000,72895232,893
2026-02-03,UCiR9chjo9kIFMsCXgspFxqg,Braindegeek,74800,47198525,795
2026-02-03,UCkQI4PEJfOY37DU_WLLzc5w,Dell Technologies France,2480,50755303,323
2026-02-03,UCfQxUIhFxt59kj0hK53rZGg,"nakan.ch, sport et technologies",28200,5733742,413
2026-02-03,UCdTrm2PZ7Wwa7xF-LbGP0dQ,Le Showroom de l'Image et du Son,15400,14820907,2817
2026-02-03,UCe7R7Pt-bxNT7EE83NLsmFQ,Avis Express - Testeur High-Tech,272000,57778295,1702
2026-02-03,UCaybrunQi8xWgPMgv1AYBHw,TheiCollection,1000000,219370123,1286
2026-02-03,UCUanZckNyJODHBdqtMzYMpA,ORLM.tv / On refait le Mac,54800,13204360,1458
2026-02-03,UCeXhsPdO6bRK7ZycOeFdD8A,iTechNews,289000,2485138,77
2026-02-03,UCfwLCsZhix155PAoFTBb-oQ,Mac4Ever,160000,53017583,1950
2026-02-03,UCYmw-Y8TnRzO4COTBKEgUGg,Les Dénicheurs,20600,5833622,2967
2026-02-03,UCYnvxJ-PKiGXo_tYXpWAC-w,Micode,1830000,121657932,85
2026-02-03,UCfLyhjpn3hzleNtgTGOQimA,Romain PIAUD,31600,7591080,582
2026-02-03,UCfbwndxvM8tOtxN_GqU1R3Q,Lorenzo-high-tech,29100,4469429,951
2026-02-03,UCXJ_vW2t0W5hY9hS8ePnpzw,Back Market France,21900,161261569,197
2026-02-03,UCZEdNvDcHUPEE7CDRpXnO6w,Cyril | Ctrl Bu,5930,832353,156
2026-02-03,UCeUxAQ2j3OETAApTvBj5Scw,MoMo App,736000,45912112,909
2026-02-03,UChFaUrD7t1JQ0w7rObWhIRA,Millomaker,437000,53817919,85
2026-02-03,UCchpwieM3DswmDEnJ0MRq1A,Romain Lanéry,1050000,205353252,1674
2026-02-03,UCgoxc-VKU0cw9BcM9z_qokg,Frandroid,594000,199466305,2748
2026-02-03,UCdqC1GnhKs3aQw6j62uOvUw,Mister Perrier,57100,5075939,364
2026-02-03,UCbqjtNeW9vbz6_gwOW5PybQ,KYIO,11300,5083686,395
2026-02-03,UCbwE_k9zALnzZRvkoyDhuzw,Jojo Le Geek,165000,25228692,591
2026-02-03,UCZsEJw8rwd0RWAga5dulOpg,Bon Plan High Tech,13600,4561456,343
2026-02-03,UCe7aMEBJH_sGJMCXWLCzeSA,TheFunTouch,1690,932502,170
2026-02-03,UCgjhIdz3Uw9r-eMyML9M8FA,PIKATE,11800,1213495,119
2026-02-03,UCb0sWM7tMRaEgn_hpptqnxA,Mon iPad & Moi,694,38251,29
2026-02-03,UCkS6jlQ4RJTCdkzVCU2-FSQ,GeekEtc,21600,6255105,640
2026-02-03,UCUaHJ0fTA-1theR8A8Polmw,BFM Tech,574000,232102915,8324
2026-02-03,UCc7giV0qHsCNbhjV3_ZJ22w,Paul - Nakryum,107000,15989092,582
2026-02-03,UCa8Leo9o5Nnb-Cc1sWfT2HQ,MobileAddict,300000,44062761,420
2026-02-03,UCVrceZhsV6TRyVh3VhBFaKA,MOBICLICK,2100,1179120,192
2026-02-03,UCssuk5-zaZn9vt0_HNj-Hug,VERBOZZ,473000,60620280,284
2026-02-03,UCt3bV9VvoCrXILlR1Z6kGmQ,Rémi Lou,134000,80626039,1185
2026-02-03,UClnRNkdVq24iwIbc1O-hjlw,Yensing,20900,1266763,19
2026-02-03,UCu6HC8ahaPWqqfSvic7nWyQ,Nightech,139000,33897736,512
2026-02-03,UCuDNiVxL-Zfw0CBVQ4oOr8w,DealSmart FR,194,29214,23
2026-02-03,UCrsiHZzr4IjuSjnvPy5rVUQ,Daddy Dtech,114000,12181203,403
2026-02-03,UCs7Jg5KBsgiova4CrseuwIw,TheGrandTest,325000,45114379,1875
2026-02-03,UCz-hlzLKQ__1nKXarSedtQA,HardwareFRA,33700,7055912,744
2026-02-03,UCySZIa8Y4e6aSVg4CISXAOA,Mathieu Dos Santos,24300,4088743,1105
2026-02-03,UCwZsbPUXohCN867pQzioGLw,Nicolas Barbet,15500,5695044,351
2026-02-03,UCqRSWOqkW_oelrdUN7KQ-aQ,Les Numériques,154000,64269498,3031
2026-02-03,UCpaI1FRY8EGK6mEAL7Wfr9w,Yosheez,130000,58604790,855
2026-02-03,UCr7ZVUNJ9KyYD92xqfinGsQ,Jimtek,16100,1361544,134
2026-02-03,UCxpT79bmhxk50l8P50WG86w,Discoverdex,78100,24000398,472
2026-02-03,UCuJtgmGNF_PvicQkf88t-5g,ChristoTech,306000,33282832,1395
2026-02-03,UCpSRz-eAoiSW5kaHpI_3LjA,JOLI TECH,18,15180,474
2026-02-03,UCrSCIeCW1YuEviVZPVhEfGQ,Dorian GM,29700,5872571,269
2026-02-03,UCyeoo6CDdAyYGyUvHWF0gSA,Garmin France,15200,52165357,1260
2026-02-03,UCoJ4gzwVvGNH5GNqiJoQAAA,Alex Reframe,131000,25024393,645
2026-02-03,UCsKrhME6clyYbibb4nzvgMA,Leasi,6,3634,42
2026-02-03,UCzICpbabqKwBTpb9XlWerjA,PassTech TV,682,127287,14
2026-02-03,UCrAiXFptzDmgQA6gUCOz9RQ,Meta Perso,14700,1088412,49
2026-02-03,UCnnYqSNKKygemgmxC9PyLTw,Ludo Salenne,257000,16804934,425
2026-02-03,UCm3QK_QNta9Mue2Q70gtzVw,Android plus,2660,455101,429
2026-02-03,UCwWgvJHw1mNRq_ry6VoPKEg,Yada,382000,42799461,535
2026-02-03,UCrHCRJPuJJcINMMEETEYt4g,Le Petit Comparateur,16100,5702911,734
2026-02-03,UCtPzJInyqqt__Tn0EaUlaAw,Science Gaming,409000,387060927,1291
2026-02-03,UCqC_p9Kw9pnvLvzr701beSg,Olivier Schmitt,178000,15164758,283
2026-02-03,UCpFq62uOig4n9jT3luIYUDQ,VZX,22900,9451354,145
2026-02-03,UCo2fYdtvhyXW38WiLW_yg0Q,Charles Bolduc,1920,337613,172
2026-02-03,UClQPWod8Gjgw7i51t7PYibQ,Sélection Futée,2220,196623,372
2026-02-03,UCv8L8SztjsNYT4FpX8g5ATw,INFOMAX Paris,10200,7191870,325
2026-02-03,UCljgvfi_NnUrNJVHp_HGHwA,Bazar de Léo - TechMaker,72000,25494765,112
2026-02-03,UCqHcg3sjPv2mcGqL1B60bew,"Dbc iPhone, iPad, MacBook",32100,23663870,432
2026-02-03,UCxej0ZiLbbeVrz3XQZjj-MA,Huawei Mobile France,27700,43715679,120
2026-02-03,UCwsQtHFlS-LKVn8xJ3TaupQ,Monsieur Pixel,9510,1206519,220
2026-02-03,UCuE3ei3NOnVjQUefjHUCF5Q,DiscoverID,377000,51862137,530
2026-02-03,UCrwtkeoBxPfhyde5eesmvyA,CieloTech,12200,13564313,215
2026-02-03,UCz6PEeVLG1TL6jMRTvSLm4g,Matt Talks Tech,779000,107615972,1492
2026-02-03,UClXUBKUsEdXpSl4mOr3Q3jw,Binbin Tech,13900,1582736,58
2026-02-04,UCDBYphtxNDXGQe5eyHYZ6Fw,GUILLAUME,497000,65767149,879
2026-02-04,UC1N4EIilrmXhTEdu3h7tpPg,iPhone page,1020,180311,260
2026-02-04,UCEPqgSzHj7vlJj5pGX9dDdA,Gilo & Alex,2320,130482,40
2026-02-04,UC7rdUip5Q8R7Ki1haNbdwwg,SoloTech,254000,35208935,619
2026-02-04,UCA25ZdZZF5XE6ihPE5pwfnw,Materiel.net,31700,12787277,574
2026-02-04,UC1wV5Kf18gVbL3bWH-tWKDw,Cmonavis,62300,12474344,652
2026-02-04,UC3aPRnneybmQcbEK-X-Qptg,GLG reviews,359000,32718581,1687
2026-02-04,UCBqYyDusSFntU7k2UnFGsBA,Giga Content,24700,5125478,803
2026-02-04,UC4q3HKdMqzll3SvA2Lf7oAg,Thomas in Tech,72700,21224702,949
2026-02-04,UCA_DfRJwb5U0S4UiiH3BtUg,Jérémy Dufour,77500,14635710,984
2026-02-04,UC2lMzO7HzJ_jamFT762vfwA,Jon Rettinger en Français,325,56690,31
2026-02-04,UC0V8fUv0DB5Tq7uHdG7ixyw,W38,140000,61583492,1920
2026-02-04,UCAOjk3Po21_t7L1MDHQ4-Og,FNK Hardware,249000,43174383,1236
2026-02-04,UCDfGCQqgOKPYeiaG3I4vl4w,Marty,109000,22515232,880
2026-02-04,UC69gruQfEHEQ4Qme0liJOdw,Ludo Tech,1760,789235,191
2026-02-04,UCBOGe_x7aqQV4Ly5Rfa4iow,Les Tests de Cyril,30900,2607721,453
2026-02-04,UC70eSjnRIGvRLCzT6K0SQSg,Device FR,1930,690081,870
2026-02-04,UC6joDErOGcFJC1vHNSfsYQg,01net,136000,48400215,1813
2026-02-04,UCCM6zpvTcgXeNqLmQ9swugQ,Selectos Lifestyle,12900,4509905,196
2026-02-04,UC1WIj7YGywcVoRLS0zZu2RQ,TechDams,5370,1727783,22
2026-02-04,UCC5xS4j2xUyGO2UfjFh5LsQ,Nooz,14300,2639649,612
2026-02-04,UC3-dl8nKItitMxM9DNTDAfQ,Kang et ses PC,105000,26892172,140
2026-02-04,UCGjKSSIpN7aYQluu04kPrsA,Brandon Le Proktor,307000,44737247,403
2026-02-04,UCDY3WI0HqdzNADtE6B-BmUw,MrG Tech,185000,28716590,579
2026-02-04,UC5HtcZa4-moyfy6NTY7GHwA,TECHNO 24,473,200100,543
2026-02-04,UC08uERSqTFS3xSwXKMLrUVg,TECH TITANS,34800,10171980,233
2026-02-04,UC1F5QJFXcu1evMkYyXRGoaw,LoKan Sardari - Studio,12100,1476691,672
2026-02-04,UC7XxmEXw7wXgh259vYCSjkQ,Cmonavis 2,10100,1251622,209
2026-02-04,UCGMxP4yf3ixAAEKQc3d76gw,Arnaud,6200,1802889,144
2026-02-04,UCFdQm01R6HPdMw4oa6a0Ihw,Qasim,38200,16915055,202
2026-02-04,UC0AFqXyYs1z2Dxx5jtQBicQ,SkinnZer,44700,3621187,287
2026-02-04,UCFrfK9IFqO15S7C52DdnSog,GIGATOP,43500,15229177,1083
2026-02-04,UC6jfhJWEAfako0XlKnA2UGQ,Timena TechGeek,64200,11445024,1013
2026-02-04,UCH6ppHEvV3_WIXEwmhv9HEg,Deus Ex Silicium,408000,28007033,140
2026-02-04,UCGkFwY0mGku1M9_6M_NQ7Ig,Kylian Le Bris,2190,840374,62
2026-02-04,UC7sFrgyGelEr6eny6_PsGXQ,Tom's Guide France,40200,45867633,488
2026-02-04,UC-pdFydi9ooxEfATh3KoiIw,STEVEN,1100000,196597169,1507
2026-02-04,UC0kacsSWviDNM7msbzGLGMQ,Tenorshare French,172000,45180025,938
2026-02-04,UC2HXhqg87yIWz152Ig9vkaQ,Tout Techno,32000,7057550,242
2026-02-04,UC1ndVn8sa4oTbW09P5ICOog,amazing mac TV,65900,18470233,1426
2026-02-04,UC2XmvTlziz2LSXd_QKBwf8Q,Espritnewgen,71800,21752297,2945
2026-02-04,UCAicNsMAZgbqPr_0QsnI1PA,Cobra.fr,6370,6936217,2143
2026-02-04,UC4vD_Spv_zjcmyfHpnAwBNA,Ixar.,15500,2396463,184
2026-02-04,UCDvCJx3pU8N-23ilB6tNMlg,mister gadget,4320,1604994,729
2026-02-04,UC65OszX3C9oYfNLU5AWjwYg,Aaron,2970,297711,32
2026-02-04,UCB0ffaItcXwkgbVu8Hvq3Tw,QUENTIN,224000,43346876,1302
2026-02-04,UCCUlTcDhcn72O8TiNfFJWWA,GLG video (JT Geek),69800,20256362,3347
2026-02-04,UC69qClfvKeB9WeyySg5iQrQ,Yohann Studio,4270,2271530,318
2026-02-04,UCB32y6dm508Hap4_Mn-ZnHQ,Presse-citron,91200,25708226,1435
2026-02-04,UCAz-755tH3m8_BwaluzdJwQ,Numerama,218000,102791415,2088
2026-02-04,UCRhyS_ylPQ5GWBl1lK92ftA,Léo - TechMaker,2180000,368508070,1523
2026-02-04,UCR-4Ge4NbqILG5HTTvs_nFQ,Lysandre_lbd,12100,5361761,316
2026-02-04,UCT9QoBXRO1_z1f-Ud97RxPg,Norizon,306,25323,20
2026-02-04,UCURjynFkZicGPbIIaWO9vmQ,Benji TV,60700,14447909,251
2026-02-04,UCHJb6-VCrzQqVQASN23OskQ,Jigfio Ti Super,19100,938983,68
2026-02-04,UCHGvOgxAA_MFOH1yyhjcR-Q,ArtBen,326000,38181427,266
2026-02-04,UCMwkAK-lhEeLld9xLiyKLMg,Captain Grochat,24800,1982164,109
2026-02-04,UCQigF3tZJJlt6o1_tkYKkNQ,KAPPA Studio,230000,57448784,124
2026-02-04,UCMWAxO0xGJxELkiX5_pEJNA,Pannacophone - Smartphone & Tech,91200,11504712,137
2026-02-04,UCSPoCan8_9ELmqEVS2hUHPA,iVax,120000,20631717,483
2026-02-04,UCO14QTmfRbe9j9PTJsAhtLQ,PΔX,89000,12720323,498
2026-02-04,UCOaX4zvPzmv0eBbUWOOOB_A,TopAchat,101000,18712101,691
2026-02-04,UCQSA6pCffm7epqxFqouL0Xg,Mathis et Gauthier,193000,33347773,438
2026-02-04,UCNWE4ouC-BxzJ-Lomuuqb1Q,Isma(ël),4440,304511,44
2026-02-04,UCNiauGTV7XhkOpUAIXod4xA,Léo Duff,804000,63871375,319
2026-02-04,UCOCoKBUmALR6d7UW_s5zgrA,Arnaud C.,106000,6900469,308
2026-02-04,UCTKa4DGeCFeThot6rcRqNow,TechnoïdFR,21900,5466968,1720
2026-02-04,UCU8_onYYhNxwGUB3hA34C4Q,FrenchHardware,841000,168216388,948
2026-02-04,UCOtM8pxxBIfwqu6e8mHgUEQ,TheiMika,12800,3584698,121
2026-02-04,UCTG26Ngiphy9TCOejxGfShQ,R-Tech,127,93785,61
2026-02-04,UCM6kUx3GI7lTQlqMBiumaEg,technofou,43400,1924213,90
2026-02-04,UCSYFVeBI66YqDhGrYKxiCUQ,Georges,2030,151243,40
2026-02-04,UCIorGsaWVmlkpNsngTQPDAg,Clubic,31500,9963775,1431
2026-02-04,UCNOUTy_TWRJzAaSfIGserkg,Nowtech Replay (Le Mug Nowtech),5400,806925,506
2026-02-04,UCL3y_psKbrdZ5FZo3dvVeEQ,Pafito,15200,8184942,96
2026-02-04,UCMWWgqykXE5exHk60TCZ-bw,Yukio_Clyks,27300,7409758,428
2026-02-04,UCPQsSFJurluaMOG1qL0Y7sA,PP World,448000,77649053,1035
2026-02-04,UCP5-zNhWXk_LUPIJpxtrTnQ,Cowcotland,52600,23514744,4260
2026-02-04,UCR3uoYsbRO_S0wg2DaSlb8g,Wondershare Français,98900,15780833,1296
2026-02-04,UCJPa4sr9B_mLjShfHhWi8yg,TECnaiche,13500,4640060,403
2026-02-04,UCHgZ3SrY7FhB0KjFki50fEQ,Gabinks,1150,300432,144
2026-02-04,UCTmHRe6W96WgYlUNxcokpVQ,Fitfitzone,1250,168022,18
2026-02-04,UCNzUonmxxvG-HIqOC3S7Thw,VAC - Vulgarisateur Apple et compagnie,77400,1528505,228
2026-02-04,UCQZa27_VXLUowoMsYo6Y0Dw,bazze tv,22800,3159166,265
2026-02-04,UCJy0lX8ThZ7lCtst7JnegWQ,Jojol,2690000,611187744,2116
2026-02-04,UCRI5foOTNz6DuVz3SVQ1cMA,Tao Gassin,13600,1085600,53
2026-02-04,UCOm_kuKVb4ImX_DHpIgX_zg,Skinn's Tech Deals,1970,72485,18
2026-02-04,UCOyUCj6Wx9skJggzZFUDZyA,Unlock Talk,20200,2363859,360
2026-02-04,UCTOAKgwfqqCbOytF3RNGGVw,Monsieur GRrr,723000,147296627,1983
2026-02-04,UCJ3MlRSjtv2sT-rIDsFg0fw,Sam_VNR,4710,281917,61
2026-02-04,UCTER7XOnDvSRbI2YxikLaVw,RTBF iXPé,260000,91185068,2440
2026-02-04,UCQvNFAufGf8mtN2_L8thysg,Journal du Geek,66200,31646965,2496
2026-02-04,UCPP-NkzSqMJ9ywhJkcgrpAw,Tech_Sama,213000,29338177,757
2026-02-04,UCJ4p_F-vCnEn5V5OtFN8Q3w,FrenchMakito,32600,3558498,98
2026-02-04,UCJLKCYMkCbOW9wzmeUj8dwQ,MEHDI’N TECH,59600,3234133,132
2026-02-04,UCUD3E77YRTGK3yPSDB6Kq5Q,Monsport06,193000,13150111,507
2026-02-04,UCIaNSaws_Wv_eoUAmDbUK-Q,MT High Tech Deal's,2820,246131,71
2026-02-04,UCQsb5TqYUeGWGpJFr8DMWsQ,ANONIMAL,613000,71307997,298
2026-02-04,UCMc7IaTDRDtxftK9v0aXVqA,Yada 2.0,111000,16624908,205
2026-02-04,UCUT9pQQGw4ZEpv5hqrv-bZw,TonyTech,92000,11686030,741
2026-02-04,UCUclUivgBePqnqDGQ3Jzu2Q,TOUKIWANTI,124000,21739775,847
2026-02-04,UCa8Leo9o5Nnb-Cc1sWfT2HQ,MobileAddict,300000,44073172,420
2026-02-04,UCUltPy138RvnbWX_FuUHtDA,MT High-Tech,22100,2909626,315
2026-02-04,UCbwE_k9zALnzZRvkoyDhuzw,Jojo Le Geek,165000,25233386,591
2026-02-04,UCUaHJ0fTA-1theR8A8Polmw,BFM Tech,574000,232119898,8326
2026-02-04,UCfLyhjpn3hzleNtgTGOQimA,Romain PIAUD,31600,7600303,583
2026-02-04,UCYU8ljh_pDcwqDMWZoJWqwA,RABBIN DES BOIS,361000,20219216,149
2026-02-04,UCe7R7Pt-bxNT7EE83NLsmFQ,Avis Express - Testeur High-Tech,272000,57798636,1702
2026-02-04,UCeUxAQ2j3OETAApTvBj5Scw,MoMo App,737000,45932137,909
2026-02-04,UC_FckuJiPXwA_nOEIoTsRZg,Fabien captain virtuality,12800,1795389,181
2026-02-04,UCkQI4PEJfOY37DU_WLLzc5w,Dell Technologies France,2480,50754112,323
2026-02-04,UChFaUrD7t1JQ0w7rObWhIRA,Millomaker,437000,53845636,85
2026-02-04,UCchpwieM3DswmDEnJ0MRq1A,Romain Lanéry,1050000,205403993,1675
2026-02-04,UCZEdNvDcHUPEE7CDRpXnO6w,Cyril | Ctrl Bu,5930,834359,156
2026-02-04,UCYnvxJ-PKiGXo_tYXpWAC-w,Micode,1830000,121749409,85
2026-02-04,UCc7giV0qHsCNbhjV3_ZJ22w,Paul - Nakryum,107000,16122942,582
2026-02-04,UCgjhIdz3Uw9r-eMyML9M8FA,PIKATE,11800,1217059,119
2026-02-04,UCaybrunQi8xWgPMgv1AYBHw,TheiCollection,1000000,219400451,1287
2026-02-04,UCf-DN6QjyyEbhuMWCoXdXQQ,Phonandroid,144000,26485174,840
2026-02-04,UCYWJ5aXwE7vyN-qtDT3uR4w,Top For Phone,148000,47120857,1643
2026-02-04,UCeXhsPdO6bRK7ZycOeFdD8A,iTechNews,289000,2506149,77
2026-02-04,UCUbwQOAmLdZ9zPOOPFt25zQ,YanNick TECH,67100,17119265,1318
2026-02-04,UCZsEJw8rwd0RWAga5dulOpg,Bon Plan High Tech,13600,4563218,343
2026-02-04,UCdTrm2PZ7Wwa7xF-LbGP0dQ,Le Showroom de l'Image et du Son,15400,14822699,2817
2026-02-04,UCU_a5aoj_HzTMohx0JG_Z4A,GUILLAUME++,101000,9681824,298
2026-02-04,UCWedHS9qKebauVIK2J7383g,Underscore_,917000,113865174,199
2026-02-04,UCfwLCsZhix155PAoFTBb-oQ,Mac4Ever,160000,53036643,1953
2026-02-04,UCeFfhz1vsSxxJY26VZHw19w,Selectos Tech,117000,31763972,597
2026-02-04,UCbqjtNeW9vbz6_gwOW5PybQ,KYIO,11300,5085206,395
2026-02-04,UCVrceZhsV6TRyVh3VhBFaKA,MOBICLICK,2100,1180948,193
2026-02-04,UCVwG9JHqGLfEO-4TkF-lf2g,Nowtech,441000,72920343,895
2026-02-04,UCflWJq4cTuofmM-0G-GMUNQ,conseilguide,19200,6689534,1283
2026-02-04,UCfbwndxvM8tOtxN_GqU1R3Q,Lorenzo-high-tech,29100,4475637,953
2026-02-04,UCiR9chjo9kIFMsCXgspFxqg,Braindegeek,74800,47220648,796
2026-02-04,UCgoxc-VKU0cw9BcM9z_qokg,Frandroid,595000,199704354,2749
2026-02-04,UCUanZckNyJODHBdqtMzYMpA,ORLM.tv / On refait le Mac,54800,13215194,1461
2026-02-04,UCe7aMEBJH_sGJMCXWLCzeSA,TheFunTouch,1690,932503,170
2026-02-04,UCfc0cRoo8yYOzeuS89zpN-Q,Québec Test,301000,34568941,506
2026-02-04,UCkS6jlQ4RJTCdkzVCU2-FSQ,GeekEtc,21600,6262792,640
2026-02-04,UCZ5qxuvquQABNtjcawNMowA,DaddyFamtech,120000,13405525,1412
2026-02-04,UCb0sWM7tMRaEgn_hpptqnxA,Mon iPad & Moi,697,38484,29
2026-02-04,UCYmw-Y8TnRzO4COTBKEgUGg,Les Dénicheurs,20600,5841235,2969
2026-02-04,UCX4A8obrGg1iX37R-fyBJ6w,Monde Tech,697,135596,128
2026-02-04,UCXJ_vW2t0W5hY9hS8ePnpzw,Back Market France,21900,161403209,197
2026-02-04,UCfQxUIhFxt59kj0hK53rZGg,"nakan.ch, sport et technologies",28200,5741390,413
2026-02-04,UCgWvhceGENT-dKBlgodnomQ,Les perdus Du numérique,12500,4112797,1966
2026-02-04,UCaHolOYkfcTdC0vTFAywzXw,LoKan Sardari,87800,18298066,980
2026-02-04,UCagQpz-WZtgbSp8Ry0XQ4Yw,Victor,3080,214368,49
2026-02-04,UCdqC1GnhKs3aQw6j62uOvUw,Mister Perrier,57100,5076203,364
2026-02-04,UC_dzE9mydhQuQ0NwmXByDtA,André Martin,387000,55667201,979
2026-02-04,UCpSRz-eAoiSW5kaHpI_3LjA,JOLI TECH,18,15391,480
2026-02-04,UCqRSWOqkW_oelrdUN7KQ-aQ,Les Numériques,154000,64281655,3031
2026-02-04,UCr7ZVUNJ9KyYD92xqfinGsQ,Jimtek,16100,1363343,134
2026-02-04,UCuDNiVxL-Zfw0CBVQ4oOr8w,DealSmart FR,194,29355,23
2026-02-04,UCySZIa8Y4e6aSVg4CISXAOA,Mathieu Dos Santos,24300,4092116,1107
2026-02-04,UCrHCRJPuJJcINMMEETEYt4g,Le Petit Comparateur,16100,5706880,735
2026-02-04,UCrsiHZzr4IjuSjnvPy5rVUQ,Daddy Dtech,114000,12197448,403
2026-02-04,UCz6PEeVLG1TL6jMRTvSLm4g,Matt Talks Tech,780000,107558782,1493
2026-02-04,UCu6HC8ahaPWqqfSvic7nWyQ,Nightech,139000,34071388,512
2026-02-04,UCb6bgt9GlMWk-gKrLLfXFLw,Julien Hick,10900,3257335,356
2026-02-04,UCuE3ei3NOnVjQUefjHUCF5Q,DiscoverID,377000,51868872,531
2026-02-04,UCmUm6tw3Gz8dftSDy7Eep3A,Stéphane (Biggy Tech),34900,2953354,790
2026-02-04,UChSBt06I1fa5FlDjbB0fChg,BenBraTeK,9540,1555477,58
2026-02-04,UCxej0ZiLbbeVrz3XQZjj-MA,Huawei Mobile France,27700,43715721,120
2026-02-04,UCSvD1S5kHsr9tvD3gDXkPkQ,Techmo,95300,52759289,297
2026-02-04,UCxpT79bmhxk50l8P50WG86w,Discoverdex,78100,24013979,472
2026-02-04,UClnRNkdVq24iwIbc1O-hjlw,Yensing,20900,1268081,19
2026-02-04,UClQPWod8Gjgw7i51t7PYibQ,Sélection Futée,2220,198490,373
2026-02-04,UCzICpbabqKwBTpb9XlWerjA,PassTech TV,682,127298,14
2026-02-04,UCqHcg3sjPv2mcGqL1B60bew,"Dbc iPhone, iPad, MacBook",32200,23685345,433
2026-02-04,UCt3bV9VvoCrXILlR1Z6kGmQ,Rémi Lou,134000,80654175,1185
2026-02-04,UCljgvfi_NnUrNJVHp_HGHwA,Bazar de Léo - TechMaker,72000,25495102,112
2026-02-04,UCtmEbUFh18ZmtObT78ix9Yw,Tech and Shoot,30500,6632199,1313
2026-02-04,UCrwtkeoBxPfhyde5eesmvyA,CieloTech,12300,13625039,216
2026-02-04,UCtPzJInyqqt__Tn0EaUlaAw,Science Gaming,410000,387723762,1297
2026-02-04,UCxnikUCVJLsD4GTbujlnmlQ,Comparatif Mobile,194,28448,252
2026-02-04,UClXUBKUsEdXpSl4mOr3Q3jw,Binbin Tech,13900,1585590,58
2026-02-04,UCv8L8SztjsNYT4FpX8g5ATw,INFOMAX Paris,10200,7297062,325
2026-02-04,UCpFq62uOig4n9jT3luIYUDQ,VZX,22900,9453869,145
2026-02-04,UCyeoo6CDdAyYGyUvHWF0gSA,Garmin France,15200,52463789,1263
2026-02-04,UCssuk5-zaZn9vt0_HNj-Hug,VERBOZZ,473000,60637747,284
2026-02-04,UCs7Jg5KBsgiova4CrseuwIw,TheGrandTest,325000,45139667,1875
2026-02-04,UCqC_p9Kw9pnvLvzr701beSg,Olivier Schmitt,178000,15172727,283
2026-02-04,UCfkiE_eKqeVWE0XhMNBMFdA,InfiniT,188,50397,155
2026-02-04,UCo2fYdtvhyXW38WiLW_yg0Q,Charles Bolduc,1920,337802,172
2026-02-04,UCwsQtHFlS-LKVn8xJ3TaupQ,Monsieur Pixel,9520,1208398,220
2026-02-04,UCptwuAv0XQHo1OQUSaO6NHw,Max Tech,1250000,447558227,2061
2026-02-04,UC0xLruy2ZFFpxR6ODgnhJXA,GadgetRevNow,159000,82545717,1180
2026-02-04,UCrSCIeCW1YuEviVZPVhEfGQ,Dorian GM,29800,5883998,270
2026-02-04,UCnnYqSNKKygemgmxC9PyLTw,Ludo Salenne,257000,16810430,425
2026-02-04,UCwWgvJHw1mNRq_ry6VoPKEg,Yada,382000,42813595,535
2026-02-04,UCoJ4gzwVvGNH5GNqiJoQAAA,Alex Reframe,131000,25026354,645
2026-02-04,UC3CBQLyxiC35oxJPoufLnMQ,Gizmo Rush,70800,166474770,1164
2026-02-04,UCz-hlzLKQ__1nKXarSedtQA,HardwareFRA,33700,7059986,744
2026-02-04,UCm3QK_QNta9Mue2Q70gtzVw,Android plus,2660,455339,430
2026-02-04,UCpaI1FRY8EGK6mEAL7Wfr9w,Yosheez,130000,58633257,856
2026-02-04,UCsKrhME6clyYbibb4nzvgMA,Leasi,6,3643,42
2026-02-04,UCwZsbPUXohCN867pQzioGLw,Nicolas Barbet,15500,5699397,351
2026-02-04,UCrAiXFptzDmgQA6gUCOz9RQ,Meta Perso,14700,1088712,49
2026-02-04,UCuJtgmGNF_PvicQkf88t-5g,ChristoTech,307000,33299693,1395
2026-02-05,UCBOGe_x7aqQV4Ly5Rfa4iow,Les Tests de Cyril,31000,2611049,453
2026-02-05,UC70eSjnRIGvRLCzT6K0SQSg,Device FR,1940,692526,873
2026-02-05,UC2XmvTlziz2LSXd_QKBwf8Q,Espritnewgen,71800,21757695,2945
2026-02-05,UCB0ffaItcXwkgbVu8Hvq3Tw,QUENTIN,224000,43349899,1302
2026-02-05,UC69gruQfEHEQ4Qme0liJOdw,Ludo Tech,1760,789933,192
2026-02-05,UCC5xS4j2xUyGO2UfjFh5LsQ,Nooz,14300,2643102,612
2026-02-05,UC2lMzO7HzJ_jamFT762vfwA,Jon Rettinger en Français,325,56877,32
2026-02-05,UC-pdFydi9ooxEfATh3KoiIw,STEVEN,1100000,196609229,1507
2026-02-05,UCB32y6dm508Hap4_Mn-ZnHQ,Presse-citron,91200,25713584,1436
2026-02-05,UCGMxP4yf3ixAAEKQc3d76gw,Arnaud,6220,1805431,143
2026-02-05,UC0V8fUv0DB5Tq7uHdG7ixyw,W38,140000,61583674,1920
2026-02-05,UC69qClfvKeB9WeyySg5iQrQ,Yohann Studio,4270,2273121,319
2026-02-05,UCGjKSSIpN7aYQluu04kPrsA,Brandon Le Proktor,307000,44802239,403
2026-02-05,UC5HtcZa4-moyfy6NTY7GHwA,TECHNO 24,473,200742,543
2026-02-05,UCAicNsMAZgbqPr_0QsnI1PA,Cobra.fr,6380,6937407,2143
2026-02-05,UCA25ZdZZF5XE6ihPE5pwfnw,Materiel.net,31700,12791370,574
2026-02-05,UCCM6zpvTcgXeNqLmQ9swugQ,Selectos Lifestyle,12900,4511263,196
2026-02-05,UC0xLruy2ZFFpxR6ODgnhJXA,GadgetRevNow,159000,82722310,1181
2026-02-05,UC3-dl8nKItitMxM9DNTDAfQ,Kang et ses PC,105000,27090390,141
2026-02-05,UCDfGCQqgOKPYeiaG3I4vl4w,Marty,109000,22521010,880
2026-02-05,UC1ndVn8sa4oTbW09P5ICOog,amazing mac TV,65900,18473910,1426
2026-02-05,UC4vD_Spv_zjcmyfHpnAwBNA,Ixar.,15600,2413027,184
2026-02-05,UC6jfhJWEAfako0XlKnA2UGQ,Timena TechGeek,64200,11447722,1013
2026-02-05,UC6joDErOGcFJC1vHNSfsYQg,01net,136000,48418646,1814
2026-02-05,UC1N4EIilrmXhTEdu3h7tpPg,iPhone page,1020,180672,261
2026-02-05,UCBqYyDusSFntU7k2UnFGsBA,Giga Content,24700,5132888,804
2026-02-05,UCEPqgSzHj7vlJj5pGX9dDdA,Gilo & Alex,2320,130643,40
2026-02-05,UCCUlTcDhcn72O8TiNfFJWWA,GLG video (JT Geek),69900,20261597,3348
2026-02-05,UC0kacsSWviDNM7msbzGLGMQ,Tenorshare French,172000,44682514,936
2026-02-05,UCDY3WI0HqdzNADtE6B-BmUw,MrG Tech,185000,28718433,579
2026-02-05,UC65OszX3C9oYfNLU5AWjwYg,Aaron,2970,298020,32
2026-02-05,UC1WIj7YGywcVoRLS0zZu2RQ,TechDams,5370,1730372,22
2026-02-05,UC7sFrgyGelEr6eny6_PsGXQ,Tom's Guide France,40200,45868292,488
2026-02-05,UCFdQm01R6HPdMw4oa6a0Ihw,Qasim,38300,16928243,202
2026-02-05,UCAz-755tH3m8_BwaluzdJwQ,Numerama,218000,103222525,2091
2026-02-05,UC1wV5Kf18gVbL3bWH-tWKDw,Cmonavis,62300,12479136,652
2026-02-05,UCA_DfRJwb5U0S4UiiH3BtUg,Jérémy Dufour,77500,14689484,985
2026-02-05,UC0AFqXyYs1z2Dxx5jtQBicQ,SkinnZer,44700,3621478,288
2026-02-05,UCFrfK9IFqO15S7C52DdnSog,GIGATOP,43500,15243443,1084
2026-02-05,UCDBYphtxNDXGQe5eyHYZ6Fw,GUILLAUME,497000,65779806,879
2026-02-05,UC3CBQLyxiC35oxJPoufLnMQ,Gizmo Rush,71000,166994936,1169
2026-02-05,UC2HXhqg87yIWz152Ig9vkaQ,Tout Techno,32000,7065177,242
2026-02-05,UC3aPRnneybmQcbEK-X-Qptg,GLG reviews,361000,32731216,1687
2026-02-05,UC08uERSqTFS3xSwXKMLrUVg,TECH TITANS,34900,10234974,234
2026-02-05,UC4q3HKdMqzll3SvA2Lf7oAg,Thomas in Tech,72700,21236455,950
2026-02-05,UC7XxmEXw7wXgh259vYCSjkQ,Cmonavis 2,10100,1253225,209
2026-02-05,UCAOjk3Po21_t7L1MDHQ4-Og,FNK Hardware,249000,43179848,1236
2026-02-05,UCDvCJx3pU8N-23ilB6tNMlg,mister gadget,4330,1606385,729
2026-02-05,UC1F5QJFXcu1evMkYyXRGoaw,LoKan Sardari - Studio,12100,1477750,672
2026-02-05,UC7rdUip5Q8R7Ki1haNbdwwg,SoloTech,254000,35213581,618
2026-02-05,UCIaNSaws_Wv_eoUAmDbUK-Q,MT High Tech Deal's,2820,246160,71
2026-02-05,UCHJb6-VCrzQqVQASN23OskQ,Jigfio Ti Super,19100,939325,68
2026-02-05,UCJLKCYMkCbOW9wzmeUj8dwQ,MEHDI’N TECH,59600,3235086,132
2026-02-05,UCHGvOgxAA_MFOH1yyhjcR-Q,ArtBen,326000,38185769,266
2026-02-05,UCJy0lX8ThZ7lCtst7JnegWQ,Jojol,2690000,611294863,2117
2026-02-05,UCQSA6pCffm7epqxFqouL0Xg,Mathis et Gauthier,193000,33360063,438
2026-02-05,UCMc7IaTDRDtxftK9v0aXVqA,Yada 2.0,111000,16633323,205
2026-02-05,UCTmHRe6W96WgYlUNxcokpVQ,Fitfitzone,1250,168940,18
2026-02-05,UCRhyS_ylPQ5GWBl1lK92ftA,Léo - TechMaker,2190000,368854247,1525
2026-02-05,UCR3uoYsbRO_S0wg2DaSlb8g,Wondershare Français,99000,15796662,1296
2026-02-05,UCJ3MlRSjtv2sT-rIDsFg0fw,Sam_VNR,4710,282955,60
2026-02-05,UCT9QoBXRO1_z1f-Ud97RxPg,Norizon,306,25411,20
2026-02-05,UCP5-zNhWXk_LUPIJpxtrTnQ,Cowcotland,52600,23516918,4260
2026-02-05,UCTOAKgwfqqCbOytF3RNGGVw,Monsieur GRrr,723000,147323432,1984
2026-02-05,UCH6ppHEvV3_WIXEwmhv9HEg,Deus Ex Silicium,408000,28011245,140
2026-02-05,UCQZa27_VXLUowoMsYo6Y0Dw,bazze tv,22800,3175593,264
2026-02-05,UCSYFVeBI66YqDhGrYKxiCUQ,Georges,2060,154219,39
2026-02-05,UCOyUCj6Wx9skJggzZFUDZyA,Unlock Talk,20300,2371746,361
2026-02-05,UCPQsSFJurluaMOG1qL0Y7sA,PP World,448000,77662919,1036
2026-02-05,UCNiauGTV7XhkOpUAIXod4xA,Léo Duff,804000,63882970,319
2026-02-05,UCMWAxO0xGJxELkiX5_pEJNA,Pannacophone - Smartphone & Tech,91200,11510077,137
2026-02-05,UCRI5foOTNz6DuVz3SVQ1cMA,Tao Gassin,13600,1087315,53
2026-02-05,UCQvNFAufGf8mtN2_L8thysg,Journal du Geek,66200,31653590,2497
2026-02-05,UCPP-NkzSqMJ9ywhJkcgrpAw,Tech_Sama,214000,29344651,757
2026-02-05,UCMWWgqykXE5exHk60TCZ-bw,Yukio_Clyks,27400,7413764,428
2026-02-05,UCR-4Ge4NbqILG5HTTvs_nFQ,Lysandre_lbd,12100,5369482,316
2026-02-05,UCMwkAK-lhEeLld9xLiyKLMg,Captain Grochat,24800,1983348,109
2026-02-05,UCQsb5TqYUeGWGpJFr8DMWsQ,ANONIMAL,613000,71314449,298
2026-02-05,UCOtM8pxxBIfwqu6e8mHgUEQ,TheiMika,12800,3585123,121
2026-02-05,UCJPa4sr9B_mLjShfHhWi8yg,TECnaiche,13500,4643564,403
2026-02-05,UCQigF3tZJJlt6o1_tkYKkNQ,KAPPA Studio,230000,57491011,124
2026-02-05,UCOCoKBUmALR6d7UW_s5zgrA,Arnaud C.,106000,6905311,309
2026-02-05,UCSvD1S5kHsr9tvD3gDXkPkQ,Techmo,95400,52901565,298
2026-02-05,UCU8_onYYhNxwGUB3hA34C4Q,FrenchHardware,841000,168336032,940
2026-02-05,UCTKa4DGeCFeThot6rcRqNow,TechnoïdFR,21900,5467421,1720
2026-02-05,UCJ4p_F-vCnEn5V5OtFN8Q3w,FrenchMakito,32600,3566951,99
2026-02-05,UCOaX4zvPzmv0eBbUWOOOB_A,TopAchat,101000,18742635,693
2026-02-05,UCTG26Ngiphy9TCOejxGfShQ,R-Tech,127,94262,61
2026-02-05,UCM6kUx3GI7lTQlqMBiumaEg,technofou,43400,1924307,90
2026-02-05,UCNzUonmxxvG-HIqOC3S7Thw,VAC - Vulgarisateur Apple et compagnie,77500,1529950,228
2026-02-05,UCOm_kuKVb4ImX_DHpIgX_zg,Skinn's Tech Deals,1970,72664,18
2026-02-05,UCTER7XOnDvSRbI2YxikLaVw,RTBF iXPé,260000,91265065,2442
2026-02-05,UCIorGsaWVmlkpNsngTQPDAg,Clubic,31500,9965964,1431
2026-02-05,UCO14QTmfRbe9j9PTJsAhtLQ,PΔX,89100,12726700,499
2026-02-05,UCHgZ3SrY7FhB0KjFki50fEQ,Gabinks,1150,301215,145
2026-02-05,UCL3y_psKbrdZ5FZo3dvVeEQ,Pafito,15200,8203016,96
2026-02-05,UCNOUTy_TWRJzAaSfIGserkg,Nowtech Replay (Le Mug Nowtech),5400,807222,506
2026-02-05,UCSPoCan8_9ELmqEVS2hUHPA,iVax,120000,20644267,483
2026-02-05,UCGkFwY0mGku1M9_6M_NQ7Ig,Kylian Le Bris,2310,987540,64
2026-02-05,UCNWE4ouC-BxzJ-Lomuuqb1Q,Isma(ël),4440,304842,44
2026-02-05,UCgjhIdz3Uw9r-eMyML9M8FA,PIKATE,11800,1219939,119
2026-02-05,UCUbwQOAmLdZ9zPOOPFt25zQ,YanNick TECH,67200,17145885,1319
2026-02-05,UCYU8ljh_pDcwqDMWZoJWqwA,RABBIN DES BOIS,361000,20220075,149
2026-02-05,UCbqjtNeW9vbz6_gwOW5PybQ,KYIO,11300,5086588,395
2026-02-05,UCUT9pQQGw4ZEpv5hqrv-bZw,TonyTech,92100,11696368,743
2026-02-05,UCUaHJ0fTA-1theR8A8Polmw,BFM Tech,574000,232138509,8328
2026-02-05,UCYnvxJ-PKiGXo_tYXpWAC-w,Micode,1830000,121836717,85
2026-02-05,UCaybrunQi8xWgPMgv1AYBHw,TheiCollection,1000000,219432517,1286
2026-02-05,UCVwG9JHqGLfEO-4TkF-lf2g,Nowtech,441000,72955445,896
2026-02-05,UCX4A8obrGg1iX37R-fyBJ6w,Monde Tech,699,136293,129
2026-02-05,UCZ5qxuvquQABNtjcawNMowA,DaddyFamtech,121000,13427086,1413
2026-02-05,UCURjynFkZicGPbIIaWO9vmQ,Benji TV,60700,14454610,251
2026-02-05,UCbwE_k9zALnzZRvkoyDhuzw,Jojo Le Geek,165000,25237923,592
2026-02-05,UCfc0cRoo8yYOzeuS89zpN-Q,Québec Test,301000,34587997,506
2026-02-05,UCYWJ5aXwE7vyN-qtDT3uR4w,Top For Phone,148000,47121384,1643
2026-02-05,UCb0sWM7tMRaEgn_hpptqnxA,Mon iPad & Moi,700,38718,29
2026-02-05,UCU_a5aoj_HzTMohx0JG_Z4A,GUILLAUME++,101000,9685854,298
2026-02-05,UCZEdNvDcHUPEE7CDRpXnO6w,Cyril | Ctrl Bu,5950,836493,156
2026-02-05,UCagQpz-WZtgbSp8Ry0XQ4Yw,Victor,3090,215139,49
2026-02-05,UCXJ_vW2t0W5hY9hS8ePnpzw,Back Market France,21900,161524192,197
2026-02-05,UCUD3E77YRTGK3yPSDB6Kq5Q,Monsport06,193000,13155004,508
2026-02-05,UCfkiE_eKqeVWE0XhMNBMFdA,InfiniT,189,50488,156
2026-02-05,UCflWJq4cTuofmM-0G-GMUNQ,conseilguide,19200,6692478,1283
2026-02-05,UCfwLCsZhix155PAoFTBb-oQ,Mac4Ever,160000,53064363,1951
2026-02-05,UCeFfhz1vsSxxJY26VZHw19w,Selectos Tech,117000,31766180,597
2026-02-05,UC_FckuJiPXwA_nOEIoTsRZg,Fabien captain virtuality,12800,1796018,181
2026-02-05,UCVrceZhsV6TRyVh3VhBFaKA,MOBICLICK,2100,1184323,193
2026-02-05,UCeUxAQ2j3OETAApTvBj5Scw,MoMo App,737000,45952375,910
2026-02-05,UCb6bgt9GlMWk-gKrLLfXFLw,Julien Hick,10900,3259271,356
2026-02-05,UCZsEJw8rwd0RWAga5dulOpg,Bon Plan High Tech,13600,4564766,343
2026-02-05,UCWedHS9qKebauVIK2J7383g,Underscore_,917000,113923792,199
2026-02-05,UCa8Leo9o5Nnb-Cc1sWfT2HQ,MobileAddict,300000,44080142,420
2026-02-05,UCdqC1GnhKs3aQw6j62uOvUw,Mister Perrier,57100,5076457,364
2026-02-05,UCf-DN6QjyyEbhuMWCoXdXQQ,Phonandroid,144000,26487424,840
2026-02-05,UCUltPy138RvnbWX_FuUHtDA,MT High-Tech,22100,2910711,315
2026-02-05,UCfQxUIhFxt59kj0hK53rZGg,"nakan.ch, sport et technologies",28300,5746164,413
2026-02-05,UCdTrm2PZ7Wwa7xF-LbGP0dQ,Le Showroom de l'Image et du Son,15400,14824260,2817
2026-02-05,UCc7giV0qHsCNbhjV3_ZJ22w,Paul - Nakryum,107000,16177361,582
2026-02-05,UCfbwndxvM8tOtxN_GqU1R3Q,Lorenzo-high-tech,29100,4480473,954
2026-02-05,UCchpwieM3DswmDEnJ0MRq1A,Romain Lanéry,1050000,205441223,1676
2026-02-05,UCaHolOYkfcTdC0vTFAywzXw,LoKan Sardari,87800,18324856,979
2026-02-05,UC_dzE9mydhQuQ0NwmXByDtA,André Martin,387000,55693473,980
2026-02-05,UCYmw-Y8TnRzO4COTBKEgUGg,Les Dénicheurs,20600,5847851,2971
2026-02-05,UCe7R7Pt-bxNT7EE83NLsmFQ,Avis Express - Testeur High-Tech,272000,57815844,1703
2026-02-05,UCeXhsPdO6bRK7ZycOeFdD8A,iTechNews,289000,2522757,77
2026-02-05,UCUclUivgBePqnqDGQ3Jzu2Q,TOUKIWANTI,124000,21754117,847
2026-02-05,UCUanZckNyJODHBdqtMzYMpA,ORLM.tv / On refait le Mac,54800,13233254,1464
2026-02-05,UCgWvhceGENT-dKBlgodnomQ,Les perdus Du numérique,12500,4114412,1964
2026-02-05,UCe7aMEBJH_sGJMCXWLCzeSA,TheFunTouch,1690,932507,170
2026-02-05,UCfLyhjpn3hzleNtgTGOQimA,Romain PIAUD,31600,7609761,584
2026-02-05,UCxpT79bmhxk50l8P50WG86w,Discoverdex,78100,24025594,472
2026-02-05,UCrHCRJPuJJcINMMEETEYt4g,Le Petit Comparateur,16100,5710278,734
2026-02-05,UCo2fYdtvhyXW38WiLW_yg0Q,Charles Bolduc,1920,337924,172
2026-02-05,UCwZsbPUXohCN867pQzioGLw,Nicolas Barbet,15500,5702670,351
2026-02-05,UCrwtkeoBxPfhyde5eesmvyA,CieloTech,12300,13748219,215
2026-02-05,UCqC_p9Kw9pnvLvzr701beSg,Olivier Schmitt,178000,15181305,283
2026-02-05,UCgoxc-VKU0cw9BcM9z_qokg,Frandroid,595000,199802722,2751
2026-02-05,UCnnYqSNKKygemgmxC9PyLTw,Ludo Salenne,257000,16815305,425
2026-02-05,UCwsQtHFlS-LKVn8xJ3TaupQ,Monsieur Pixel,9530,1210014,220
2026-02-05,UCzICpbabqKwBTpb9XlWerjA,PassTech TV,682,127305,14
2026-02-05,UCtmEbUFh18ZmtObT78ix9Yw,Tech and Shoot,30500,6635646,1314
2026-02-05,UCs7Jg5KBsgiova4CrseuwIw,TheGrandTest,325000,45169144,1875
2026-02-05,UClXUBKUsEdXpSl4mOr3Q3jw,Binbin Tech,13900,1588155,58
2026-02-05,UCr7ZVUNJ9KyYD92xqfinGsQ,Jimtek,16100,1366500,135
2026-02-05,UCxnikUCVJLsD4GTbujlnmlQ,Comparatif Mobile,194,28538,252
2026-02-05,UCySZIa8Y4e6aSVg4CISXAOA,Mathieu Dos Santos,24300,4095520,1108
2026-02-05,UCtPzJInyqqt__Tn0EaUlaAw,Science Gaming,410000,388521755,1300
2026-02-05,UClnRNkdVq24iwIbc1O-hjlw,Yensing,20900,1269135,19
2026-02-05,UChSBt06I1fa5FlDjbB0fChg,BenBraTeK,9550,1557179,59
2026-02-05,UCuJtgmGNF_PvicQkf88t-5g,ChristoTech,308000,33304346,1395
2026-02-05,UCrSCIeCW1YuEviVZPVhEfGQ,Dorian GM,29800,5897097,269
2026-02-05,UCptwuAv0XQHo1OQUSaO6NHw,Max Tech,1250000,447615585,2062
2026-02-05,UCqHcg3sjPv2mcGqL1B60bew,"Dbc iPhone, iPad, MacBook",32200,23716998,435
2026-02-05,UCssuk5-zaZn9vt0_HNj-Hug,VERBOZZ,473000,60654952,284
2026-02-05,UCrAiXFptzDmgQA6gUCOz9RQ,Meta Perso,14700,1088902,49
2026-02-05,UCt3bV9VvoCrXILlR1Z6kGmQ,Rémi Lou,134000,80687057,1187
2026-02-05,UCuDNiVxL-Zfw0CBVQ4oOr8w,DealSmart FR,194,29506,23
2026-02-05,UCkS6jlQ4RJTCdkzVCU2-FSQ,GeekEtc,21700,6269481,640
2026-02-05,UCpFq62uOig4n9jT3luIYUDQ,VZX,22900,9456174,145
2026-02-05,UCmUm6tw3Gz8dftSDy7Eep3A,Stéphane (Biggy Tech),34900,2954189,790
2026-02-05,UCiR9chjo9kIFMsCXgspFxqg,Braindegeek,74800,47247562,795
2026-02-05,UClQPWod8Gjgw7i51t7PYibQ,Sélection Futée,2230,199505,373
2026-02-05,UCpSRz-eAoiSW5kaHpI_3LjA,JOLI TECH,19,15591,486
2026-02-05,UCxej0ZiLbbeVrz3XQZjj-MA,Huawei Mobile France,27700,43715756,120
2026-02-05,UCsKrhME6clyYbibb4nzvgMA,Leasi,6,3648,42
2026-02-05,UCrsiHZzr4IjuSjnvPy5rVUQ,Daddy Dtech,114000,12203810,403
2026-02-05,UCpaI1FRY8EGK6mEAL7Wfr9w,Yosheez,130000,58661209,857
2026-02-05,UCyeoo6CDdAyYGyUvHWF0gSA,Garmin France,15200,52637081,1263
2026-02-05,UCwWgvJHw1mNRq_ry6VoPKEg,Yada,382000,42827275,535
2026-02-05,UChFaUrD7t1JQ0w7rObWhIRA,Millomaker,437000,53868772,85
2026-02-05,UCv8L8SztjsNYT4FpX8g5ATw,INFOMAX Paris,10200,7372752,326
2026-02-05,UCkQI4PEJfOY37DU_WLLzc5w,Dell Technologies France,2480,50754150,323
2026-02-05,UCz-hlzLKQ__1nKXarSedtQA,HardwareFRA,33700,7063819,746
2026-02-05,UCu6HC8ahaPWqqfSvic7nWyQ,Nightech,139000,34184132,513
2026-02-05,UCuE3ei3NOnVjQUefjHUCF5Q,DiscoverID,377000,51913062,530
2026-02-05,UCz6PEeVLG1TL6jMRTvSLm4g,Matt Talks Tech,780000,107611651,1495
2026-02-05,UCqRSWOqkW_oelrdUN7KQ-aQ,Les Numériques,154000,64291993,3031
2026-02-05,UCoJ4gzwVvGNH5GNqiJoQAAA,Alex Reframe,131000,25028207,645
2026-02-05,UCm3QK_QNta9Mue2Q70gtzVw,Android plus,2660,455507,431
2026-02-05,UCljgvfi_NnUrNJVHp_HGHwA,Bazar de Léo - TechMaker,72000,25495512,112
2026-02-06,UC1N4EIilrmXhTEdu3h7tpPg,iPhone page,1020,181149,261
2026-02-06,UCCUlTcDhcn72O8TiNfFJWWA,GLG video (JT Geek),70000,20264689,3349
2026-02-06,UCB32y6dm508Hap4_Mn-ZnHQ,Presse-citron,91200,25719809,1437
2026-02-06,UCCM6zpvTcgXeNqLmQ9swugQ,Selectos Lifestyle,12900,4512607,196
2026-02-06,UC69qClfvKeB9WeyySg5iQrQ,Yohann Studio,4280,2275951,319
2026-02-06,UCAicNsMAZgbqPr_0QsnI1PA,Cobra.fr,6380,6938788,2143
2026-02-06,UC65OszX3C9oYfNLU5AWjwYg,Aaron,2970,298363,32
2026-02-06,UCA25ZdZZF5XE6ihPE5pwfnw,Materiel.net,31700,12795347,574
2026-02-06,UCAz-755tH3m8_BwaluzdJwQ,Numerama,219000,103595495,2092
2026-02-06,UC2XmvTlziz2LSXd_QKBwf8Q,Espritnewgen,71800,21761791,2945
2026-02-06,UCDY3WI0HqdzNADtE6B-BmUw,MrG Tech,185000,28720284,580
2026-02-06,UC1ndVn8sa4oTbW09P5ICOog,amazing mac TV,66000,18477292,1428
2026-02-06,UC7sFrgyGelEr6eny6_PsGXQ,Tom's Guide France,40200,45868850,488
2026-02-06,UC4q3HKdMqzll3SvA2Lf7oAg,Thomas in Tech,72800,21250091,950
2026-02-06,UCBOGe_x7aqQV4Ly5Rfa4iow,Les Tests de Cyril,31000,2614003,453
2026-02-06,UCDvCJx3pU8N-23ilB6tNMlg,mister gadget,4330,1607705,729
2026-02-06,UCEPqgSzHj7vlJj5pGX9dDdA,Gilo & Alex,2320,130758,40
2026-02-06,UC69gruQfEHEQ4Qme0liJOdw,Ludo Tech,1760,791336,192
2026-02-06,UC3CBQLyxiC35oxJPoufLnMQ,Gizmo Rush,71200,167557755,1174
2026-02-06,UC1wV5Kf18gVbL3bWH-tWKDw,Cmonavis,62300,12484279,652
2026-02-06,UCDBYphtxNDXGQe5eyHYZ6Fw,GUILLAUME,497000,65792819,879
2026-02-06,UCAOjk3Po21_t7L1MDHQ4-Og,FNK Hardware,249000,43185043,1236
2026-02-06,UC-pdFydi9ooxEfATh3KoiIw,STEVEN,1100000,196622209,1507
2026-02-06,UC0V8fUv0DB5Tq7uHdG7ixyw,W38,140000,61583854,1920
2026-02-06,UCGMxP4yf3ixAAEKQc3d76gw,Arnaud,6230,1807891,144
2026-02-06,UC0AFqXyYs1z2Dxx5jtQBicQ,SkinnZer,44700,3622908,288
2026-02-06,UCC5xS4j2xUyGO2UfjFh5LsQ,Nooz,14400,2646360,613
2026-02-06,UC2lMzO7HzJ_jamFT762vfwA,Jon Rettinger en Français,325,57909,32
2026-02-06,UC3aPRnneybmQcbEK-X-Qptg,GLG reviews,363000,32741241,1687
2026-02-06,UCB0ffaItcXwkgbVu8Hvq3Tw,QUENTIN,224000,43352986,1302
2026-02-06,UC6joDErOGcFJC1vHNSfsYQg,01net,136000,48436053,1815
2026-02-06,UC2HXhqg87yIWz152Ig9vkaQ,Tout Techno,32000,7072744,242
2026-02-06,UC3-dl8nKItitMxM9DNTDAfQ,Kang et ses PC,106000,27154021,142
2026-02-06,UC5HtcZa4-moyfy6NTY7GHwA,TECHNO 24,473,201496,543
2026-02-06,UC70eSjnRIGvRLCzT6K0SQSg,Device FR,1950,694692,876
2026-02-06,UCGjKSSIpN7aYQluu04kPrsA,Brandon Le Proktor,307000,44819756,403
2026-02-06,UC4vD_Spv_zjcmyfHpnAwBNA,Ixar.,15600,2431469,184
2026-02-06,UC7XxmEXw7wXgh259vYCSjkQ,Cmonavis 2,10100,1254953,209
2026-02-06,UC6jfhJWEAfako0XlKnA2UGQ,Timena TechGeek,64200,11450524,1013
2026-02-06,UC1WIj7YGywcVoRLS0zZu2RQ,TechDams,5370,1732638,22
2026-02-06,UCFrfK9IFqO15S7C52DdnSog,GIGATOP,43600,15258278,1084
2026-02-06,UC1F5QJFXcu1evMkYyXRGoaw,LoKan Sardari - Studio,12100,1478811,673
2026-02-06,UC7rdUip5Q8R7Ki1haNbdwwg,SoloTech,254000,35217223,620
2026-02-06,UCA_DfRJwb5U0S4UiiH3BtUg,Jérémy Dufour,77500,14701052,986
2026-02-06,UC0kacsSWviDNM7msbzGLGMQ,Tenorshare French,172000,44698136,936
2026-02-06,UC08uERSqTFS3xSwXKMLrUVg,TECH TITANS,34900,10295058,235
2026-02-06,UCBqYyDusSFntU7k2UnFGsBA,Giga Content,24700,5137847,805
2026-02-06,UCDfGCQqgOKPYeiaG3I4vl4w,Marty,109000,22527156,880
2026-02-06,UCFdQm01R6HPdMw4oa6a0Ihw,Qasim,38300,16938901,203
2026-02-06,UC0xLruy2ZFFpxR6ODgnhJXA,GadgetRevNow,159000,82909458,1181
2026-02-06,UCIaNSaws_Wv_eoUAmDbUK-Q,MT High Tech Deal's,2820,246176,71
2026-02-06,UCSYFVeBI66YqDhGrYKxiCUQ,Georges,2090,155940,40
2026-02-06,UCQvNFAufGf8mtN2_L8thysg,Journal du Geek,66200,31659471,2498
2026-02-06,UCHJb6-VCrzQqVQASN23OskQ,Jigfio Ti Super,19100,939803,68
2026-02-06,UCR-4Ge4NbqILG5HTTvs_nFQ,Lysandre_lbd,12100,5374689,317
2026-02-06,UCO14QTmfRbe9j9PTJsAhtLQ,PΔX,89100,12751675,499
2026-02-06,UCMc7IaTDRDtxftK9v0aXVqA,Yada 2.0,111000,16640276,205
2026-02-06,UCTKa4DGeCFeThot6rcRqNow,TechnoïdFR,21900,5467993,1721
2026-02-06,UCOCoKBUmALR6d7UW_s5zgrA,Arnaud C.,106000,6910645,309
2026-02-06,UCJ3MlRSjtv2sT-rIDsFg0fw,Sam_VNR,4710,283990,61
2026-02-06,UCU8_onYYhNxwGUB3hA34C4Q,FrenchHardware,841000,168175510,940
2026-02-06,UCJPa4sr9B_mLjShfHhWi8yg,TECnaiche,13500,4647001,403
2026-02-06,UCTG26Ngiphy9TCOejxGfShQ,R-Tech,127,94778,61
2026-02-06,UCJy0lX8ThZ7lCtst7JnegWQ,Jojol,2690000,611406957,2117
2026-02-06,UCGkFwY0mGku1M9_6M_NQ7Ig,Kylian Le Bris,2400,1066605,65
2026-02-06,UCJ4p_F-vCnEn5V5OtFN8Q3w,FrenchMakito,32600,3573286,99
2026-02-06,UCH6ppHEvV3_WIXEwmhv9HEg,Deus Ex Silicium,408000,28016209,140
2026-02-06,UCNWE4ouC-BxzJ-Lomuuqb1Q,Isma(ël),4440,305307,44
2026-02-06,UCL3y_psKbrdZ5FZo3dvVeEQ,Pafito,15200,8219336,96
2026-02-06,UCNOUTy_TWRJzAaSfIGserkg,Nowtech Replay (Le Mug Nowtech),5410,808280,507
2026-02-06,UCTOAKgwfqqCbOytF3RNGGVw,Monsieur GRrr,723000,147364391,1984
2026-02-06,UCP5-zNhWXk_LUPIJpxtrTnQ,Cowcotland,52600,23519095,4261
2026-02-06,UCQigF3tZJJlt6o1_tkYKkNQ,KAPPA Studio,230000,57530361,124
2026-02-06,UCOyUCj6Wx9skJggzZFUDZyA,Unlock Talk,20300,2375580,362
2026-02-06,UCMWAxO0xGJxELkiX5_pEJNA,Pannacophone - Smartphone & Tech,91200,11515249,137
2026-02-06,UCHGvOgxAA_MFOH1yyhjcR-Q,ArtBen,326000,38189689,266
2026-02-06,UCOm_kuKVb4ImX_DHpIgX_zg,Skinn's Tech Deals,1970,72803,18
2026-02-06,UCQsb5TqYUeGWGpJFr8DMWsQ,ANONIMAL,613000,71319291,298
2026-02-06,UCRhyS_ylPQ5GWBl1lK92ftA,Léo - TechMaker,2190000,369709195,1526
2026-02-06,UCT9QoBXRO1_z1f-Ud97RxPg,Norizon,307,25547,20
2026-02-06,UCTER7XOnDvSRbI2YxikLaVw,RTBF iXPé,260000,91337548,2444
2026-02-06,UCTmHRe6W96WgYlUNxcokpVQ,Fitfitzone,1250,169853,18
2026-02-06,UCIorGsaWVmlkpNsngTQPDAg,Clubic,31500,9967903,1432
2026-02-06,UCSvD1S5kHsr9tvD3gDXkPkQ,Techmo,95700,53053101,299
2026-02-06,UCNzUonmxxvG-HIqOC3S7Thw,VAC - Vulgarisateur Apple et compagnie,77600,1531628,228
2026-02-06,UCR3uoYsbRO_S0wg2DaSlb8g,Wondershare Français,99000,15813311,1296
2026-02-06,UCHgZ3SrY7FhB0KjFki50fEQ,Gabinks,1150,301982,145
2026-02-06,UCOtM8pxxBIfwqu6e8mHgUEQ,TheiMika,12800,3585532,121
2026-02-06,UCPQsSFJurluaMOG1qL0Y7sA,PP World,448000,77736504,1036
2026-02-06,UCQZa27_VXLUowoMsYo6Y0Dw,bazze tv,22900,3183652,265
2026-02-06,UCPP-NkzSqMJ9ywhJkcgrpAw,Tech_Sama,214000,29350764,757
2026-02-06,UCNiauGTV7XhkOpUAIXod4xA,Léo Duff,804000,63895329,319
2026-02-06,UCJLKCYMkCbOW9wzmeUj8dwQ,MEHDI’N TECH,59700,3236035,132
2026-02-06,UCQSA6pCffm7epqxFqouL0Xg,Mathis et Gauthier,193000,33374538,439
2026-02-06,UCMWWgqykXE5exHk60TCZ-bw,Yukio_Clyks,27400,7416968,428
2026-02-06,UCMwkAK-lhEeLld9xLiyKLMg,Captain Grochat,24800,1984561,109
2026-02-06,UCM6kUx3GI7lTQlqMBiumaEg,technofou,43400,1924424,90
2026-02-06,UCOaX4zvPzmv0eBbUWOOOB_A,TopAchat,101000,18777480,694
2026-02-06,UCSPoCan8_9ELmqEVS2hUHPA,iVax,120000,20650451,483
2026-02-06,UCRI5foOTNz6DuVz3SVQ1cMA,Tao Gassin,13600,1088869,53
2026-02-06,UCaybrunQi8xWgPMgv1AYBHw,TheiCollection,1000000,219459723,1287
2026-02-06,UCchpwieM3DswmDEnJ0MRq1A,Romain Lanéry,1050000,205493633,1677
2026-02-06,UC_FckuJiPXwA_nOEIoTsRZg,Fabien captain virtuality,12800,1796635,181
2026-02-06,UCb0sWM7tMRaEgn_hpptqnxA,Mon iPad & Moi,701,38923,29
2026-02-06,UCURjynFkZicGPbIIaWO9vmQ,Benji TV,60700,14461428,251
2026-02-06,UCfkiE_eKqeVWE0XhMNBMFdA,InfiniT,189,50604,156
2026-02-06,UCeFfhz1vsSxxJY26VZHw19w,Selectos Tech,117000,31768397,597
2026-02-06,UCZEdNvDcHUPEE7CDRpXnO6w,Cyril | Ctrl Bu,5950,838314,156
2026-02-06,UCgWvhceGENT-dKBlgodnomQ,Les perdus Du numérique,12500,4116007,1966
2026-02-06,UCUanZckNyJODHBdqtMzYMpA,ORLM.tv / On refait le Mac,54800,13253695,1465
2026-02-06,UCUltPy138RvnbWX_FuUHtDA,MT High-Tech,22100,2911972,315
2026-02-06,UCX4A8obrGg1iX37R-fyBJ6w,Monde Tech,701,137044,130
2026-02-06,UCfQxUIhFxt59kj0hK53rZGg,"nakan.ch, sport et technologies",28300,5749494,413
2026-02-06,UCYmw-Y8TnRzO4COTBKEgUGg,Les Dénicheurs,20600,5854784,2973
2026-02-06,UCe7aMEBJH_sGJMCXWLCzeSA,TheFunTouch,1690,932514,170
2026-02-06,UCYU8ljh_pDcwqDMWZoJWqwA,RABBIN DES BOIS,361000,20221012,149
2026-02-06,UCgjhIdz3Uw9r-eMyML9M8FA,PIKATE,11900,1222773,119
2026-02-06,UCf-DN6QjyyEbhuMWCoXdXQQ,Phonandroid,144000,26489840,840
2026-02-06,UCVwG9JHqGLfEO-4TkF-lf2g,Nowtech,441000,72981628,896
2026-02-06,UCUclUivgBePqnqDGQ3Jzu2Q,TOUKIWANTI,124000,21768157,847
2026-02-06,UCe7R7Pt-bxNT7EE83NLsmFQ,Avis Express - Testeur High-Tech,272000,57836637,1703
2026-02-06,UCflWJq4cTuofmM-0G-GMUNQ,conseilguide,19200,6695492,1283
2026-02-06,UCUD3E77YRTGK3yPSDB6Kq5Q,Monsport06,193000,13161957,508
2026-02-06,UCdqC1GnhKs3aQw6j62uOvUw,Mister Perrier,57100,5076739,364
2026-02-06,UCUT9pQQGw4ZEpv5hqrv-bZw,TonyTech,92300,11705638,744
2026-02-06,UCeUxAQ2j3OETAApTvBj5Scw,MoMo App,737000,45969906,910
2026-02-06,UCZ5qxuvquQABNtjcawNMowA,DaddyFamtech,121000,13443295,1413
2026-02-06,UCZsEJw8rwd0RWAga5dulOpg,Bon Plan High Tech,13600,4566266,343
2026-02-06,UCaHolOYkfcTdC0vTFAywzXw,LoKan Sardari,87900,18343326,980
2026-02-06,UCfc0cRoo8yYOzeuS89zpN-Q,Québec Test,301000,34607883,506
2026-02-06,UCU_a5aoj_HzTMohx0JG_Z4A,GUILLAUME++,101000,9689171,298
2026-02-06,UCWedHS9qKebauVIK2J7383g,Underscore_,917000,113979919,199
2026-02-06,UCb6bgt9GlMWk-gKrLLfXFLw,Julien Hick,10900,3260903,356
2026-02-06,UCa8Leo9o5Nnb-Cc1sWfT2HQ,MobileAddict,300000,44086341,420
2026-02-06,UCfLyhjpn3hzleNtgTGOQimA,Romain PIAUD,31700,7620913,585
2026-02-06,UCagQpz-WZtgbSp8Ry0XQ4Yw,Victor,3090,216039,49
2026-02-06,UCbqjtNeW9vbz6_gwOW5PybQ,KYIO,11300,5087802,395
2026-02-06,UC_dzE9mydhQuQ0NwmXByDtA,André Martin,387000,55725476,980
2026-02-06,UCUaHJ0fTA-1theR8A8Polmw,BFM Tech,574000,232153571,8331
2026-02-06,UCbwE_k9zALnzZRvkoyDhuzw,Jojo Le Geek,165000,25253054,592
2026-02-06,UCeXhsPdO6bRK7ZycOeFdD8A,iTechNews,289000,2537205,77
2026-02-06,UCXJ_vW2t0W5hY9hS8ePnpzw,Back Market France,21900,161524472,197
2026-02-06,UCfwLCsZhix155PAoFTBb-oQ,Mac4Ever,160000,53089909,1954
2026-02-06,UCUbwQOAmLdZ9zPOOPFt25zQ,YanNick TECH,67200,17174237,1319
2026-02-06,UCYWJ5aXwE7vyN-qtDT3uR4w,Top For Phone,148000,47121941,1643
2026-02-06,UCdTrm2PZ7Wwa7xF-LbGP0dQ,Le Showroom de l'Image et du Son,15400,14825984,2817
2026-02-06,UCYnvxJ-PKiGXo_tYXpWAC-w,Micode,1830000,121926345,85
2026-02-06,UCfbwndxvM8tOtxN_GqU1R3Q,Lorenzo-high-tech,29200,4485409,955
2026-02-06,UCVrceZhsV6TRyVh3VhBFaKA,MOBICLICK,2110,1186599,194
2026-02-06,UCc7giV0qHsCNbhjV3_ZJ22w,Paul - Nakryum,107000,16186585,583
2026-02-06,UCz-hlzLKQ__1nKXarSedtQA,HardwareFRA,33700,7069627,746
2026-02-06,UCqC_p9Kw9pnvLvzr701beSg,Olivier Schmitt,178000,15191210,283
2026-02-06,UCxnikUCVJLsD4GTbujlnmlQ,Comparatif Mobile,194,28651,252
2026-02-06,UCm3QK_QNta9Mue2Q70gtzVw,Android plus,2660,455829,431
2026-02-06,UCkS6jlQ4RJTCdkzVCU2-FSQ,GeekEtc,21700,6276973,641
2026-02-06,UCwsQtHFlS-LKVn8xJ3TaupQ,Monsieur Pixel,9550,1211518,220
2026-02-06,UCyeoo6CDdAyYGyUvHWF0gSA,Garmin France,15200,52803784,1264
2026-02-06,UCz6PEeVLG1TL6jMRTvSLm4g,Matt Talks Tech,780000,107661102,1496
2026-02-06,UCgoxc-VKU0cw9BcM9z_qokg,Frandroid,595000,199923407,2753
2026-02-06,UCr7ZVUNJ9KyYD92xqfinGsQ,Jimtek,16100,1368207,135
2026-02-06,UCtmEbUFh18ZmtObT78ix9Yw,Tech and Shoot,30600,6639272,1314
2026-02-06,UCpaI1FRY8EGK6mEAL7Wfr9w,Yosheez,130000,58684368,858
2026-02-06,UCkQI4PEJfOY37DU_WLLzc5w,Dell Technologies France,2480,50754203,323
2026-02-06,UChSBt06I1fa5FlDjbB0fChg,BenBraTeK,9550,1558815,59
2026-02-06,UCqHcg3sjPv2mcGqL1B60bew,"Dbc iPhone, iPad, MacBook",32200,23737069,435
2026-02-06,UCrHCRJPuJJcINMMEETEYt4g,Le Petit Comparateur,16100,5713894,735
2026-02-06,UCuDNiVxL-Zfw0CBVQ4oOr8w,DealSmart FR,194,29620,23
2026-02-06,UCs7Jg5KBsgiova4CrseuwIw,TheGrandTest,325000,45236482,1875
2026-02-06,UCiR9chjo9kIFMsCXgspFxqg,Braindegeek,74800,47274889,796
2026-02-06,UCt3bV9VvoCrXILlR1Z6kGmQ,Rémi Lou,134000,80714667,1187
2026-02-06,UClXUBKUsEdXpSl4mOr3Q3jw,Binbin Tech,13900,1590704,58
2026-02-06,UCrSCIeCW1YuEviVZPVhEfGQ,Dorian GM,29800,5912243,270
2026-02-06,UCpFq62uOig4n9jT3luIYUDQ,VZX,22900,9458406,145
2026-02-06,UCljgvfi_NnUrNJVHp_HGHwA,Bazar de Léo - TechMaker,72000,25495834,112
2026-02-06,UCqRSWOqkW_oelrdUN7KQ-aQ,Les Numériques,154000,64302367,3032
2026-02-06,UCo2fYdtvhyXW38WiLW_yg0Q,Charles Bolduc,1920,338118,172
2026-02-06,UChFaUrD7t1JQ0w7rObWhIRA,Millomaker,437000,53895981,85
2026-02-06,UCySZIa8Y4e6aSVg4CISXAOA,Mathieu Dos Santos,24300,4097777,1108
2026-02-06,UCnnYqSNKKygemgmxC9PyLTw,Ludo Salenne,257000,16820408,425
2026-02-06,UCu6HC8ahaPWqqfSvic7nWyQ,Nightech,140000,34299680,513
2026-02-06,UCuJtgmGNF_PvicQkf88t-5g,ChristoTech,308000,33311238,1395
2026-02-06,UCmUm6tw3Gz8dftSDy7Eep3A,Stéphane (Biggy Tech),34900,2955032,790
2026-02-06,UCwWgvJHw1mNRq_ry6VoPKEg,Yada,382000,42840496,536
2026-02-06,UCrAiXFptzDmgQA6gUCOz9RQ,Meta Perso,14700,1089109,49
2026-02-06,UCrsiHZzr4IjuSjnvPy5rVUQ,Daddy Dtech,114000,12210546,403
2026-02-06,UCssuk5-zaZn9vt0_HNj-Hug,VERBOZZ,473000,60672554,284
2026-02-06,UClQPWod8Gjgw7i51t7PYibQ,Sélection Futée,2230,201843,374
2026-02-06,UCxej0ZiLbbeVrz3XQZjj-MA,Huawei Mobile France,27700,43715796,120
2026-02-06,UClnRNkdVq24iwIbc1O-hjlw,Yensing,20900,1270260,19
2026-02-06,UCv8L8SztjsNYT4FpX8g5ATw,INFOMAX Paris,10200,7392127,328
2026-02-06,UCtPzJInyqqt__Tn0EaUlaAw,Science Gaming,411000,389657881,1297
2026-02-06,UCzICpbabqKwBTpb9XlWerjA,PassTech TV,682,127314,14
2026-02-06,UCpSRz-eAoiSW5kaHpI_3LjA,JOLI TECH,19,15784,486
2026-02-06,UCsKrhME6clyYbibb4nzvgMA,Leasi,6,3656,42
2026-02-06,UCrwtkeoBxPfhyde5eesmvyA,CieloTech,12300,13851943,216
2026-02-06,UCwZsbPUXohCN867pQzioGLw,Nicolas Barbet,15500,5705627,351
2026-02-06,UCoJ4gzwVvGNH5GNqiJoQAAA,Alex Reframe,131000,25029972,645
2026-02-06,UCptwuAv0XQHo1OQUSaO6NHw,Max Tech,1250000,447694225,2062
2026-02-06,UCuE3ei3NOnVjQUefjHUCF5Q,DiscoverID,377000,51930148,531
2026-02-06,UCxpT79bmhxk50l8P50WG86w,Discoverdex,78200,24037101,472
2026-02-07,UC1wV5Kf18gVbL3bWH-tWKDw,Cmonavis,62300,12488524,652
2026-02-07,UC0xLruy2ZFFpxR6ODgnhJXA,GadgetRevNow,159000,83081739,1182
2026-02-07,UC0kacsSWviDNM7msbzGLGMQ,Tenorshare French,172000,44727027,936
2026-02-07,UC2XmvTlziz2LSXd_QKBwf8Q,Espritnewgen,71900,21765429,2946
2026-02-07,UCCUlTcDhcn72O8TiNfFJWWA,GLG video (JT Geek),70000,20269372,3350
2026-02-07,UCBOGe_x7aqQV4Ly5Rfa4iow,Les Tests de Cyril,31000,2616370,453
2026-02-07,UC5HtcZa4-moyfy6NTY7GHwA,TECHNO 24,473,202057,543
2026-02-07,UC1F5QJFXcu1evMkYyXRGoaw,LoKan Sardari - Studio,12100,1480938,674
2026-02-07,UCFrfK9IFqO15S7C52DdnSog,GIGATOP,43600,15270844,1085
2026-02-07,UC70eSjnRIGvRLCzT6K0SQSg,Device FR,1950,696875,878
2026-02-07,UCAz-755tH3m8_BwaluzdJwQ,Numerama,219000,103947407,2096
2026-02-07,UCGjKSSIpN7aYQluu04kPrsA,Brandon Le Proktor,307000,44831835,404
2026-02-07,UCC5xS4j2xUyGO2UfjFh5LsQ,Nooz,14400,2650588,614
2026-02-07,UCGMxP4yf3ixAAEKQc3d76gw,Arnaud,6240,1809687,144
2026-02-07,UCCM6zpvTcgXeNqLmQ9swugQ,Selectos Lifestyle,12900,4513819,196
2026-02-07,UCA25ZdZZF5XE6ihPE5pwfnw,Materiel.net,31700,12799186,574
2026-02-07,UC2HXhqg87yIWz152Ig9vkaQ,Tout Techno,32100,7079297,242
2026-02-07,UCDY3WI0HqdzNADtE6B-BmUw,MrG Tech,185000,28722307,580
2026-02-07,UC1WIj7YGywcVoRLS0zZu2RQ,TechDams,5370,1734697,22
2026-02-07,UCB32y6dm508Hap4_Mn-ZnHQ,Presse-citron,91200,25725521,1438
2026-02-07,UC6joDErOGcFJC1vHNSfsYQg,01net,136000,48463260,1815
2026-02-07,UC7sFrgyGelEr6eny6_PsGXQ,Tom's Guide France,40200,45869470,488
2026-02-07,UC7rdUip5Q8R7Ki1haNbdwwg,SoloTech,254000,35221452,621
2026-02-07,UC1N4EIilrmXhTEdu3h7tpPg,iPhone page,1020,181503,262
2026-02-07,UCFdQm01R6HPdMw4oa6a0Ihw,Qasim,38300,16950604,203
2026-02-07,UC3-dl8nKItitMxM9DNTDAfQ,Kang et ses PC,106000,27219418,142
2026-02-07,UC3CBQLyxiC35oxJPoufLnMQ,Gizmo Rush,71300,168037030,1179
2026-02-07,UCDvCJx3pU8N-23ilB6tNMlg,mister gadget,4330,1607959,729
2026-02-07,UC69gruQfEHEQ4Qme0liJOdw,Ludo Tech,1760,792282,193
2026-02-07,UCDBYphtxNDXGQe5eyHYZ6Fw,GUILLAUME,497000,65803845,880
2026-02-07,UC3aPRnneybmQcbEK-X-Qptg,GLG reviews,364000,32751233,1687
2026-02-07,UC4vD_Spv_zjcmyfHpnAwBNA,Ixar.,15600,2444495,184
2026-02-07,UCA_DfRJwb5U0S4UiiH3BtUg,Jérémy Dufour,77500,14711378,987
2026-02-07,UCDfGCQqgOKPYeiaG3I4vl4w,Marty,109000,22531722,880
2026-02-07,UCB0ffaItcXwkgbVu8Hvq3Tw,QUENTIN,224000,43355659,1302
2026-02-07,UC4q3HKdMqzll3SvA2Lf7oAg,Thomas in Tech,72800,21262699,950
2026-02-07,UC0AFqXyYs1z2Dxx5jtQBicQ,SkinnZer,44700,3623370,288
2026-02-07,UC7XxmEXw7wXgh259vYCSjkQ,Cmonavis 2,10100,1256329,209
2026-02-07,UC6jfhJWEAfako0XlKnA2UGQ,Timena TechGeek,64200,11452949,1013
2026-02-07,UC-pdFydi9ooxEfATh3KoiIw,STEVEN,1100000,196633450,1507
2026-02-07,UC2lMzO7HzJ_jamFT762vfwA,Jon Rettinger en Français,325,58307,32
2026-02-07,UCAOjk3Po21_t7L1MDHQ4-Og,FNK Hardware,249000,43188906,1237
2026-02-07,UC69qClfvKeB9WeyySg5iQrQ,Yohann Studio,4280,2277333,320
2026-02-07,UC08uERSqTFS3xSwXKMLrUVg,TECH TITANS,35000,10343409,236
2026-02-07,UCBqYyDusSFntU7k2UnFGsBA,Giga Content,24700,5141595,806
2026-02-07,UC0V8fUv0DB5Tq7uHdG7ixyw,W38,140000,61584040,1920
2026-02-07,UCAicNsMAZgbqPr_0QsnI1PA,Cobra.fr,6380,6939752,2143
2026-02-07,UCEPqgSzHj7vlJj5pGX9dDdA,Gilo & Alex,2320,130789,40
2026-02-07,UC1ndVn8sa4oTbW09P5ICOog,amazing mac TV,66000,18487979,1428
2026-02-07,UC65OszX3C9oYfNLU5AWjwYg,Aaron,2970,298692,32
2026-02-07,UCIaNSaws_Wv_eoUAmDbUK-Q,MT High Tech Deal's,2820,246192,71
2026-02-07,UCQigF3tZJJlt6o1_tkYKkNQ,KAPPA Studio,230000,57564808,124
2026-02-07,UCU8_onYYhNxwGUB3hA34C4Q,FrenchHardware,841000,168321795,941
2026-02-07,UCL3y_psKbrdZ5FZo3dvVeEQ,Pafito,15300,8232483,96
2026-02-07,UCRhyS_ylPQ5GWBl1lK92ftA,Léo - TechMaker,2190000,370491259,1527
2026-02-07,UCJPa4sr9B_mLjShfHhWi8yg,TECnaiche,13500,4650220,403
2026-02-07,UCR3uoYsbRO_S0wg2DaSlb8g,Wondershare Français,99100,15827667,1296
2026-02-07,UCTOAKgwfqqCbOytF3RNGGVw,Monsieur GRrr,723000,147393130,1985
2026-02-07,UCMc7IaTDRDtxftK9v0aXVqA,Yada 2.0,111000,16646677,205
2026-02-07,UCIorGsaWVmlkpNsngTQPDAg,Clubic,31500,9970719,1433
2026-02-07,UCQZa27_VXLUowoMsYo6Y0Dw,bazze tv,22900,3189077,266
2026-02-07,UCMWWgqykXE5exHk60TCZ-bw,Yukio_Clyks,27400,7419649,428
2026-02-07,UCOaX4zvPzmv0eBbUWOOOB_A,TopAchat,101000,18806966,695
2026-02-07,UCJy0lX8ThZ7lCtst7JnegWQ,Jojol,2690000,611465490,2117
2026-02-07,UCHGvOgxAA_MFOH1yyhjcR-Q,ArtBen,326000,38193377,266
2026-02-07,UCHgZ3SrY7FhB0KjFki50fEQ,Gabinks,1150,303484,145
2026-02-07,UCP5-zNhWXk_LUPIJpxtrTnQ,Cowcotland,52600,23521322,4261
2026-02-07,UCO14QTmfRbe9j9PTJsAhtLQ,PΔX,89100,12758978,499
2026-02-07,UCHJb6-VCrzQqVQASN23OskQ,Jigfio Ti Super,19100,940123,68
2026-02-07,UCPQsSFJurluaMOG1qL0Y7sA,PP World,448000,77771391,1036
2026-02-07,UCMWAxO0xGJxELkiX5_pEJNA,Pannacophone - Smartphone & Tech,91200,11519871,137
2026-02-07,UCQsb5TqYUeGWGpJFr8DMWsQ,ANONIMAL,613000,71322362,298
2026-02-07,UCMwkAK-lhEeLld9xLiyKLMg,Captain Grochat,24800,1988273,109
2026-02-07,UCJLKCYMkCbOW9wzmeUj8dwQ,MEHDI’N TECH,59700,3236929,132
2026-02-07,UCOm_kuKVb4ImX_DHpIgX_zg,Skinn's Tech Deals,1970,72833,18
2026-02-07,UCOCoKBUmALR6d7UW_s5zgrA,Arnaud C.,106000,6915169,310
2026-02-07,UCH6ppHEvV3_WIXEwmhv9HEg,Deus Ex Silicium,408000,28020164,140
2026-02-07,UCTKa4DGeCFeThot6rcRqNow,TechnoïdFR,21900,5468636,1722
2026-02-07,UCSPoCan8_9ELmqEVS2hUHPA,iVax,120000,20662781,485
2026-02-07,UCTmHRe6W96WgYlUNxcokpVQ,Fitfitzone,1250,170642,18
2026-02-07,UCM6kUx3GI7lTQlqMBiumaEg,technofou,43400,1924508,90
2026-02-07,UCQvNFAufGf8mtN2_L8thysg,Journal du Geek,66200,31664269,2499
2026-02-07,UCNWE4ouC-BxzJ-Lomuuqb1Q,Isma(ël),4440,305638,44
2026-02-07,UCGkFwY0mGku1M9_6M_NQ7Ig,Kylian Le Bris,2530,1150019,66
2026-02-07,UCSvD1S5kHsr9tvD3gDXkPkQ,Techmo,95900,53252191,299
2026-02-07,UCQSA6pCffm7epqxFqouL0Xg,Mathis et Gauthier,193000,33397949,438
2026-02-07,UCRI5foOTNz6DuVz3SVQ1cMA,Tao Gassin,13600,1090194,53
2026-02-07,UCOtM8pxxBIfwqu6e8mHgUEQ,TheiMika,12800,3585886,121
2026-02-07,UCR-4Ge4NbqILG5HTTvs_nFQ,Lysandre_lbd,12100,5379528,316
2026-02-07,UCTER7XOnDvSRbI2YxikLaVw,RTBF iXPé,260000,91448163,2447
2026-02-07,UCNOUTy_TWRJzAaSfIGserkg,Nowtech Replay (Le Mug Nowtech),5400,809304,508
2026-02-07,UCTG26Ngiphy9TCOejxGfShQ,R-Tech,127,94896,61
2026-02-07,UCJ4p_F-vCnEn5V5OtFN8Q3w,FrenchMakito,32600,3577182,99
2026-02-07,UCNiauGTV7XhkOpUAIXod4xA,Léo Duff,804000,63904497,319
2026-02-07,UCNzUonmxxvG-HIqOC3S7Thw,VAC - Vulgarisateur Apple et compagnie,77600,1532842,228
2026-02-07,UCOyUCj6Wx9skJggzZFUDZyA,Unlock Talk,20300,2380916,362
2026-02-07,UCSYFVeBI66YqDhGrYKxiCUQ,Georges,2100,157099,40
2026-02-07,UCPP-NkzSqMJ9ywhJkcgrpAw,Tech_Sama,214000,29355209,757
2026-02-07,UCJ3MlRSjtv2sT-rIDsFg0fw,Sam_VNR,4710,284331,61
2026-02-07,UCT9QoBXRO1_z1f-Ud97RxPg,Norizon,307,25660,20
2026-02-07,UCUaHJ0fTA-1theR8A8Polmw,BFM Tech,574000,232170122,8336
2026-02-07,UCchpwieM3DswmDEnJ0MRq1A,Romain Lanéry,1050000,205543785,1679
2026-02-07,UCYnvxJ-PKiGXo_tYXpWAC-w,Micode,1830000,122003256,85
2026-02-07,UCbqjtNeW9vbz6_gwOW5PybQ,KYIO,11300,5088830,395
2026-02-07,UCfbwndxvM8tOtxN_GqU1R3Q,Lorenzo-high-tech,29200,4490406,955
2026-02-07,UCbwE_k9zALnzZRvkoyDhuzw,Jojo Le Geek,165000,25269823,592
2026-02-07,UCVrceZhsV6TRyVh3VhBFaKA,MOBICLICK,2110,1189051,195
2026-02-07,UCX4A8obrGg1iX37R-fyBJ6w,Monde Tech,702,137832,131
2026-02-07,UCUclUivgBePqnqDGQ3Jzu2Q,TOUKIWANTI,124000,21780268,848
2026-02-07,UCdqC1GnhKs3aQw6j62uOvUw,Mister Perrier,57100,5076978,364
2026-02-07,UCUanZckNyJODHBdqtMzYMpA,ORLM.tv / On refait le Mac,54800,13267741,1466
2026-02-07,UCdTrm2PZ7Wwa7xF-LbGP0dQ,Le Showroom de l'Image et du Son,15400,14827598,2817
2026-02-07,UCeUxAQ2j3OETAApTvBj5Scw,MoMo App,737000,45982783,910
2026-02-07,UCb0sWM7tMRaEgn_hpptqnxA,Mon iPad & Moi,706,39061,29
2026-02-07,UCZsEJw8rwd0RWAga5dulOpg,Bon Plan High Tech,13600,4566715,343
2026-02-07,UCfQxUIhFxt59kj0hK53rZGg,"nakan.ch, sport et technologies",28300,5752652,414
2026-02-07,UCc7giV0qHsCNbhjV3_ZJ22w,Paul - Nakryum,107000,16194991,583
2026-02-07,UCURjynFkZicGPbIIaWO9vmQ,Benji TV,60800,14467566,251
2026-02-07,UCgjhIdz3Uw9r-eMyML9M8FA,PIKATE,11900,1225209,120
2026-02-07,UC_dzE9mydhQuQ0NwmXByDtA,André Martin,387000,55752994,982
2026-02-07,UCaybrunQi8xWgPMgv1AYBHw,TheiCollection,1000000,219482280,1287
2026-02-07,UCVwG9JHqGLfEO-4TkF-lf2g,Nowtech,441000,72999172,896
2026-02-07,UCeXhsPdO6bRK7ZycOeFdD8A,iTechNews,289000,2548811,77
2026-02-07,UCYU8ljh_pDcwqDMWZoJWqwA,RABBIN DES BOIS,361000,20221969,149
2026-02-07,UCaHolOYkfcTdC0vTFAywzXw,LoKan Sardari,87900,18355555,980
2026-02-07,UCflWJq4cTuofmM-0G-GMUNQ,conseilguide,19200,6698270,1283
2026-02-07,UC_FckuJiPXwA_nOEIoTsRZg,Fabien captain virtuality,12800,1797170,181
2026-02-07,UCUT9pQQGw4ZEpv5hqrv-bZw,TonyTech,92300,11712511,744
2026-02-07,UCf-DN6QjyyEbhuMWCoXdXQQ,Phonandroid,144000,26491960,840
2026-02-07,UCb6bgt9GlMWk-gKrLLfXFLw,Julien Hick,10900,3262516,358
2026-02-07,UCeFfhz1vsSxxJY26VZHw19w,Selectos Tech,117000,31770328,597
2026-02-07,UCXJ_vW2t0W5hY9hS8ePnpzw,Back Market France,21900,161525039,198
2026-02-07,UCgWvhceGENT-dKBlgodnomQ,Les perdus Du numérique,12500,4117413,1969
2026-02-07,UCU_a5aoj_HzTMohx0JG_Z4A,GUILLAUME++,101000,9691539,298
2026-02-07,UCfLyhjpn3hzleNtgTGOQimA,Romain PIAUD,31700,7631365,584
2026-02-07,UCUD3E77YRTGK3yPSDB6Kq5Q,Monsport06,193000,13165778,508
2026-02-07,UCYWJ5aXwE7vyN-qtDT3uR4w,Top For Phone,148000,47122525,1643
2026-02-07,UCZ5qxuvquQABNtjcawNMowA,DaddyFamtech,121000,13457018,1414
2026-02-07,UCUltPy138RvnbWX_FuUHtDA,MT High-Tech,22100,2912983,315
2026-02-07,UCfc0cRoo8yYOzeuS89zpN-Q,Québec Test,301000,34625181,506
2026-02-07,UCUbwQOAmLdZ9zPOOPFt25zQ,YanNick TECH,67300,17192686,1320
2026-02-07,UCa8Leo9o5Nnb-Cc1sWfT2HQ,MobileAddict,300000,44091281,420
2026-02-07,UCWedHS9qKebauVIK2J7383g,Underscore_,918000,114026323,199
2026-02-07,UCagQpz-WZtgbSp8Ry0XQ4Yw,Victor,3100,216672,49
2026-02-07,UCe7R7Pt-bxNT7EE83NLsmFQ,Avis Express - Testeur High-Tech,272000,57851224,1703
2026-02-07,UCfwLCsZhix155PAoFTBb-oQ,Mac4Ever,160000,53116815,1954
2026-02-07,UCZEdNvDcHUPEE7CDRpXnO6w,Cyril | Ctrl Bu,5960,838802,157
2026-02-07,UCe7aMEBJH_sGJMCXWLCzeSA,TheFunTouch,1690,932523,170
2026-02-07,UCYmw-Y8TnRzO4COTBKEgUGg,Les Dénicheurs,20600,5860980,2975
2026-02-07,UCfkiE_eKqeVWE0XhMNBMFdA,InfiniT,189,50682,156
2026-02-07,UCrHCRJPuJJcINMMEETEYt4g,Le Petit Comparateur,16100,5716958,735
2026-02-07,UCssuk5-zaZn9vt0_HNj-Hug,VERBOZZ,473000,60687173,284
2026-02-07,UCs7Jg5KBsgiova4CrseuwIw,TheGrandTest,325000,45288871,1875
2026-02-07,UCuDNiVxL-Zfw0CBVQ4oOr8w,DealSmart FR,195,29727,23
2026-02-07,UChSBt06I1fa5FlDjbB0fChg,BenBraTeK,9560,1559899,59
2026-02-07,UCkS6jlQ4RJTCdkzVCU2-FSQ,GeekEtc,21700,6284402,641
2026-02-07,UCr7ZVUNJ9KyYD92xqfinGsQ,Jimtek,16100,1369663,135
2026-02-07,UCqHcg3sjPv2mcGqL1B60bew,"Dbc iPhone, iPad, MacBook",32200,23749942,437
2026-02-07,UCrAiXFptzDmgQA6gUCOz9RQ,Meta Perso,14700,1089150,49
2026-02-07,UCnnYqSNKKygemgmxC9PyLTw,Ludo Salenne,257000,16824767,425
2026-02-07,UCu6HC8ahaPWqqfSvic7nWyQ,Nightech,140000,34383308,513
2026-02-07,UCwsQtHFlS-LKVn8xJ3TaupQ,Monsieur Pixel,9570,1212883,220
2026-02-07,UCz6PEeVLG1TL6jMRTvSLm4g,Matt Talks Tech,780000,107713331,1499
2026-02-07,UCgoxc-VKU0cw9BcM9z_qokg,Frandroid,595000,200005742,2756
2026-02-07,UClQPWod8Gjgw7i51t7PYibQ,Sélection Futée,2230,202366,374
2026-02-07,UCv8L8SztjsNYT4FpX8g5ATw,INFOMAX Paris,10200,7407001,329
2026-02-07,UCt3bV9VvoCrXILlR1Z6kGmQ,Rémi Lou,134000,80734140,1189
2026-02-07,UCrwtkeoBxPfhyde5eesmvyA,CieloTech,12400,13962162,217
2026-02-07,UChFaUrD7t1JQ0w7rObWhIRA,Millomaker,437000,53922022,85
2026-02-07,UCuJtgmGNF_PvicQkf88t-5g,ChristoTech,309000,33315580,1396
2026-02-07,UCxpT79bmhxk50l8P50WG86w,Discoverdex,78200,24047091,473
2026-02-07,UCoJ4gzwVvGNH5GNqiJoQAAA,Alex Reframe,131000,25031481,645
2026-02-07,UClXUBKUsEdXpSl4mOr3Q3jw,Binbin Tech,13900,1592742,58
2026-02-07,UCrSCIeCW1YuEviVZPVhEfGQ,Dorian GM,29800,5926661,270
2026-02-07,UCpaI1FRY8EGK6mEAL7Wfr9w,Yosheez,130000,58705332,859
2026-02-07,UCwZsbPUXohCN867pQzioGLw,Nicolas Barbet,15500,5708098,352
2026-02-07,UCljgvfi_NnUrNJVHp_HGHwA,Bazar de Léo - TechMaker,72000,25496167,112
2026-02-07,UCzICpbabqKwBTpb9XlWerjA,PassTech TV,682,127323,14
2026-02-07,UCptwuAv0XQHo1OQUSaO6NHw,Max Tech,1250000,447749962,2063
2026-02-07,UCySZIa8Y4e6aSVg4CISXAOA,Mathieu Dos Santos,24300,4100203,1109
2026-02-07,UCpSRz-eAoiSW5kaHpI_3LjA,JOLI TECH,19,15828,486
2026-02-07,UCqRSWOqkW_oelrdUN7KQ-aQ,Les Numériques,154000,64315176,3031
2026-02-07,UCqC_p9Kw9pnvLvzr701beSg,Olivier Schmitt,178000,15201525,283
2026-02-07,UCrsiHZzr4IjuSjnvPy5rVUQ,Daddy Dtech,114000,12216666,403
2026-02-07,UCyeoo6CDdAyYGyUvHWF0gSA,Garmin France,15200,52950938,1264
2026-02-07,UCtPzJInyqqt__Tn0EaUlaAw,Science Gaming,412000,390610597,1301
2026-02-07,UCkQI4PEJfOY37DU_WLLzc5w,Dell Technologies France,2480,50754252,323
2026-02-07,UCm3QK_QNta9Mue2Q70gtzVw,Android plus,2660,456012,432
2026-02-07,UCuE3ei3NOnVjQUefjHUCF5Q,DiscoverID,377000,51939829,531
2026-02-07,UCiR9chjo9kIFMsCXgspFxqg,Braindegeek,74800,47297574,797
2026-02-07,UCtmEbUFh18ZmtObT78ix9Yw,Tech and Shoot,30600,6642622,1315
2026-02-07,UCo2fYdtvhyXW38WiLW_yg0Q,Charles Bolduc,1920,338259,172
2026-02-07,UCxej0ZiLbbeVrz3XQZjj-MA,Huawei Mobile France,27700,43715833,120
2026-02-07,UCsKrhME6clyYbibb4nzvgMA,Leasi,6,3662,42
2026-02-07,UCwWgvJHw1mNRq_ry6VoPKEg,Yada,383000,42860889,536
2026-02-07,UCz-hlzLKQ__1nKXarSedtQA,HardwareFRA,33800,7073636,747
2026-02-07,UCpFq62uOig4n9jT3luIYUDQ,VZX,22900,9460118,145
2026-02-07,UCmUm6tw3Gz8dftSDy7Eep3A,Stéphane (Biggy Tech),34900,2955842,790
2026-02-07,UClnRNkdVq24iwIbc1O-hjlw,Yensing,20900,1271067,20
2026-02-07,UCxnikUCVJLsD4GTbujlnmlQ,Comparatif Mobile,195,28761,252
2026-02-08,UC1WIj7YGywcVoRLS0zZu2RQ,TechDams,5370,1737246,22
2026-02-08,UCFdQm01R6HPdMw4oa6a0Ihw,Qasim,38300,16962746,204
2026-02-08,UCA_DfRJwb5U0S4UiiH3BtUg,Jérémy Dufour,77600,14722271,988
2026-02-08,UC4vD_Spv_zjcmyfHpnAwBNA,Ixar.,15600,2450413,184
2026-02-08,UC4q3HKdMqzll3SvA2Lf7oAg,Thomas in Tech,72900,21277402,951
2026-02-08,UC1F5QJFXcu1evMkYyXRGoaw,LoKan Sardari - Studio,12100,1482344,674
2026-02-08,UC2lMzO7HzJ_jamFT762vfwA,Jon Rettinger en Français,326,58480,32
2026-02-08,UCDfGCQqgOKPYeiaG3I4vl4w,Marty,109000,22536824,880
2026-02-08,UC7rdUip5Q8R7Ki1haNbdwwg,SoloTech,254000,35225093,622
2026-02-08,UC08uERSqTFS3xSwXKMLrUVg,TECH TITANS,35000,10391761,237
2026-02-08,UC6joDErOGcFJC1vHNSfsYQg,01net,136000,48483240,1815
2026-02-08,UCCM6zpvTcgXeNqLmQ9swugQ,Selectos Lifestyle,13000,4515253,196
2026-02-08,UC7XxmEXw7wXgh259vYCSjkQ,Cmonavis 2,10100,1257840,209
2026-02-08,UC0AFqXyYs1z2Dxx5jtQBicQ,SkinnZer,44700,3623723,288
2026-02-08,UCA25ZdZZF5XE6ihPE5pwfnw,Materiel.net,31700,12803493,574
2026-02-08,UC-pdFydi9ooxEfATh3KoiIw,STEVEN,1100000,196645328,1507
2026-02-08,UC2HXhqg87yIWz152Ig9vkaQ,Tout Techno,32100,7086703,242
2026-02-08,UCBqYyDusSFntU7k2UnFGsBA,Giga Content,24700,5147122,808
2026-02-08,UCB0ffaItcXwkgbVu8Hvq3Tw,QUENTIN,224000,43358633,1302
2026-02-08,UCDY3WI0HqdzNADtE6B-BmUw,MrG Tech,185000,28726603,580
2026-02-08,UC69qClfvKeB9WeyySg5iQrQ,Yohann Studio,4290,2280557,320
2026-02-08,UC6jfhJWEAfako0XlKnA2UGQ,Timena TechGeek,64200,11455480,1013
2026-02-08,UC70eSjnRIGvRLCzT6K0SQSg,Device FR,1950,699052,882
2026-02-08,UC69gruQfEHEQ4Qme0liJOdw,Ludo Tech,1760,793922,194
2026-02-08,UC7sFrgyGelEr6eny6_PsGXQ,Tom's Guide France,40200,45870101,488
2026-02-08,UCGjKSSIpN7aYQluu04kPrsA,Brandon Le Proktor,307000,44884811,404
2026-02-08,UC1wV5Kf18gVbL3bWH-tWKDw,Cmonavis,62300,12494915,653
2026-02-08,UC1N4EIilrmXhTEdu3h7tpPg,iPhone page,1030,182043,262
2026-02-08,UC0xLruy2ZFFpxR6ODgnhJXA,GadgetRevNow,159000,83259107,1184
2026-02-08,UC3CBQLyxiC35oxJPoufLnMQ,Gizmo Rush,71500,168504767,1183
2026-02-08,UCGMxP4yf3ixAAEKQc3d76gw,Arnaud,6250,1811861,144
2026-02-08,UCC5xS4j2xUyGO2UfjFh5LsQ,Nooz,14400,2655031,614
2026-02-08,UCCUlTcDhcn72O8TiNfFJWWA,GLG video (JT Geek),70200,20274793,3351
2026-02-08,UC0V8fUv0DB5Tq7uHdG7ixyw,W38,140000,61584237,1920
2026-02-08,UCDvCJx3pU8N-23ilB6tNMlg,mister gadget,4330,1609893,730
2026-02-08,UC1ndVn8sa4oTbW09P5ICOog,amazing mac TV,66000,18494216,1429
2026-02-08,UC3aPRnneybmQcbEK-X-Qptg,GLG reviews,366000,32761532,1687
2026-02-08,UC65OszX3C9oYfNLU5AWjwYg,Aaron,2970,299051,32
2026-02-08,UCBOGe_x7aqQV4Ly5Rfa4iow,Les Tests de Cyril,31100,2619047,453
2026-02-08,UC0kacsSWviDNM7msbzGLGMQ,Tenorshare French,172000,44757706,936
2026-02-08,UCAOjk3Po21_t7L1MDHQ4-Og,FNK Hardware,249000,43201018,1237
2026-02-08,UC5HtcZa4-moyfy6NTY7GHwA,TECHNO 24,474,202705,543
2026-02-08,UC2XmvTlziz2LSXd_QKBwf8Q,Espritnewgen,71900,21770268,2947
2026-02-08,UCAz-755tH3m8_BwaluzdJwQ,Numerama,219000,104338157,2098
2026-02-08,UCB32y6dm508Hap4_Mn-ZnHQ,Presse-citron,91200,25731598,1438
2026-02-08,UCAicNsMAZgbqPr_0QsnI1PA,Cobra.fr,6380,6940775,2143
2026-02-08,UC3-dl8nKItitMxM9DNTDAfQ,Kang et ses PC,106000,27266030,142
2026-02-08,UCFrfK9IFqO15S7C52DdnSog,GIGATOP,43600,15286034,1085
2026-02-08,UCEPqgSzHj7vlJj5pGX9dDdA,Gilo & Alex,2320,130952,40
2026-02-08,UCDBYphtxNDXGQe5eyHYZ6Fw,GUILLAUME,498000,65821499,880
2026-02-08,UCNWE4ouC-BxzJ-Lomuuqb1Q,Isma(ël),4450,306027,44
2026-02-08,UCJy0lX8ThZ7lCtst7JnegWQ,Jojol,2690000,611543728,2118
2026-02-08,UCJLKCYMkCbOW9wzmeUj8dwQ,MEHDI’N TECH,59700,3237932,132
2026-02-08,UCJ4p_F-vCnEn5V5OtFN8Q3w,FrenchMakito,32700,3581211,99
2026-02-08,UCPP-NkzSqMJ9ywhJkcgrpAw,Tech_Sama,214000,29359577,757
2026-02-08,UCHgZ3SrY7FhB0KjFki50fEQ,Gabinks,1150,304411,145
2026-02-08,UCTmHRe6W96WgYlUNxcokpVQ,Fitfitzone,1260,171539,18
2026-02-08,UCOaX4zvPzmv0eBbUWOOOB_A,TopAchat,101000,18833036,695
2026-02-08,UCR-4Ge4NbqILG5HTTvs_nFQ,Lysandre_lbd,12100,5382969,316
2026-02-08,UCTOAKgwfqqCbOytF3RNGGVw,Monsieur GRrr,723000,147425585,1985
2026-02-08,UCNzUonmxxvG-HIqOC3S7Thw,VAC - Vulgarisateur Apple et compagnie,77700,1534075,228
2026-02-08,UCMwkAK-lhEeLld9xLiyKLMg,Captain Grochat,24800,1994375,109
2026-02-08,UCQigF3tZJJlt6o1_tkYKkNQ,KAPPA Studio,230000,57606712,124
2026-02-08,UCOm_kuKVb4ImX_DHpIgX_zg,Skinn's Tech Deals,1970,72991,18
2026-02-08,UCMWWgqykXE5exHk60TCZ-bw,Yukio_Clyks,27400,7422477,429
2026-02-08,UCNOUTy_TWRJzAaSfIGserkg,Nowtech Replay (Le Mug Nowtech),5400,809603,508
2026-02-08,UCSYFVeBI66YqDhGrYKxiCUQ,Georges,2110,157953,40
2026-02-08,UCP5-zNhWXk_LUPIJpxtrTnQ,Cowcotland,52600,23523380,4261
2026-02-08,UCHGvOgxAA_MFOH1yyhjcR-Q,ArtBen,326000,38198023,266
2026-02-08,UCNiauGTV7XhkOpUAIXod4xA,Léo Duff,804000,63912818,319
2026-02-08,UCT9QoBXRO1_z1f-Ud97RxPg,Norizon,309,25758,20
2026-02-08,UCTKa4DGeCFeThot6rcRqNow,TechnoïdFR,21900,5471142,1723
2026-02-08,UCMc7IaTDRDtxftK9v0aXVqA,Yada 2.0,111000,16654276,205
2026-02-08,UCU8_onYYhNxwGUB3hA34C4Q,FrenchHardware,842000,168515771,941
2026-02-08,UCH6ppHEvV3_WIXEwmhv9HEg,Deus Ex Silicium,408000,28024693,140
2026-02-08,UCR3uoYsbRO_S0wg2DaSlb8g,Wondershare Français,99200,15842226,1296
2026-02-08,UCO14QTmfRbe9j9PTJsAhtLQ,PΔX,89100,12764773,499
2026-02-08,UCSvD1S5kHsr9tvD3gDXkPkQ,Techmo,96100,53428528,299
2026-02-08,UCRI5foOTNz6DuVz3SVQ1cMA,Tao Gassin,13600,1091551,53
2026-02-08,UCRhyS_ylPQ5GWBl1lK92ftA,Léo - TechMaker,2190000,371261987,1528
2026-02-08,UCGkFwY0mGku1M9_6M_NQ7Ig,Kylian Le Bris,2650,1229491,67
2026-02-08,UCTG26Ngiphy9TCOejxGfShQ,R-Tech,127,95577,61
2026-02-08,UCQsb5TqYUeGWGpJFr8DMWsQ,ANONIMAL,613000,71325164,298
2026-02-08,UCSPoCan8_9ELmqEVS2hUHPA,iVax,120000,20734825,485
2026-02-08,UCPQsSFJurluaMOG1qL0Y7sA,PP World,448000,77796099,1036
2026-02-08,UCJPa4sr9B_mLjShfHhWi8yg,TECnaiche,13500,4654033,403
2026-02-08,UCOyUCj6Wx9skJggzZFUDZyA,Unlock Talk,20300,2383710,362
2026-02-08,UCJ3MlRSjtv2sT-rIDsFg0fw,Sam_VNR,4720,284453,61
2026-02-08,UCIorGsaWVmlkpNsngTQPDAg,Clubic,31500,9973214,1433
2026-02-08,UCHJb6-VCrzQqVQASN23OskQ,Jigfio Ti Super,19100,940492,68
2026-02-08,UCM6kUx3GI7lTQlqMBiumaEg,technofou,43400,1924598,90
2026-02-08,UCOCoKBUmALR6d7UW_s5zgrA,Arnaud C.,106000,6921543,310
2026-02-08,UCIaNSaws_Wv_eoUAmDbUK-Q,MT High Tech Deal's,2830,246209,71
2026-02-08,UCOtM8pxxBIfwqu6e8mHgUEQ,TheiMika,12800,3586191,121
2026-02-08,UCQZa27_VXLUowoMsYo6Y0Dw,bazze tv,22900,3196503,266
2026-02-08,UCTER7XOnDvSRbI2YxikLaVw,RTBF iXPé,261000,91622237,2448
2026-02-08,UCQvNFAufGf8mtN2_L8thysg,Journal du Geek,66300,31667755,2500
2026-02-08,UCMWAxO0xGJxELkiX5_pEJNA,Pannacophone - Smartphone & Tech,91300,11525157,137
2026-02-08,UCL3y_psKbrdZ5FZo3dvVeEQ,Pafito,15300,8246631,96
2026-02-08,UCQSA6pCffm7epqxFqouL0Xg,Mathis et Gauthier,193000,33411095,439
2026-02-08,UCfkiE_eKqeVWE0XhMNBMFdA,InfiniT,189,50785,157
2026-02-08,UCUT9pQQGw4ZEpv5hqrv-bZw,TonyTech,92400,11721034,747
2026-02-08,UCfbwndxvM8tOtxN_GqU1R3Q,Lorenzo-high-tech,29200,4494273,956
2026-02-08,UCZsEJw8rwd0RWAga5dulOpg,Bon Plan High Tech,13600,4569004,343
2026-02-08,UCfc0cRoo8yYOzeuS89zpN-Q,Québec Test,301000,34641427,507
2026-02-08,UCU_a5aoj_HzTMohx0JG_Z4A,GUILLAUME++,101000,9693918,298
2026-02-08,UCbwE_k9zALnzZRvkoyDhuzw,Jojo Le Geek,165000,25296927,592
2026-02-08,UCagQpz-WZtgbSp8Ry0XQ4Yw,Victor,3110,217444,50
2026-02-08,UCdTrm2PZ7Wwa7xF-LbGP0dQ,Le Showroom de l'Image et du Son,15400,14829239,2817
2026-02-08,UCaHolOYkfcTdC0vTFAywzXw,LoKan Sardari,87900,18367208,981
2026-02-08,UCYnvxJ-PKiGXo_tYXpWAC-w,Micode,1830000,122071291,85
2026-02-08,UCfwLCsZhix155PAoFTBb-oQ,Mac4Ever,160000,53141631,1956
2026-02-08,UCfLyhjpn3hzleNtgTGOQimA,Romain PIAUD,31700,7641494,586
2026-02-08,UC_FckuJiPXwA_nOEIoTsRZg,Fabien captain virtuality,12800,1797786,181
2026-02-08,UCe7R7Pt-bxNT7EE83NLsmFQ,Avis Express - Testeur High-Tech,272000,57866472,1704
2026-02-08,UC_dzE9mydhQuQ0NwmXByDtA,André Martin,387000,55792189,983
2026-02-08,UCUanZckNyJODHBdqtMzYMpA,ORLM.tv / On refait le Mac,54800,13287446,1466
2026-02-08,UCURjynFkZicGPbIIaWO9vmQ,Benji TV,60800,14474060,251
2026-02-08,UCXJ_vW2t0W5hY9hS8ePnpzw,Back Market France,21900,161526067,198
2026-02-08,UCUbwQOAmLdZ9zPOOPFt25zQ,YanNick TECH,67300,17219542,1322
2026-02-08,UCUclUivgBePqnqDGQ3Jzu2Q,TOUKIWANTI,125000,21801412,848
2026-02-08,UCVrceZhsV6TRyVh3VhBFaKA,MOBICLICK,2140,1218708,196
2026-02-08,UCeXhsPdO6bRK7ZycOeFdD8A,iTechNews,289000,2563928,78
2026-02-08,UCUaHJ0fTA-1theR8A8Polmw,BFM Tech,574000,232209413,8337
2026-02-08,UCgjhIdz3Uw9r-eMyML9M8FA,PIKATE,11900,1228113,120
2026-02-08,UCUltPy138RvnbWX_FuUHtDA,MT High-Tech,22100,2914070,315
2026-02-08,UCgWvhceGENT-dKBlgodnomQ,Les perdus Du numérique,12500,4120613,1969
2026-02-08,UCYWJ5aXwE7vyN-qtDT3uR4w,Top For Phone,148000,47123177,1643
2026-02-08,UCflWJq4cTuofmM-0G-GMUNQ,conseilguide,19200,6701228,1283
2026-02-08,UCX4A8obrGg1iX37R-fyBJ6w,Monde Tech,705,138574,132
2026-02-08,UCb6bgt9GlMWk-gKrLLfXFLw,Julien Hick,10900,3264619,359
2026-02-08,UCdqC1GnhKs3aQw6j62uOvUw,Mister Perrier,57100,5077236,364
2026-02-08,UCeFfhz1vsSxxJY26VZHw19w,Selectos Tech,117000,31772616,597
2026-02-08,UCeUxAQ2j3OETAApTvBj5Scw,MoMo App,737000,45992706,910
2026-02-08,UCbqjtNeW9vbz6_gwOW5PybQ,KYIO,11300,5090132,396
2026-02-08,UCYmw-Y8TnRzO4COTBKEgUGg,Les Dénicheurs,20600,5867848,2977
2026-02-08,UCfQxUIhFxt59kj0hK53rZGg,"nakan.ch, sport et technologies",28400,5757614,414
2026-02-08,UCchpwieM3DswmDEnJ0MRq1A,Romain Lanéry,1050000,205612900,1680
2026-02-08,UCWedHS9qKebauVIK2J7383g,Underscore_,918000,114066598,199
2026-02-08,UCe7aMEBJH_sGJMCXWLCzeSA,TheFunTouch,1690,932528,170
2026-02-08,UCa8Leo9o5Nnb-Cc1sWfT2HQ,MobileAddict,300000,44096515,420
2026-02-08,UCYU8ljh_pDcwqDMWZoJWqwA,RABBIN DES BOIS,361000,20222586,149
2026-02-08,UCb0sWM7tMRaEgn_hpptqnxA,Mon iPad & Moi,710,39265,29
2026-02-08,UCUD3E77YRTGK3yPSDB6Kq5Q,Monsport06,193000,13169175,508
2026-02-08,UCc7giV0qHsCNbhjV3_ZJ22w,Paul - Nakryum,107000,16200755,583
2026-02-08,UCf-DN6QjyyEbhuMWCoXdXQQ,Phonandroid,144000,26494174,840
2026-02-08,UCaybrunQi8xWgPMgv1AYBHw,TheiCollection,1000000,219505917,1287
2026-02-08,UCZ5qxuvquQABNtjcawNMowA,DaddyFamtech,122000,13476966,1415
2026-02-08,UCZEdNvDcHUPEE7CDRpXnO6w,Cyril | Ctrl Bu,5960,841576,157
2026-02-08,UCVwG9JHqGLfEO-4TkF-lf2g,Nowtech,441000,73013910,896
2026-02-08,UCkS6jlQ4RJTCdkzVCU2-FSQ,GeekEtc,21700,6291342,641
2026-02-08,UCrAiXFptzDmgQA6gUCOz9RQ,Meta Perso,14700,1089446,49
2026-02-08,UCxnikUCVJLsD4GTbujlnmlQ,Comparatif Mobile,195,28803,252
2026-02-08,UCpSRz-eAoiSW5kaHpI_3LjA,JOLI TECH,19,16145,492
2026-02-08,UCuDNiVxL-Zfw0CBVQ4oOr8w,DealSmart FR,195,29766,23
2026-02-08,UCxej0ZiLbbeVrz3XQZjj-MA,Huawei Mobile France,27700,43715878,120
2026-02-08,UCwZsbPUXohCN867pQzioGLw,Nicolas Barbet,15500,5710768,352
2026-02-08,UCm3QK_QNta9Mue2Q70gtzVw,Android plus,2660,456122,432
2026-02-08,UCqC_p9Kw9pnvLvzr701beSg,Olivier Schmitt,178000,15212925,283
2026-02-08,UCrsiHZzr4IjuSjnvPy5rVUQ,Daddy Dtech,114000,12223063,403
2026-02-08,UClXUBKUsEdXpSl4mOr3Q3jw,Binbin Tech,13900,1594733,58
2026-02-08,UCo2fYdtvhyXW38WiLW_yg0Q,Charles Bolduc,1920,338580,172
2026-02-08,UClnRNkdVq24iwIbc1O-hjlw,Yensing,20900,1272725,20
2026-02-08,UCssuk5-zaZn9vt0_HNj-Hug,VERBOZZ,474000,60704883,284
2026-02-08,UCuJtgmGNF_PvicQkf88t-5g,ChristoTech,310000,33339928,1397
2026-02-08,UCv8L8SztjsNYT4FpX8g5ATw,INFOMAX Paris,10200,7429236,329
2026-02-08,UCsKrhME6clyYbibb4nzvgMA,Leasi,6,3667,42
2026-02-08,UChSBt06I1fa5FlDjbB0fChg,BenBraTeK,9570,1561038,59
2026-02-08,UChFaUrD7t1JQ0w7rObWhIRA,Millomaker,437000,53950181,85
2026-02-08,UCz-hlzLKQ__1nKXarSedtQA,HardwareFRA,33800,7079618,747
2026-02-08,UCqHcg3sjPv2mcGqL1B60bew,"Dbc iPhone, iPad, MacBook",32200,23774779,439
2026-02-08,UCs7Jg5KBsgiova4CrseuwIw,TheGrandTest,325000,45300534,1875
2026-02-08,UCt3bV9VvoCrXILlR1Z6kGmQ,Rémi Lou,134000,80784955,1190
2026-02-08,UCwWgvJHw1mNRq_ry6VoPKEg,Yada,383000,42876284,536
2026-02-08,UCrHCRJPuJJcINMMEETEYt4g,Le Petit Comparateur,16100,5720286,735
2026-02-08,UClQPWod8Gjgw7i51t7PYibQ,Sélection Futée,2230,204926,375
2026-02-08,UCpFq62uOig4n9jT3luIYUDQ,VZX,23000,9461917,145
2026-02-08,UCptwuAv0XQHo1OQUSaO6NHw,Max Tech,1250000,447848462,2064
2026-02-08,UCwsQtHFlS-LKVn8xJ3TaupQ,Monsieur Pixel,9580,1214258,220
2026-02-08,UCgoxc-VKU0cw9BcM9z_qokg,Frandroid,595000,200105485,2756
2026-02-08,UCyeoo6CDdAyYGyUvHWF0gSA,Garmin France,15200,53134383,1264
2026-02-08,UCoJ4gzwVvGNH5GNqiJoQAAA,Alex Reframe,131000,25033152,645
2026-02-08,UCu6HC8ahaPWqqfSvic7nWyQ,Nightech,140000,34460801,513
2026-02-08,UCtmEbUFh18ZmtObT78ix9Yw,Tech and Shoot,30600,6647243,1315
2026-02-08,UCrwtkeoBxPfhyde5eesmvyA,CieloTech,12400,14053286,217
2026-02-08,UCxpT79bmhxk50l8P50WG86w,Discoverdex,78300,24065814,473
2026-02-08,UCrSCIeCW1YuEviVZPVhEfGQ,Dorian GM,29900,5938547,270
2026-02-08,UCmUm6tw3Gz8dftSDy7Eep3A,Stéphane (Biggy Tech),34900,2956761,790
2026-02-08,UCtPzJInyqqt__Tn0EaUlaAw,Science Gaming,413000,391513558,1304
2026-02-08,UCpaI1FRY8EGK6mEAL7Wfr9w,Yosheez,130000,58724401,859
2026-02-08,UCz6PEeVLG1TL6jMRTvSLm4g,Matt Talks Tech,780000,107778779,1501
2026-02-08,UCljgvfi_NnUrNJVHp_HGHwA,Bazar de Léo - TechMaker,72000,25496584,112
2026-02-08,UCzICpbabqKwBTpb9XlWerjA,PassTech TV,682,127333,14
2026-02-08,UCqRSWOqkW_oelrdUN7KQ-aQ,Les Numériques,154000,64329523,3032
2026-02-08,UCiR9chjo9kIFMsCXgspFxqg,Braindegeek,74900,47325011,797
2026-02-08,UCr7ZVUNJ9KyYD92xqfinGsQ,Jimtek,16100,1371389,135
2026-02-08,UCuE3ei3NOnVjQUefjHUCF5Q,DiscoverID,377000,51947323,531
2026-02-08,UCnnYqSNKKygemgmxC9PyLTw,Ludo Salenne,257000,16828616,425
2026-02-08,UCySZIa8Y4e6aSVg4CISXAOA,Mathieu Dos Santos,24300,4103538,1110
2026-02-08,UCkQI4PEJfOY37DU_WLLzc5w,Dell Technologies France,2480,50754299,323
2026-02-09,UC1WIj7YGywcVoRLS0zZu2RQ,TechDams,5370,1740520,22
2026-02-09,UC3aPRnneybmQcbEK-X-Qptg,GLG reviews,368000,32772407,1687
2026-02-09,UC6joDErOGcFJC1vHNSfsYQg,01net,136000,48499554,1815
2026-02-09,UC7XxmEXw7wXgh259vYCSjkQ,Cmonavis 2,10200,1259624,210
2026-02-09,UCA25ZdZZF5XE6ihPE5pwfnw,Materiel.net,31800,12808958,574
2026-02-09,UCEPqgSzHj7vlJj5pGX9dDdA,Gilo & Alex,2320,131065,40
2026-02-09,UCDBYphtxNDXGQe5eyHYZ6Fw,GUILLAUME,498000,65835302,880
2026-02-09,UC69gruQfEHEQ4Qme0liJOdw,Ludo Tech,1760,795541,194
2026-02-09,UC0kacsSWviDNM7msbzGLGMQ,Tenorshare French,172000,44781525,936
2026-02-09,UC08uERSqTFS3xSwXKMLrUVg,TECH TITANS,35100,10442684,238
2026-02-09,UC2HXhqg87yIWz152Ig9vkaQ,Tout Techno,32100,7094713,242
2026-02-09,UC1N4EIilrmXhTEdu3h7tpPg,iPhone page,1030,182522,263
2026-02-09,UC1F5QJFXcu1evMkYyXRGoaw,LoKan Sardari - Studio,12100,1483577,675
2026-02-09,UCB32y6dm508Hap4_Mn-ZnHQ,Presse-citron,91200,25737477,1440
2026-02-09,UCC5xS4j2xUyGO2UfjFh5LsQ,Nooz,14400,2659181,615
2026-02-09,UC3-dl8nKItitMxM9DNTDAfQ,Kang et ses PC,106000,27304517,142
2026-02-09,UC1wV5Kf18gVbL3bWH-tWKDw,Cmonavis,62300,12501414,653
2026-02-09,UC69qClfvKeB9WeyySg5iQrQ,Yohann Studio,4300,2282839,320
2026-02-09,UCGMxP4yf3ixAAEKQc3d76gw,Arnaud,6260,1813663,144
2026-02-09,UCFrfK9IFqO15S7C52DdnSog,GIGATOP,43700,15302322,1085
2026-02-09,UCBqYyDusSFntU7k2UnFGsBA,Giga Content,24800,5152231,809
2026-02-09,UCAOjk3Po21_t7L1MDHQ4-Og,FNK Hardware,249000,43216726,1238
2026-02-09,UC6jfhJWEAfako0XlKnA2UGQ,Timena TechGeek,64200,11458251,1013
2026-02-09,UC2lMzO7HzJ_jamFT762vfwA,Jon Rettinger en Français,327,58985,33
2026-02-09,UC70eSjnRIGvRLCzT6K0SQSg,Device FR,1950,701189,885
2026-02-09,UC0V8fUv0DB5Tq7uHdG7ixyw,W38,140000,61584469,1920
2026-02-09,UC4q3HKdMqzll3SvA2Lf7oAg,Thomas in Tech,72900,21294828,952
2026-02-09,UC0AFqXyYs1z2Dxx5jtQBicQ,SkinnZer,44700,3624059,288
2026-02-09,UC7rdUip5Q8R7Ki1haNbdwwg,SoloTech,254000,35230523,623
2026-02-09,UC7sFrgyGelEr6eny6_PsGXQ,Tom's Guide France,40200,45870773,488
2026-02-09,UC1ndVn8sa4oTbW09P5ICOog,amazing mac TV,66000,18498275,1429
2026-02-09,UC5HtcZa4-moyfy6NTY7GHwA,TECHNO 24,475,203457,543
2026-02-09,UCAicNsMAZgbqPr_0QsnI1PA,Cobra.fr,6380,6941770,2143
2026-02-09,UCAz-755tH3m8_BwaluzdJwQ,Numerama,220000,104598754,2099
2026-02-09,UCFdQm01R6HPdMw4oa6a0Ihw,Qasim,38300,16979430,204
2026-02-09,UCCM6zpvTcgXeNqLmQ9swugQ,Selectos Lifestyle,13000,4516812,196
2026-02-09,UCDvCJx3pU8N-23ilB6tNMlg,mister gadget,4330,1611724,730
2026-02-09,UC4vD_Spv_zjcmyfHpnAwBNA,Ixar.,15600,2453642,184
2026-02-09,UCA_DfRJwb5U0S4UiiH3BtUg,Jérémy Dufour,77600,14736034,990
2026-02-09,UCBOGe_x7aqQV4Ly5Rfa4iow,Les Tests de Cyril,31100,2621935,454
2026-02-09,UC3CBQLyxiC35oxJPoufLnMQ,Gizmo Rush,71700,169015797,1186
2026-02-09,UCGjKSSIpN7aYQluu04kPrsA,Brandon Le Proktor,307000,44914058,404
2026-02-09,UCCUlTcDhcn72O8TiNfFJWWA,GLG video (JT Geek),70300,20276488,3352
2026-02-09,UCDfGCQqgOKPYeiaG3I4vl4w,Marty,109000,22542288,880
2026-02-09,UC65OszX3C9oYfNLU5AWjwYg,Aaron,2980,299427,32
2026-02-09,UCB0ffaItcXwkgbVu8Hvq3Tw,QUENTIN,224000,43370043,1303
2026-02-09,UC-pdFydi9ooxEfATh3KoiIw,STEVEN,1100000,196658084,1507
2026-02-09,UCDY3WI0HqdzNADtE6B-BmUw,MrG Tech,185000,28730915,580
2026-02-09,UC0xLruy2ZFFpxR6ODgnhJXA,GadgetRevNow,160000,83455790,1185
2026-02-09,UC2XmvTlziz2LSXd_QKBwf8Q,Espritnewgen,71900,21775210,2947
2026-02-09,UCTER7XOnDvSRbI2YxikLaVw,RTBF iXPé,261000,91761070,2451
2026-02-09,UCPP-NkzSqMJ9ywhJkcgrpAw,Tech_Sama,214000,29364245,758
2026-02-09,UCMc7IaTDRDtxftK9v0aXVqA,Yada 2.0,112000,16666755,205
2026-02-09,UCTOAKgwfqqCbOytF3RNGGVw,Monsieur GRrr,723000,147460192,1986
2026-02-09,UCNWE4ouC-BxzJ-Lomuuqb1Q,Isma(ël),4450,306448,45
2026-02-09,UCGkFwY0mGku1M9_6M_NQ7Ig,Kylian Le Bris,2730,1317124,67
2026-02-09,UCNzUonmxxvG-HIqOC3S7Thw,VAC - Vulgarisateur Apple et compagnie,77900,1535495,229
2026-02-09,UCM6kUx3GI7lTQlqMBiumaEg,technofou,43400,1924720,90
2026-02-09,UCPQsSFJurluaMOG1qL0Y7sA,PP World,448000,77827626,1037
2026-02-09,UCOCoKBUmALR6d7UW_s5zgrA,Arnaud C.,106000,6927705,311
2026-02-09,UCJ4p_F-vCnEn5V5OtFN8Q3w,FrenchMakito,32700,3585669,99
2026-02-09,UCTKa4DGeCFeThot6rcRqNow,TechnoïdFR,21900,5472363,1723
2026-02-09,UCHGvOgxAA_MFOH1yyhjcR-Q,ArtBen,327000,38204661,266
2026-02-09,UCR-4Ge4NbqILG5HTTvs_nFQ,Lysandre_lbd,12100,5386911,317
2026-02-09,UCP5-zNhWXk_LUPIJpxtrTnQ,Cowcotland,52600,23525619,4261
2026-02-09,UCQsb5TqYUeGWGpJFr8DMWsQ,ANONIMAL,613000,71327942,298
2026-02-09,UCOaX4zvPzmv0eBbUWOOOB_A,TopAchat,101000,18858846,695
2026-02-09,UCTmHRe6W96WgYlUNxcokpVQ,Fitfitzone,1250,172464,18
2026-02-09,UCOyUCj6Wx9skJggzZFUDZyA,Unlock Talk,20300,2386912,362
2026-02-09,UCR3uoYsbRO_S0wg2DaSlb8g,Wondershare Français,99200,15858315,1296
2026-02-09,UCOtM8pxxBIfwqu6e8mHgUEQ,TheiMika,12800,3586607,121
2026-02-09,UCJ3MlRSjtv2sT-rIDsFg0fw,Sam_VNR,4730,285104,62
2026-02-09,UCNiauGTV7XhkOpUAIXod4xA,Léo Duff,804000,63921293,319
2026-02-09,UCSvD1S5kHsr9tvD3gDXkPkQ,Techmo,96400,53627900,299
2026-02-09,UCHgZ3SrY7FhB0KjFki50fEQ,Gabinks,1150,305311,145
2026-02-09,UCL3y_psKbrdZ5FZo3dvVeEQ,Pafito,15300,8260236,96
2026-02-09,UCMWAxO0xGJxELkiX5_pEJNA,Pannacophone - Smartphone & Tech,91300,11530926,137
2026-02-09,UCNOUTy_TWRJzAaSfIGserkg,Nowtech Replay (Le Mug Nowtech),5400,809813,508
2026-02-09,UCMwkAK-lhEeLld9xLiyKLMg,Captain Grochat,24800,1990408,109
2026-02-09,UCOm_kuKVb4ImX_DHpIgX_zg,Skinn's Tech Deals,1970,73121,18
2026-02-09,UCRI5foOTNz6DuVz3SVQ1cMA,Tao Gassin,13600,1093542,53
2026-02-09,UCH6ppHEvV3_WIXEwmhv9HEg,Deus Ex Silicium,408000,28029724,140
2026-02-09,UCTG26Ngiphy9TCOejxGfShQ,R-Tech,127,96093,61
2026-02-09,UCU8_onYYhNxwGUB3hA34C4Q,FrenchHardware,842000,168678132,941
2026-02-09,UCMWWgqykXE5exHk60TCZ-bw,Yukio_Clyks,27400,7428055,429
2026-02-09,UCIaNSaws_Wv_eoUAmDbUK-Q,MT High Tech Deal's,2820,246236,71
2026-02-09,UCQigF3tZJJlt6o1_tkYKkNQ,KAPPA Studio,230000,57653888,125
2026-02-09,UCJLKCYMkCbOW9wzmeUj8dwQ,MEHDI’N TECH,59700,3239076,132
2026-02-09,UCQSA6pCffm7epqxFqouL0Xg,Mathis et Gauthier,193000,33428211,439
2026-02-09,UCT9QoBXRO1_z1f-Ud97RxPg,Norizon,311,25882,20
2026-02-09,UCHJb6-VCrzQqVQASN23OskQ,Jigfio Ti Super,19100,940855,68
2026-02-09,UCO14QTmfRbe9j9PTJsAhtLQ,PΔX,89100,12770709,499
2026-02-09,UCRhyS_ylPQ5GWBl1lK92ftA,Léo - TechMaker,2200000,372153812,1529
2026-02-09,UCSYFVeBI66YqDhGrYKxiCUQ,Georges,2130,158911,40
2026-02-09,UCSPoCan8_9ELmqEVS2hUHPA,iVax,120000,20749764,485
2026-02-09,UCJPa4sr9B_mLjShfHhWi8yg,TECnaiche,13500,4658114,403
2026-02-09,UCIorGsaWVmlkpNsngTQPDAg,Clubic,31500,9975305,1433
2026-02-09,UCQvNFAufGf8mtN2_L8thysg,Journal du Geek,66300,31674501,2502
2026-02-09,UCJy0lX8ThZ7lCtst7JnegWQ,Jojol,2690000,611651614,2119
2026-02-09,UCQZa27_VXLUowoMsYo6Y0Dw,bazze tv,23000,3201665,266
2026-02-09,UCgWvhceGENT-dKBlgodnomQ,Les perdus Du numérique,12500,4123505,1972
2026-02-09,UCgjhIdz3Uw9r-eMyML9M8FA,PIKATE,12000,1231284,121
2026-02-09,UCfwLCsZhix155PAoFTBb-oQ,Mac4Ever,160000,53167932,1958
2026-02-09,UCZ5qxuvquQABNtjcawNMowA,DaddyFamtech,122000,13496495,1416
2026-02-09,UCVrceZhsV6TRyVh3VhBFaKA,MOBICLICK,2220,1253561,197
2026-02-09,UCUD3E77YRTGK3yPSDB6Kq5Q,Monsport06,193000,13173333,508
2026-02-09,UCfLyhjpn3hzleNtgTGOQimA,Romain PIAUD,31800,7656494,587
2026-02-09,UCUanZckNyJODHBdqtMzYMpA,ORLM.tv / On refait le Mac,54800,13306309,1466
2026-02-09,UCe7R7Pt-bxNT7EE83NLsmFQ,Avis Express - Testeur High-Tech,272000,57881067,1704
2026-02-09,UCfQxUIhFxt59kj0hK53rZGg,"nakan.ch, sport et technologies",28400,5761168,414
2026-02-09,UCZEdNvDcHUPEE7CDRpXnO6w,Cyril | Ctrl Bu,5970,843435,158
2026-02-09,UCfkiE_eKqeVWE0XhMNBMFdA,InfiniT,189,50952,157
2026-02-09,UCeFfhz1vsSxxJY26VZHw19w,Selectos Tech,117000,31775064,597
2026-02-09,UCUT9pQQGw4ZEpv5hqrv-bZw,TonyTech,92700,11728148,747
2026-02-09,UCe7aMEBJH_sGJMCXWLCzeSA,TheFunTouch,1690,932532,170
2026-02-09,UCfc0cRoo8yYOzeuS89zpN-Q,Québec Test,301000,34670657,507
2026-02-09,UC_dzE9mydhQuQ0NwmXByDtA,André Martin,387000,55837466,984
2026-02-09,UCYU8ljh_pDcwqDMWZoJWqwA,RABBIN DES BOIS,361000,20223157,149
2026-02-09,UCUltPy138RvnbWX_FuUHtDA,MT High-Tech,22100,2915317,316
2026-02-09,UCaHolOYkfcTdC0vTFAywzXw,LoKan Sardari,88000,18381171,981
2026-02-09,UCb0sWM7tMRaEgn_hpptqnxA,Mon iPad & Moi,715,39470,29
2026-02-09,UCUaHJ0fTA-1theR8A8Polmw,BFM Tech,574000,232235237,8339
2026-02-09,UCURjynFkZicGPbIIaWO9vmQ,Benji TV,60800,14481150,251
2026-02-09,UCb6bgt9GlMWk-gKrLLfXFLw,Julien Hick,10900,3266734,359
2026-02-09,UCUbwQOAmLdZ9zPOOPFt25zQ,YanNick TECH,67400,17250016,1323
2026-02-09,UCU_a5aoj_HzTMohx0JG_Z4A,GUILLAUME++,101000,9696848,298
2026-02-09,UCaybrunQi8xWgPMgv1AYBHw,TheiCollection,1000000,219533022,1287
2026-02-09,UCeXhsPdO6bRK7ZycOeFdD8A,iTechNews,289000,2582294,78
2026-02-09,UCc7giV0qHsCNbhjV3_ZJ22w,Paul - Nakryum,107000,16206795,583
2026-02-09,UCXJ_vW2t0W5hY9hS8ePnpzw,Back Market France,21900,161527532,198
2026-02-09,UCflWJq4cTuofmM-0G-GMUNQ,conseilguide,19200,6704311,1283
2026-02-09,UCUclUivgBePqnqDGQ3Jzu2Q,TOUKIWANTI,125000,21822230,849
2026-02-09,UCdqC1GnhKs3aQw6j62uOvUw,Mister Perrier,57100,5077533,364
2026-02-09,UCf-DN6QjyyEbhuMWCoXdXQQ,Phonandroid,144000,26496456,840
2026-02-09,UCZsEJw8rwd0RWAga5dulOpg,Bon Plan High Tech,13600,4570706,343
2026-02-09,UCYmw-Y8TnRzO4COTBKEgUGg,Les Dénicheurs,20600,5875731,2979
2026-02-09,UC_FckuJiPXwA_nOEIoTsRZg,Fabien captain virtuality,12800,1798509,181
2026-02-09,UCbwE_k9zALnzZRvkoyDhuzw,Jojo Le Geek,165000,25322625,592
2026-02-09,UCa8Leo9o5Nnb-Cc1sWfT2HQ,MobileAddict,300000,44102177,420
2026-02-09,UCfbwndxvM8tOtxN_GqU1R3Q,Lorenzo-high-tech,29200,4499115,956
2026-02-09,UCchpwieM3DswmDEnJ0MRq1A,Romain Lanéry,1050000,205686657,1682
2026-02-09,UCbqjtNeW9vbz6_gwOW5PybQ,KYIO,11300,5092740,396
2026-02-09,UCYWJ5aXwE7vyN-qtDT3uR4w,Top For Phone,148000,47123806,1643
2026-02-09,UCYnvxJ-PKiGXo_tYXpWAC-w,Micode,1830000,122141466,85
2026-02-09,UCagQpz-WZtgbSp8Ry0XQ4Yw,Victor,3130,218541,50
2026-02-09,UCVwG9JHqGLfEO-4TkF-lf2g,Nowtech,441000,73027111,896
2026-02-09,UCWedHS9qKebauVIK2J7383g,Underscore_,918000,114107542,199
2026-02-09,UCeUxAQ2j3OETAApTvBj5Scw,MoMo App,737000,46003057,910
2026-02-09,UCX4A8obrGg1iX37R-fyBJ6w,Monde Tech,708,139350,133
2026-02-09,UCdTrm2PZ7Wwa7xF-LbGP0dQ,Le Showroom de l'Image et du Son,15400,14831049,2817
2026-02-09,UCptwuAv0XQHo1OQUSaO6NHw,Max Tech,1250000,447972974,2065
2026-02-09,UCv8L8SztjsNYT4FpX8g5ATw,INFOMAX Paris,10200,7447317,329
2026-02-09,UCuE3ei3NOnVjQUefjHUCF5Q,DiscoverID,377000,51954963,531
2026-02-09,UCt3bV9VvoCrXILlR1Z6kGmQ,Rémi Lou,134000,80843036,1191
2026-02-09,UChSBt06I1fa5FlDjbB0fChg,BenBraTeK,9570,1562137,59
2026-02-09,UCpFq62uOig4n9jT3luIYUDQ,VZX,23000,9463712,145
2026-02-09,UCqRSWOqkW_oelrdUN7KQ-aQ,Les Numériques,154000,64345792,3033
2026-02-09,UCgoxc-VKU0cw9BcM9z_qokg,Frandroid,595000,200170030,2756
2026-02-09,UClQPWod8Gjgw7i51t7PYibQ,Sélection Futée,2240,206835,376
2026-02-09,UCwWgvJHw1mNRq_ry6VoPKEg,Yada,383000,42892910,536
2026-02-09,UCxej0ZiLbbeVrz3XQZjj-MA,Huawei Mobile France,27700,43715918,120
2026-02-09,UCrAiXFptzDmgQA6gUCOz9RQ,Meta Perso,14700,1089657,49
2026-02-09,UCySZIa8Y4e6aSVg4CISXAOA,Mathieu Dos Santos,24400,4106527,1113
2026-02-09,UCmUm6tw3Gz8dftSDy7Eep3A,Stéphane (Biggy Tech),34900,2957698,791
2026-02-09,UCxpT79bmhxk50l8P50WG86w,Discoverdex,78300,24083569,473
2026-02-09,UClnRNkdVq24iwIbc1O-hjlw,Yensing,21000,1276003,20
2026-02-09,UCo2fYdtvhyXW38WiLW_yg0Q,Charles Bolduc,1930,338798,172
2026-02-09,UCljgvfi_NnUrNJVHp_HGHwA,Bazar de Léo - TechMaker,72000,25497039,112
2026-02-09,UCsKrhME6clyYbibb4nzvgMA,Leasi,6,3679,42
2026-02-09,UCxnikUCVJLsD4GTbujlnmlQ,Comparatif Mobile,195,28993,252
2026-02-09,UCqC_p9Kw9pnvLvzr701beSg,Olivier Schmitt,178000,15226428,283
2026-02-09,UCuJtgmGNF_PvicQkf88t-5g,ChristoTech,310000,33364919,1397
2026-02-09,UCu6HC8ahaPWqqfSvic7nWyQ,Nightech,140000,34553634,514
2026-02-09,UCnnYqSNKKygemgmxC9PyLTw,Ludo Salenne,257000,16833047,425
2026-02-09,UCrHCRJPuJJcINMMEETEYt4g,Le Petit Comparateur,16100,5724075,735
2026-02-09,UCzICpbabqKwBTpb9XlWerjA,PassTech TV,682,127338,14
2026-02-09,UCuDNiVxL-Zfw0CBVQ4oOr8w,DealSmart FR,196,29986,23
2026-02-09,UCtPzJInyqqt__Tn0EaUlaAw,Science Gaming,414000,392226639,1306
2026-02-09,UCssuk5-zaZn9vt0_HNj-Hug,VERBOZZ,474000,60724129,284
2026-02-09,UCpSRz-eAoiSW5kaHpI_3LjA,JOLI TECH,19,16382,492
2026-02-09,UCz-hlzLKQ__1nKXarSedtQA,HardwareFRA,33800,7084429,747
2026-02-09,UCyeoo6CDdAyYGyUvHWF0gSA,Garmin France,15200,53299662,1265
2026-02-09,UClXUBKUsEdXpSl4mOr3Q3jw,Binbin Tech,13900,1597227,58
2026-02-09,UCoJ4gzwVvGNH5GNqiJoQAAA,Alex Reframe,131000,25034953,645
2026-02-09,UCkS6jlQ4RJTCdkzVCU2-FSQ,GeekEtc,21700,6299280,642
2026-02-09,UCz6PEeVLG1TL6jMRTvSLm4g,Matt Talks Tech,781000,107911674,1502
2026-02-09,UCrsiHZzr4IjuSjnvPy5rVUQ,Daddy Dtech,114000,12229191,403
2026-02-09,UCrSCIeCW1YuEviVZPVhEfGQ,Dorian GM,29900,5951201,270
2026-02-09,UCiR9chjo9kIFMsCXgspFxqg,Braindegeek,74900,47351158,798
2026-02-09,UCkQI4PEJfOY37DU_WLLzc5w,Dell Technologies France,2480,50754359,323
2026-02-09,UCtmEbUFh18ZmtObT78ix9Yw,Tech and Shoot,30600,6651133,1316
2026-02-09,UCr7ZVUNJ9KyYD92xqfinGsQ,Jimtek,16200,1373285,135
2026-02-09,UCpaI1FRY8EGK6mEAL7Wfr9w,Yosheez,130000,58742758,859
2026-02-09,UCs7Jg5KBsgiova4CrseuwIw,TheGrandTest,325000,45321394,1875
2026-02-09,UCqHcg3sjPv2mcGqL1B60bew,"Dbc iPhone, iPad, MacBook",32200,23802118,440
2026-02-09,UCwsQtHFlS-LKVn8xJ3TaupQ,Monsieur Pixel,9670,1218256,221
2026-02-09,UCrwtkeoBxPfhyde5eesmvyA,CieloTech,12400,14118958,217
2026-02-09,UChFaUrD7t1JQ0w7rObWhIRA,Millomaker,437000,53980662,85
2026-02-09,UCm3QK_QNta9Mue2Q70gtzVw,Android plus,2660,456527,434
2026-02-09,UCwZsbPUXohCN867pQzioGLw,Nicolas Barbet,15500,5717251,352
2026-02-10,UC1wV5Kf18gVbL3bWH-tWKDw,Cmonavis,62300,12505987,654
2026-02-10,UC0V8fUv0DB5Tq7uHdG7ixyw,W38,140000,61584642,1920
2026-02-10,UC1ndVn8sa4oTbW09P5ICOog,amazing mac TV,66000,18502375,1429
2026-02-10,UC3-dl8nKItitMxM9DNTDAfQ,Kang et ses PC,106000,27330145,142
2026-02-10,UC0Cgi1uK0MWB5V_VtKkvi8g,La Geek News,3810,749431,162
2026-02-10,UC7rdUip5Q8R7Ki1haNbdwwg,SoloTech,254000,35235199,623
2026-02-10,UC69qClfvKeB9WeyySg5iQrQ,Yohann Studio,4300,2284515,320
2026-02-10,UC4vD_Spv_zjcmyfHpnAwBNA,Ixar.,15600,2456354,184
2026-02-10,UCA_DfRJwb5U0S4UiiH3BtUg,Jérémy Dufour,77600,14748527,990
2026-02-10,UCDBYphtxNDXGQe5eyHYZ6Fw,GUILLAUME,498000,65847217,880
2026-02-10,UC6jfhJWEAfako0XlKnA2UGQ,Timena TechGeek,64200,11460663,1013
2026-02-10,UCE4qu22kCO225a91eERbxvA,Vivo Tech,12,8138,459
2026-02-10,UCAicNsMAZgbqPr_0QsnI1PA,Cobra.fr,6380,6942641,2143
2026-02-10,UCDfGCQqgOKPYeiaG3I4vl4w,Marty,109000,22546562,881
2026-02-10,UC3CBQLyxiC35oxJPoufLnMQ,Gizmo Rush,71900,169426650,1190
2026-02-10,UC2XmvTlziz2LSXd_QKBwf8Q,Espritnewgen,71900,21778881,2949
2026-02-10,UC65OszX3C9oYfNLU5AWjwYg,Aaron,2980,299721,32
2026-02-10,UC1N4EIilrmXhTEdu3h7tpPg,iPhone page,1030,183012,263
2026-02-10,UCBOGe_x7aqQV4Ly5Rfa4iow,Les Tests de Cyril,31200,2624096,454
2026-02-10,UC5HtcZa4-moyfy6NTY7GHwA,TECHNO 24,476,204128,546
2026-02-10,UCB32y6dm508Hap4_Mn-ZnHQ,Presse-citron,91200,25742950,1440
2026-02-10,UC08uERSqTFS3xSwXKMLrUVg,TECH TITANS,35200,10494392,239
2026-02-10,UC6joDErOGcFJC1vHNSfsYQg,01net,136000,48510648,1815
2026-02-10,UCCM6zpvTcgXeNqLmQ9swugQ,Selectos Lifestyle,13000,4518200,196
2026-02-10,UC66ysWRFWfg-V5RhnQN4wFg,Gadget Evolution,61600,7306228,78
2026-02-10,UCCUlTcDhcn72O8TiNfFJWWA,GLG video (JT Geek),70400,20277931,3353
2026-02-10,UC-g0NspJGvPdg_x7XIBNkNg,The Viewing Angle en Français,314,62664,22
2026-02-10,UC69gruQfEHEQ4Qme0liJOdw,Ludo Tech,1770,796068,195
2026-02-10,UC7XxmEXw7wXgh259vYCSjkQ,Cmonavis 2,10200,1264235,210
2026-02-10,UCC5xS4j2xUyGO2UfjFh5LsQ,Nooz,14400,2662688,616
2026-02-10,UCAOjk3Po21_t7L1MDHQ4-Og,FNK Hardware,249000,43227030,1238
2026-02-10,UC4q3HKdMqzll3SvA2Lf7oAg,Thomas in Tech,73000,21310770,953
2026-02-10,UC1WIj7YGywcVoRLS0zZu2RQ,TechDams,5370,1742521,22
2026-02-10,UC70eSjnRIGvRLCzT6K0SQSg,Device FR,1960,703106,888
2026-02-10,UCBqYyDusSFntU7k2UnFGsBA,Giga Content,24800,5157427,810
2026-02-10,UC44qdJgVvPEaEaojOUZpp9A,Benjamin Code Plus,18600,599509,30
2026-02-10,UC0AFqXyYs1z2Dxx5jtQBicQ,SkinnZer,44700,3624351,288
2026-02-10,UCDvCJx3pU8N-23ilB6tNMlg,mister gadget,4340,1612957,730
2026-02-10,UC0xLruy2ZFFpxR6ODgnhJXA,GadgetRevNow,160000,83629630,1186
2026-02-10,UC2lMzO7HzJ_jamFT762vfwA,Jon Rettinger en Français,328,59162,34
2026-02-10,UC-2f97m_1UGWDogGudJcVJg,OtaXou,29200,3446709,366
2026-02-10,UC2HXhqg87yIWz152Ig9vkaQ,Tout Techno,32100,7101588,242
2026-02-10,UCDY3WI0HqdzNADtE6B-BmUw,MrG Tech,185000,28735396,582
2026-02-10,UC-pdFydi9ooxEfATh3KoiIw,STEVEN,1100000,196668823,1507
2026-02-10,UC1F5QJFXcu1evMkYyXRGoaw,LoKan Sardari - Studio,12200,1488094,675
2026-02-10,UCAz-755tH3m8_BwaluzdJwQ,Numerama,220000,104727624,2101
2026-02-10,UC3aPRnneybmQcbEK-X-Qptg,GLG reviews,369000,32781869,1687
2026-02-10,UCA25ZdZZF5XE6ihPE5pwfnw,Materiel.net,31800,12812622,574
2026-02-10,UCB0ffaItcXwkgbVu8Hvq3Tw,QUENTIN,224000,43377095,1303
2026-02-10,UC7sFrgyGelEr6eny6_PsGXQ,Tom's Guide France,40200,45871249,488
2026-02-10,UCIu36vEY96BCwfYvz5ccucg,LDLC.com,27900,7209850,365
2026-02-10,UCO14QTmfRbe9j9PTJsAhtLQ,PΔX,89100,12775259,499
2026-02-10,UCHGvOgxAA_MFOH1yyhjcR-Q,ArtBen,327000,38210702,266
2026-02-10,UCJPa4sr9B_mLjShfHhWi8yg,TECnaiche,13500,4661328,403
2026-02-10,UCMWAxO0xGJxELkiX5_pEJNA,Pannacophone - Smartphone & Tech,91300,11535842,137
2026-02-10,UCHRVeW3Z0ttSFk6xIfGW4lA,Nicorama,157000,13864940,287
2026-02-10,UCN6zUULSoitsLJB03jh_I0A,Le Futurologue,29700,2890358,301
2026-02-10,UCMWWgqykXE5exHk60TCZ-bw,Yukio_Clyks,27400,7431521,429
2026-02-10,UCIorGsaWVmlkpNsngTQPDAg,Clubic,31500,9976906,1434
2026-02-10,UCLOAPb7ATQUs_nDs9ViLcMw,Benjamin Code,155000,13846415,382
2026-02-10,UCNOUTy_TWRJzAaSfIGserkg,Nowtech Replay (Le Mug Nowtech),5400,809989,508
2026-02-10,UCL3y_psKbrdZ5FZo3dvVeEQ,Pafito,15300,8270998,96
2026-02-10,UCOaX4zvPzmv0eBbUWOOOB_A,TopAchat,101000,18882588,696
2026-02-10,UCJLKCYMkCbOW9wzmeUj8dwQ,MEHDI’N TECH,59700,3239886,132
2026-02-10,UCHJb6-VCrzQqVQASN23OskQ,Jigfio Ti Super,19100,941178,68
2026-02-10,UCQwe6dSfilWUgNbgQ3NCQNg,C mon point de vue,3530,895765,62
2026-02-10,UCJ3MlRSjtv2sT-rIDsFg0fw,Sam_VNR,4740,286212,62
2026-02-10,UCNzUonmxxvG-HIqOC3S7Thw,VAC - Vulgarisateur Apple et compagnie,78000,1536677,230
2026-02-10,UCNWE4ouC-BxzJ-Lomuuqb1Q,Isma(ël),4460,307438,45
2026-02-10,UCFWds3GTyhvWpSF308RC1Eg,PcComponentesFR,633,244664,123
2026-02-10,UCP5-zNhWXk_LUPIJpxtrTnQ,Cowcotland,52600,23527543,4262
2026-02-10,UCPLnJmNrlcQzyi8QAP_dhJA,Dariusz Tech,125000,117451261,827
2026-02-10,UCPP-NkzSqMJ9ywhJkcgrpAw,Tech_Sama,214000,29380677,758
2026-02-10,UCMwkAK-lhEeLld9xLiyKLMg,Captain Grochat,24800,1997912,109
2026-02-10,UCOCoKBUmALR6d7UW_s5zgrA,Arnaud C.,106000,6933480,311
2026-02-10,UCQigF3tZJJlt6o1_tkYKkNQ,KAPPA Studio,231000,57887816,125
2026-02-10,UCFdQm01R6HPdMw4oa6a0Ihw,Qasim,38300,16990000,204
2026-02-10,UCEPqgSzHj7vlJj5pGX9dDdA,Gilo & Alex,2320,131154,40
2026-02-10,UCOm_kuKVb4ImX_DHpIgX_zg,Skinn's Tech Deals,1970,73245,18
2026-02-10,UCGMxP4yf3ixAAEKQc3d76gw,Arnaud,6260,1815075,144
2026-02-10,UCQSA6pCffm7epqxFqouL0Xg,Mathis et Gauthier,193000,33440402,439
2026-02-10,UCQsb5TqYUeGWGpJFr8DMWsQ,ANONIMAL,613000,71330329,298
2026-02-10,UCGjKSSIpN7aYQluu04kPrsA,Brandon Le Proktor,307000,44930653,404
2026-02-10,UCNiauGTV7XhkOpUAIXod4xA,Léo Duff,804000,63928780,319
2026-02-10,UCKkFotHwcyYF1cn8sFcKvqw,MacGeneration,4850,4634082,578
2026-02-10,UCFrfK9IFqO15S7C52DdnSog,GIGATOP,43700,15315624,1086
2026-02-10,UCHgZ3SrY7FhB0KjFki50fEQ,Gabinks,1150,306138,146
2026-02-10,UCIaNSaws_Wv_eoUAmDbUK-Q,MT High Tech Deal's,2820,246263,71
2026-02-10,UCM6kUx3GI7lTQlqMBiumaEg,technofou,43400,1924832,90
2026-02-10,UCH6ppHEvV3_WIXEwmhv9HEg,Deus Ex Silicium,408000,28033872,140
2026-02-10,UCJy0lX8ThZ7lCtst7JnegWQ,Jojol,2690000,611721475,2119
2026-02-10,UCJ4p_F-vCnEn5V5OtFN8Q3w,FrenchMakito,32700,3588021,99
2026-02-10,UCQvNFAufGf8mtN2_L8thysg,Journal du Geek,66300,31678638,2503
2026-02-10,UCOyUCj6Wx9skJggzZFUDZyA,Unlock Talk,20300,2389557,363
2026-02-10,UCOtM8pxxBIfwqu6e8mHgUEQ,TheiMika,12800,3586965,121
2026-02-10,UCMc7IaTDRDtxftK9v0aXVqA,Yada 2.0,112000,16673304,205
2026-02-10,UCGkFwY0mGku1M9_6M_NQ7Ig,Kylian Le Bris,2800,1356914,68
2026-02-10,UCR-4Ge4NbqILG5HTTvs_nFQ,Lysandre_lbd,12200,5389576,318
2026-02-10,UCPQsSFJurluaMOG1qL0Y7sA,PP World,448000,77849396,1037
2026-02-10,UCQZa27_VXLUowoMsYo6Y0Dw,bazze tv,23000,3205320,267
2026-02-10,UCVrceZhsV6TRyVh3VhBFaKA,MOBICLICK,2220,1287293,198
2026-02-10,UCSvD1S5kHsr9tvD3gDXkPkQ,Techmo,96500,53789893,299
2026-02-10,UCUbwQOAmLdZ9zPOOPFt25zQ,YanNick TECH,67400,17276187,1324
2026-02-10,UCTG26Ngiphy9TCOejxGfShQ,R-Tech,127,96508,61
2026-02-10,UCYnvxJ-PKiGXo_tYXpWAC-w,Micode,1840000,122209583,85
2026-02-10,UCTER7XOnDvSRbI2YxikLaVw,RTBF iXPé,261000,91859790,2455
2026-02-10,UCb0sWM7tMRaEgn_hpptqnxA,Mon iPad & Moi,718,39617,29
2026-02-10,UC_dzE9mydhQuQ0NwmXByDtA,André Martin,387000,55873225,985
2026-02-10,UCUD3E77YRTGK3yPSDB6Kq5Q,Monsport06,193000,13176597,508
2026-02-10,UCaybrunQi8xWgPMgv1AYBHw,TheiCollection,1000000,219554334,1287
2026-02-10,UCagQpz-WZtgbSp8Ry0XQ4Yw,Victor,3130,219419,50
2026-02-10,UCRhyS_ylPQ5GWBl1lK92ftA,Léo - TechMaker,2200000,373185861,1530
2026-02-10,UCTKa4DGeCFeThot6rcRqNow,TechnoïdFR,21900,5472995,1723
2026-02-10,UCWzO_6sTx_tzEi0pU_3L5dA,Kizuna Horizon,185,68116,11
2026-02-10,UCU_a5aoj_HzTMohx0JG_Z4A,GUILLAUME++,101000,9699381,299
2026-02-10,UCb6bgt9GlMWk-gKrLLfXFLw,Julien Hick,10900,3268453,359
2026-02-10,UCUaHJ0fTA-1theR8A8Polmw,BFM Tech,574000,232261342,8340
2026-02-10,UCSGjkErS7A6LPBjESg56p7g,Tech Shorts,31800,11772732,198
2026-02-10,UCTOAKgwfqqCbOytF3RNGGVw,Monsieur GRrr,723000,147489023,1986
2026-02-10,UCYmw-Y8TnRzO4COTBKEgUGg,Les Dénicheurs,20600,5882615,2980
2026-02-10,UCUT9pQQGw4ZEpv5hqrv-bZw,TonyTech,93200,11734850,747
2026-02-10,UCYWJ5aXwE7vyN-qtDT3uR4w,Top For Phone,148000,47124368,1643
2026-02-10,UCVwG9JHqGLfEO-4TkF-lf2g,Nowtech,441000,73039053,897
2026-02-10,UCa8Leo9o5Nnb-Cc1sWfT2HQ,MobileAddict,300000,44106944,420
2026-02-10,UCR3uoYsbRO_S0wg2DaSlb8g,Wondershare Français,99200,15873625,1296
2026-02-10,UCZEdNvDcHUPEE7CDRpXnO6w,Cyril | Ctrl Bu,5970,846318,158
2026-02-10,UCURjynFkZicGPbIIaWO9vmQ,Benji TV,60800,14487310,251
2026-02-10,UCUanZckNyJODHBdqtMzYMpA,ORLM.tv / On refait le Mac,54800,13327195,1470
2026-02-10,UCU8_onYYhNxwGUB3hA34C4Q,FrenchHardware,842000,168782629,941
2026-02-10,UCZsEJw8rwd0RWAga5dulOpg,Bon Plan High Tech,13600,4572168,343
2026-02-10,UCUclUivgBePqnqDGQ3Jzu2Q,TOUKIWANTI,125000,21848087,849
2026-02-10,UCaysddji-z_Za5b6EMmcc3g,Bien Chez Soi,52700,32629823,2987
2026-02-10,UCSYFVeBI66YqDhGrYKxiCUQ,Georges,2130,159586,40
2026-02-10,UC_FckuJiPXwA_nOEIoTsRZg,Fabien captain virtuality,12800,1799169,181
2026-02-10,UCbqjtNeW9vbz6_gwOW5PybQ,KYIO,11300,5094393,396
2026-02-10,UCT9QoBXRO1_z1f-Ud97RxPg,Norizon,312,25969,20
2026-02-10,UCYU8ljh_pDcwqDMWZoJWqwA,RABBIN DES BOIS,361000,20223595,149
2026-02-10,UCSPoCan8_9ELmqEVS2hUHPA,iVax,120000,20755087,485
2026-02-10,UCXJ_vW2t0W5hY9hS8ePnpzw,Back Market France,22000,161528797,198
2026-02-10,UCaHolOYkfcTdC0vTFAywzXw,LoKan Sardari,88000,18392280,981
2026-02-10,UCTE6xlfjGhlJ3pLVsg85-AQ,Amazon Promo Tech,1330,75227,517
2026-02-10,UCX4A8obrGg1iX37R-fyBJ6w,Monde Tech,708,140029,134
2026-02-10,UCTmHRe6W96WgYlUNxcokpVQ,Fitfitzone,1260,173359,18
2026-02-10,UCc7giV0qHsCNbhjV3_ZJ22w,Paul - Nakryum,107000,16212428,585
2026-02-10,UCWedHS9qKebauVIK2J7383g,Underscore_,918000,114151170,200
2026-02-10,UCZ5qxuvquQABNtjcawNMowA,DaddyFamtech,122000,13511314,1417
2026-02-10,UCUltPy138RvnbWX_FuUHtDA,MT High-Tech,22100,2917490,316
2026-02-10,UCbwE_k9zALnzZRvkoyDhuzw,Jojo Le Geek,165000,25326548,592
2026-02-10,UCSGT2_DuhiJ1uV9dpRbXxug,Kulture ChroniK,167000,26083227,862
2026-02-10,UCRI5foOTNz6DuVz3SVQ1cMA,Tao Gassin,13600,1095109,53
2026-02-10,UCrsiHZzr4IjuSjnvPy5rVUQ,Daddy Dtech,114000,12235074,403
2026-02-10,UCrHCRJPuJJcINMMEETEYt4g,Le Petit Comparateur,16100,5727301,736
2026-02-10,UCflWJq4cTuofmM-0G-GMUNQ,conseilguide,19200,6707016,1283
2026-02-10,UCe7aMEBJH_sGJMCXWLCzeSA,TheFunTouch,1690,932538,170
2026-02-10,UCdTrm2PZ7Wwa7xF-LbGP0dQ,Le Showroom de l'Image et du Son,15400,14832530,2817
2026-02-10,UCnJAGhDDEPdvY2g4ipf9PMQ,Elliott Pierret,86600,5504513,168
2026-02-10,UChSBt06I1fa5FlDjbB0fChg,BenBraTeK,9570,1562492,59
2026-02-10,UCrGUPAX1w87ckAxUwu8JtOA,Team VRY,11500,6037675,420
2026-02-10,UCeUxAQ2j3OETAApTvBj5Scw,MoMo App,737000,46022360,910
2026-02-10,UCrs2S-Ilj6R6qhhXCiV5hsQ,Tech Live,18300,3163484,253
2026-02-10,UCfbwndxvM8tOtxN_GqU1R3Q,Lorenzo-high-tech,29200,4502776,956
2026-02-10,UCdqC1GnhKs3aQw6j62uOvUw,Mister Perrier,57100,5077817,364
2026-02-10,UCrSCIeCW1YuEviVZPVhEfGQ,Dorian GM,29900,5962059,270
2026-02-10,UCfkiE_eKqeVWE0XhMNBMFdA,InfiniT,189,51091,157
2026-02-10,UCgjhIdz3Uw9r-eMyML9M8FA,PIKATE,12000,1234117,122
2026-02-10,UCfc0cRoo8yYOzeuS89zpN-Q,Québec Test,301000,34692807,507
2026-02-10,UCqHcg3sjPv2mcGqL1B60bew,"Dbc iPhone, iPad, MacBook",32200,23820481,442
2026-02-10,UCrAiXFptzDmgQA6gUCOz9RQ,Meta Perso,14700,1089856,49
2026-02-10,UCiR9chjo9kIFMsCXgspFxqg,Braindegeek,74900,47378381,799
2026-02-10,UClXUBKUsEdXpSl4mOr3Q3jw,Binbin Tech,14000,1599743,58
2026-02-10,UCdSUuErbgIIfHCezyiXDCtQ,Guid0matic,14700,7146937,2860
2026-02-10,UCgWvhceGENT-dKBlgodnomQ,Les perdus Du numérique,12500,4126103,1972
2026-02-10,UCfQxUIhFxt59kj0hK53rZGg,"nakan.ch, sport et technologies",28400,5764202,414
2026-02-10,UCo2fYdtvhyXW38WiLW_yg0Q,Charles Bolduc,1930,338955,172
2026-02-10,UCqRSWOqkW_oelrdUN7KQ-aQ,Les Numériques,154000,64356990,3034
2026-02-10,UCr7ZVUNJ9KyYD92xqfinGsQ,Jimtek,16200,1374846,135
2026-02-10,UCptwuAv0XQHo1OQUSaO6NHw,Max Tech,1250000,448036872,2066
2026-02-10,UCchpwieM3DswmDEnJ0MRq1A,Romain Lanéry,1050000,205768732,1683
2026-02-10,UCpSRz-eAoiSW5kaHpI_3LjA,JOLI TECH,18,16587,492
2026-02-10,UCm3QK_QNta9Mue2Q70gtzVw,Android plus,2660,456793,435
2026-02-10,UCoJ4gzwVvGNH5GNqiJoQAAA,Alex Reframe,131000,25036641,645
2026-02-10,UClQPWod8Gjgw7i51t7PYibQ,Sélection Futée,2240,208532,375
2026-02-10,UClnRNkdVq24iwIbc1O-hjlw,Yensing,21000,1278678,20
2026-02-10,UCpt_q94CBCYar_Gmkb9G_aA,Tenorshare 4DDiG Français,24400,7665339,254
2026-02-10,UCpaI1FRY8EGK6mEAL7Wfr9w,Yosheez,130000,58757807,859
2026-02-10,UCe7R7Pt-bxNT7EE83NLsmFQ,Avis Express - Testeur High-Tech,272000,57893085,1704
2026-02-10,UCfwLCsZhix155PAoFTBb-oQ,Mac4Ever,160000,53193276,1960
2026-02-10,UCeFfhz1vsSxxJY26VZHw19w,Selectos Tech,117000,31777225,597
2026-02-10,UCnnYqSNKKygemgmxC9PyLTw,Ludo Salenne,257000,16837601,425
2026-02-10,UCgoxc-VKU0cw9BcM9z_qokg,Frandroid,595000,200213963,2760
2026-02-10,UCf-DN6QjyyEbhuMWCoXdXQQ,Phonandroid,144000,26498720,840
2026-02-10,UCfLyhjpn3hzleNtgTGOQimA,Romain PIAUD,31800,7667034,587
2026-02-10,UCqiGrF_OdWHHOs-eFe8O-ZA,Goli Tech,19,10879,481
2026-02-10,UCqC_p9Kw9pnvLvzr701beSg,Olivier Schmitt,178000,15239618,283
2026-02-10,UCkS6jlQ4RJTCdkzVCU2-FSQ,GeekEtc,21700,6307237,642
2026-02-10,UCpFq62uOig4n9jT3luIYUDQ,VZX,23000,9465143,146
2026-02-10,UCkQI4PEJfOY37DU_WLLzc5w,Dell Technologies France,2480,50754395,323
2026-02-10,UCmUm6tw3Gz8dftSDy7Eep3A,Stéphane (Biggy Tech),34900,2958442,792
2026-02-10,UCeXhsPdO6bRK7ZycOeFdD8A,iTechNews,289000,2597111,78
2026-02-10,UChFaUrD7t1JQ0w7rObWhIRA,Millomaker,437000,54006142,85
2026-02-10,UCz-hlzLKQ__1nKXarSedtQA,HardwareFRA,33800,7088244,749
2026-02-10,UCsKrhME6clyYbibb4nzvgMA,Leasi,6,3687,42
2026-02-10,UCzxT0liRKM_xXnFYRZGiFHA,Acta - Swipe!,1100,248694,136
2026-02-10,UCs7Jg5KBsgiova4CrseuwIw,TheGrandTest,325000,45335314,1875
2026-02-10,UCxpT79bmhxk50l8P50WG86w,Discoverdex,78400,24096605,474
2026-02-10,UCt3bV9VvoCrXILlR1Z6kGmQ,Rémi Lou,134000,81005933,1192
2026-02-10,UCuDNiVxL-Zfw0CBVQ4oOr8w,DealSmart FR,196,30117,23
2026-02-10,UCrwtkeoBxPfhyde5eesmvyA,CieloTech,12500,14186005,217
2026-02-10,UCxej0ZiLbbeVrz3XQZjj-MA,Huawei Mobile France,27700,43715947,120
2026-02-10,UCssuk5-zaZn9vt0_HNj-Hug,VERBOZZ,474000,60740262,284
2026-02-10,UCxnikUCVJLsD4GTbujlnmlQ,Comparatif Mobile,195,29118,252
2026-02-10,UCyeoo6CDdAyYGyUvHWF0gSA,Garmin France,15200,53505109,1266
2026-02-10,UCu6HC8ahaPWqqfSvic7nWyQ,Nightech,140000,34637129,514
2026-02-10,UCtmEbUFh18ZmtObT78ix9Yw,Tech and Shoot,30600,6654325,1316
2026-02-10,UCwZsbPUXohCN867pQzioGLw,Nicolas Barbet,15500,5720486,352
2026-02-10,UCtPzJInyqqt__Tn0EaUlaAw,Science Gaming,414000,392912950,1309
2026-02-10,UCv8L8SztjsNYT4FpX8g5ATw,INFOMAX Paris,10200,7463570,330
2026-02-10,UCuE3ei3NOnVjQUefjHUCF5Q,DiscoverID,377000,51960633,531
2026-02-10,UCvTqrD4wJGkFBwr8v6dO-Wg,Miennu Core,386,185443,34
2026-02-10,UCz6PEeVLG1TL6jMRTvSLm4g,Matt Talks Tech,781000,108075645,1503
2026-02-10,UCwsQtHFlS-LKVn8xJ3TaupQ,Monsieur Pixel,9760,1223356,221
2026-02-10,UCzICpbabqKwBTpb9XlWerjA,PassTech TV,682,127344,14
2026-02-10,UCySZIa8Y4e6aSVg4CISXAOA,Mathieu Dos Santos,24400,4109680,1115
2026-02-10,UCuJtgmGNF_PvicQkf88t-5g,ChristoTech,311000,33371580,1397
2026-02-10,UCwWgvJHw1mNRq_ry6VoPKEg,Yada,383000,42905709,536
2026-02-11,UCDvCJx3pU8N-23ilB6tNMlg,mister gadget,4340,1613777,730
2026-02-11,UCAicNsMAZgbqPr_0QsnI1PA,Cobra.fr,6390,6943185,2144
2026-02-11,UCCUlTcDhcn72O8TiNfFJWWA,GLG video (JT Geek),70500,20279110,3354
2026-02-11,UC4vD_Spv_zjcmyfHpnAwBNA,Ixar.,15600,2458348,184
2026-02-11,UC08uERSqTFS3xSwXKMLrUVg,TECH TITANS,35200,10532457,240
2026-02-11,UC-2f97m_1UGWDogGudJcVJg,OtaXou,29200,3447993,366
2026-02-11,UC44qdJgVvPEaEaojOUZpp9A,Benjamin Code Plus,18600,599835,30
2026-02-11,UC0Cgi1uK0MWB5V_VtKkvi8g,La Geek News,3810,749986,162
2026-02-11,UCA25ZdZZF5XE6ihPE5pwfnw,Materiel.net,31800,12815282,574
2026-02-11,UC3CBQLyxiC35oxJPoufLnMQ,Gizmo Rush,72100,169722911,1195
2026-02-11,UC65OszX3C9oYfNLU5AWjwYg,Aaron,2980,299946,32
2026-02-11,UC2lMzO7HzJ_jamFT762vfwA,Jon Rettinger en Français,330,59338,35
2026-02-11,UCBOGe_x7aqQV4Ly5Rfa4iow,Les Tests de Cyril,31200,2625804,454
2026-02-11,UC5HtcZa4-moyfy6NTY7GHwA,TECHNO 24,476,204597,547
2026-02-11,UC69qClfvKeB9WeyySg5iQrQ,Yohann Studio,4300,2285476,321
2026-02-11,UC0AFqXyYs1z2Dxx5jtQBicQ,SkinnZer,44700,3624549,288
2026-02-11,UCC5xS4j2xUyGO2UfjFh5LsQ,Nooz,14400,2666149,616
2026-02-11,UC2HXhqg87yIWz152Ig9vkaQ,Tout Techno,32100,7106537,243
2026-02-11,UCDfGCQqgOKPYeiaG3I4vl4w,Marty,109000,22551526,882
2026-02-11,UC-pdFydi9ooxEfATh3KoiIw,STEVEN,1100000,196676776,1507
2026-02-11,UC7rdUip5Q8R7Ki1haNbdwwg,SoloTech,254000,35237345,624
2026-02-11,UCE4qu22kCO225a91eERbxvA,Vivo Tech,13,8195,459
2026-02-11,UC1WIj7YGywcVoRLS0zZu2RQ,TechDams,5370,1743776,22
2026-02-11,UC1F5QJFXcu1evMkYyXRGoaw,LoKan Sardari - Studio,12200,1489435,675
2026-02-11,UC1ndVn8sa4oTbW09P5ICOog,amazing mac TV,66000,18504479,1429
2026-02-11,UC3aPRnneybmQcbEK-X-Qptg,GLG reviews,371000,32790289,1687
2026-02-11,UC66ysWRFWfg-V5RhnQN4wFg,Gadget Evolution,61900,7341229,78
2026-02-11,UCBqYyDusSFntU7k2UnFGsBA,Giga Content,24800,5161195,811
2026-02-11,UC69gruQfEHEQ4Qme0liJOdw,Ludo Tech,1770,797046,195
2026-02-11,UC4q3HKdMqzll3SvA2Lf7oAg,Thomas in Tech,73000,21321130,954
2026-02-11,UC6jfhJWEAfako0XlKnA2UGQ,Timena TechGeek,64200,11462277,1013
2026-02-11,UC70eSjnRIGvRLCzT6K0SQSg,Device FR,1960,704625,892
2026-02-11,UC1N4EIilrmXhTEdu3h7tpPg,iPhone page,1040,183339,265
2026-02-11,UCA_DfRJwb5U0S4UiiH3BtUg,Jérémy Dufour,77600,14755692,990
2026-02-11,UCCM6zpvTcgXeNqLmQ9swugQ,Selectos Lifestyle,13000,4519108,196
2026-02-11,UC0V8fUv0DB5Tq7uHdG7ixyw,W38,140000,61584750,1920
2026-02-11,UC0xLruy2ZFFpxR6ODgnhJXA,GadgetRevNow,160000,83763413,1187
2026-02-11,UCDBYphtxNDXGQe5eyHYZ6Fw,GUILLAUME,498000,65855367,880
2026-02-11,UCB32y6dm508Hap4_Mn-ZnHQ,Presse-citron,91300,25746495,1440
2026-02-11,UCB0ffaItcXwkgbVu8Hvq3Tw,QUENTIN,224000,43380722,1303
2026-02-11,UC2XmvTlziz2LSXd_QKBwf8Q,Espritnewgen,71900,21783202,2951
2026-02-11,UC7sFrgyGelEr6eny6_PsGXQ,Tom's Guide France,40200,45871565,488
2026-02-11,UCAz-755tH3m8_BwaluzdJwQ,Numerama,220000,104807154,2104
2026-02-11,UC1wV5Kf18gVbL3bWH-tWKDw,Cmonavis,62400,12512515,654
2026-02-11,UCDY3WI0HqdzNADtE6B-BmUw,MrG Tech,185000,28739412,582
2026-02-11,UC-g0NspJGvPdg_x7XIBNkNg,The Viewing Angle en Français,314,62872,22
2026-02-11,UC7XxmEXw7wXgh259vYCSjkQ,Cmonavis 2,10200,1266022,210
2026-02-11,UC3-dl8nKItitMxM9DNTDAfQ,Kang et ses PC,106000,27349468,142
2026-02-11,UC6joDErOGcFJC1vHNSfsYQg,01net,136000,48517656,1815
2026-02-11,UCAOjk3Po21_t7L1MDHQ4-Og,FNK Hardware,249000,43233099,1238
2026-02-11,UCR-4Ge4NbqILG5HTTvs_nFQ,Lysandre_lbd,12200,5391912,318
2026-02-11,UCM6kUx3GI7lTQlqMBiumaEg,technofou,43400,1924891,90
2026-02-11,UCGjKSSIpN7aYQluu04kPrsA,Brandon Le Proktor,307000,44940550,404
2026-02-11,UCHJb6-VCrzQqVQASN23OskQ,Jigfio Ti Super,19100,941397,68
2026-02-11,UCQvNFAufGf8mtN2_L8thysg,Journal du Geek,66300,31681860,2503
2026-02-11,UCN6zUULSoitsLJB03jh_I0A,Le Futurologue,29800,2899653,301
2026-02-11,UCIu36vEY96BCwfYvz5ccucg,LDLC.com,27900,7209964,365
2026-02-11,UCQigF3tZJJlt6o1_tkYKkNQ,KAPPA Studio,231000,58029410,125
2026-02-11,UCGMxP4yf3ixAAEKQc3d76gw,Arnaud,6260,1815985,144
2026-02-11,UCNOUTy_TWRJzAaSfIGserkg,Nowtech Replay (Le Mug Nowtech),5400,810421,509
2026-02-11,UCNzUonmxxvG-HIqOC3S7Thw,VAC - Vulgarisateur Apple et compagnie,78100,1537598,230
2026-02-11,UCJy0lX8ThZ7lCtst7JnegWQ,Jojol,2690000,611763257,2119
2026-02-11,UCOaX4zvPzmv0eBbUWOOOB_A,TopAchat,101000,18892250,697
2026-02-11,UCMwkAK-lhEeLld9xLiyKLMg,Captain Grochat,24800,2017722,109
2026-02-11,UCOtM8pxxBIfwqu6e8mHgUEQ,TheiMika,12800,3587237,121
2026-02-11,UCLOAPb7ATQUs_nDs9ViLcMw,Benjamin Code,155000,13847812,382
2026-02-11,UCJLKCYMkCbOW9wzmeUj8dwQ,MEHDI’N TECH,59700,3240488,132
2026-02-11,UCIaNSaws_Wv_eoUAmDbUK-Q,MT High Tech Deal's,2820,246276,71
2026-02-11,UCQwe6dSfilWUgNbgQ3NCQNg,C mon point de vue,3540,896369,62
2026-02-11,UCOm_kuKVb4ImX_DHpIgX_zg,Skinn's Tech Deals,1970,73317,18
2026-02-11,UCL3y_psKbrdZ5FZo3dvVeEQ,Pafito,15300,8276751,96
2026-02-11,UCOCoKBUmALR6d7UW_s5zgrA,Arnaud C.,106000,6938008,312
2026-02-11,UCFdQm01R6HPdMw4oa6a0Ihw,Qasim,38400,16997433,204
2026-02-11,UCFWds3GTyhvWpSF308RC1Eg,PcComponentesFR,636,245594,123
2026-02-11,UCGkFwY0mGku1M9_6M_NQ7Ig,Kylian Le Bris,2880,1396240,68
2026-02-11,UCNiauGTV7XhkOpUAIXod4xA,Léo Duff,804000,63934285,319
2026-02-11,UCO14QTmfRbe9j9PTJsAhtLQ,PΔX,89100,12778225,500
2026-02-11,UCMWWgqykXE5exHk60TCZ-bw,Yukio_Clyks,27400,7434210,430
2026-02-11,UCPQsSFJurluaMOG1qL0Y7sA,PP World,448000,77862137,1037
2026-02-11,UCH6ppHEvV3_WIXEwmhv9HEg,Deus Ex Silicium,408000,28036874,140
2026-02-11,UCP5-zNhWXk_LUPIJpxtrTnQ,Cowcotland,52600,23529299,4262
2026-02-11,UCHgZ3SrY7FhB0KjFki50fEQ,Gabinks,1150,307046,146
2026-02-11,UCKkFotHwcyYF1cn8sFcKvqw,MacGeneration,4860,4637503,578
2026-02-11,UCEPqgSzHj7vlJj5pGX9dDdA,Gilo & Alex,2320,131222,40
2026-02-11,UCPP-NkzSqMJ9ywhJkcgrpAw,Tech_Sama,214000,29385569,758
2026-02-11,UCHGvOgxAA_MFOH1yyhjcR-Q,ArtBen,327000,38214480,266
2026-02-11,UCJ4p_F-vCnEn5V5OtFN8Q3w,FrenchMakito,32700,3589135,99
2026-02-11,UCQsb5TqYUeGWGpJFr8DMWsQ,ANONIMAL,613000,71331823,298
2026-02-11,UCNWE4ouC-BxzJ-Lomuuqb1Q,Isma(ël),4460,307759,45
2026-02-11,UCIorGsaWVmlkpNsngTQPDAg,Clubic,31500,9978796,1435
2026-02-11,UCJ3MlRSjtv2sT-rIDsFg0fw,Sam_VNR,4760,286503,63
2026-02-11,UCOyUCj6Wx9skJggzZFUDZyA,Unlock Talk,20300,2392516,364
2026-02-11,UCQSA6pCffm7epqxFqouL0Xg,Mathis et Gauthier,193000,33448000,440
2026-02-11,UCMWAxO0xGJxELkiX5_pEJNA,Pannacophone - Smartphone & Tech,91300,11539394,137
2026-02-11,UCPLnJmNrlcQzyi8QAP_dhJA,Dariusz Tech,125000,117599498,827
2026-02-11,UCFrfK9IFqO15S7C52DdnSog,GIGATOP,43800,15328888,1086
2026-02-11,UCMc7IaTDRDtxftK9v0aXVqA,Yada 2.0,112000,16676728,205
2026-02-11,UCQZa27_VXLUowoMsYo6Y0Dw,bazze tv,23000,3207807,267
2026-02-11,UCHRVeW3Z0ttSFk6xIfGW4lA,Nicorama,157000,13873341,287
2026-02-11,UCJPa4sr9B_mLjShfHhWi8yg,TECnaiche,13500,4663587,403
2026-02-11,UCU_a5aoj_HzTMohx0JG_Z4A,GUILLAUME++,101000,9711723,299
2026-02-11,UCUT9pQQGw4ZEpv5hqrv-bZw,TonyTech,93700,11739713,747
2026-02-11,UCSYFVeBI66YqDhGrYKxiCUQ,Georges,2270,160093,41
2026-02-11,UCb6bgt9GlMWk-gKrLLfXFLw,Julien Hick,10900,3269561,359
2026-02-11,UCWzO_6sTx_tzEi0pU_3L5dA,Kizuna Horizon,185,68128,11
2026-02-11,UCa8Leo9o5Nnb-Cc1sWfT2HQ,MobileAddict,300000,44110228,420
2026-02-11,UCUltPy138RvnbWX_FuUHtDA,MT High-Tech,22100,2918428,316
2026-02-11,UCTE6xlfjGhlJ3pLVsg85-AQ,Amazon Promo Tech,1330,75321,517
2026-02-11,UCRI5foOTNz6DuVz3SVQ1cMA,Tao Gassin,13700,1096321,53
2026-02-11,UCZ5qxuvquQABNtjcawNMowA,DaddyFamtech,123000,13522795,1418
2026-02-11,UCZEdNvDcHUPEE7CDRpXnO6w,Cyril | Ctrl Bu,5980,847494,159
2026-02-11,UCSGT2_DuhiJ1uV9dpRbXxug,Kulture ChroniK,167000,26103793,862
2026-02-11,UCTG26Ngiphy9TCOejxGfShQ,R-Tech,127,96843,61
2026-02-11,UCYU8ljh_pDcwqDMWZoJWqwA,RABBIN DES BOIS,361000,20224092,149
2026-02-11,UCTKa4DGeCFeThot6rcRqNow,TechnoïdFR,21900,5473408,1723
2026-02-11,UCVrceZhsV6TRyVh3VhBFaKA,MOBICLICK,2230,1289589,198
2026-02-11,UCagQpz-WZtgbSp8Ry0XQ4Yw,Victor,3150,220064,50
2026-02-11,UCURjynFkZicGPbIIaWO9vmQ,Benji TV,60800,14491588,251
2026-02-11,UCUD3E77YRTGK3yPSDB6Kq5Q,Monsport06,193000,13178969,508
2026-02-11,UCaybrunQi8xWgPMgv1AYBHw,TheiCollection,1000000,219569550,1287
2026-02-11,UCUanZckNyJODHBdqtMzYMpA,ORLM.tv / On refait le Mac,54800,13344393,1472
2026-02-11,UC_FckuJiPXwA_nOEIoTsRZg,Fabien captain virtuality,12800,1799531,181
2026-02-11,UCYnvxJ-PKiGXo_tYXpWAC-w,Micode,1840000,122259030,85
2026-02-11,UCSPoCan8_9ELmqEVS2hUHPA,iVax,120000,20755453,486
2026-02-11,UCU8_onYYhNxwGUB3hA34C4Q,FrenchHardware,842000,168846381,941
2026-02-11,UCWedHS9qKebauVIK2J7383g,Underscore_,919000,114419259,200
2026-02-11,UC_dzE9mydhQuQ0NwmXByDtA,André Martin,387000,55906170,986
2026-02-11,UCVwG9JHqGLfEO-4TkF-lf2g,Nowtech,441000,73054028,898
2026-02-11,UCYWJ5aXwE7vyN-qtDT3uR4w,Top For Phone,148000,47124748,1643
2026-02-11,UCT9QoBXRO1_z1f-Ud97RxPg,Norizon,316,26015,20
2026-02-11,UCZsEJw8rwd0RWAga5dulOpg,Bon Plan High Tech,13600,4573149,343
2026-02-11,UCRhyS_ylPQ5GWBl1lK92ftA,Léo - TechMaker,2200000,374031996,1531
2026-02-11,UCTmHRe6W96WgYlUNxcokpVQ,Fitfitzone,1260,173965,18
2026-02-11,UCUbwQOAmLdZ9zPOOPFt25zQ,YanNick TECH,67500,17295088,1325
2026-02-11,UCTER7XOnDvSRbI2YxikLaVw,RTBF iXPé,261000,91917065,2457
2026-02-11,UCaysddji-z_Za5b6EMmcc3g,Bien Chez Soi,52700,32638850,2990
2026-02-11,UCSGjkErS7A6LPBjESg56p7g,Tech Shorts,31800,11777150,198
2026-02-11,UCc7giV0qHsCNbhjV3_ZJ22w,Paul - Nakryum,107000,16223636,585
2026-02-11,UCYmw-Y8TnRzO4COTBKEgUGg,Les Dénicheurs,20700,5887383,2982
2026-02-11,UCR3uoYsbRO_S0wg2DaSlb8g,Wondershare Français,99300,15884622,1296
2026-02-11,UCUclUivgBePqnqDGQ3Jzu2Q,TOUKIWANTI,125000,21862232,850
2026-02-11,UCbqjtNeW9vbz6_gwOW5PybQ,KYIO,11300,5096022,397
2026-02-11,UCaHolOYkfcTdC0vTFAywzXw,LoKan Sardari,88000,18399246,982
2026-02-11,UCb0sWM7tMRaEgn_hpptqnxA,Mon iPad & Moi,722,39765,29
2026-02-11,UCXJ_vW2t0W5hY9hS8ePnpzw,Back Market France,22000,161529696,198
2026-02-11,UCbwE_k9zALnzZRvkoyDhuzw,Jojo Le Geek,165000,25329422,592
2026-02-11,UCUaHJ0fTA-1theR8A8Polmw,BFM Tech,574000,232309024,8342
2026-02-11,UCTOAKgwfqqCbOytF3RNGGVw,Monsieur GRrr,724000,147508547,1986
2026-02-11,UCX4A8obrGg1iX37R-fyBJ6w,Monde Tech,711,140562,135
2026-02-11,UCSvD1S5kHsr9tvD3gDXkPkQ,Techmo,96700,53903560,299
2026-02-11,UCfkiE_eKqeVWE0XhMNBMFdA,InfiniT,190,51175,157
2026-02-11,UCchpwieM3DswmDEnJ0MRq1A,Romain Lanéry,1050000,205821291,1684
2026-02-11,UClXUBKUsEdXpSl4mOr3Q3jw,Binbin Tech,14000,1601655,58
2026-02-11,UCrGUPAX1w87ckAxUwu8JtOA,Team VRY,11500,6039831,420
2026-02-11,UCrsiHZzr4IjuSjnvPy5rVUQ,Daddy Dtech,114000,12239368,404
2026-02-11,UCfc0cRoo8yYOzeuS89zpN-Q,Québec Test,302000,34708339,507
2026-02-11,UCqRSWOqkW_oelrdUN7KQ-aQ,Les Numériques,154000,64370987,3035
2026-02-11,UCrHCRJPuJJcINMMEETEYt4g,Le Petit Comparateur,16100,5729668,736
2026-02-11,UCfbwndxvM8tOtxN_GqU1R3Q,Lorenzo-high-tech,29200,4505115,957
2026-02-11,UCrSCIeCW1YuEviVZPVhEfGQ,Dorian GM,30000,5971251,271
2026-02-11,UCrs2S-Ilj6R6qhhXCiV5hsQ,Tech Live,18300,3164182,254
2026-02-11,UClQPWod8Gjgw7i51t7PYibQ,Sélection Futée,2240,209690,376
2026-02-11,UCe7R7Pt-bxNT7EE83NLsmFQ,Avis Express - Testeur High-Tech,272000,57903827,1705
2026-02-11,UCe7aMEBJH_sGJMCXWLCzeSA,TheFunTouch,1690,932540,170
2026-02-11,UCpt_q94CBCYar_Gmkb9G_aA,Tenorshare 4DDiG Français,24400,7667671,254
2026-02-11,UCfwLCsZhix155PAoFTBb-oQ,Mac4Ever,160000,53212556,1963
2026-02-11,UCrAiXFptzDmgQA6gUCOz9RQ,Meta Perso,14700,1089968,49
2026-02-11,UCeFfhz1vsSxxJY26VZHw19w,Selectos Tech,117000,31778660,597
2026-02-11,UCpaI1FRY8EGK6mEAL7Wfr9w,Yosheez,130000,58767596,859
2026-02-11,UCnnYqSNKKygemgmxC9PyLTw,Ludo Salenne,257000,16841139,425
2026-02-11,UCqiGrF_OdWHHOs-eFe8O-ZA,Goli Tech,19,10943,481
2026-02-11,UCfLyhjpn3hzleNtgTGOQimA,Romain PIAUD,31800,7673240,588
2026-02-11,UCdSUuErbgIIfHCezyiXDCtQ,Guid0matic,14700,7148342,2863
2026-02-11,UCr7ZVUNJ9KyYD92xqfinGsQ,Jimtek,16200,1375900,135
2026-02-11,UCf-DN6QjyyEbhuMWCoXdXQQ,Phonandroid,144000,26500247,840
2026-02-11,UCpSRz-eAoiSW5kaHpI_3LjA,JOLI TECH,18,16708,492
2026-02-11,UCo2fYdtvhyXW38WiLW_yg0Q,Charles Bolduc,1920,339075,172
2026-02-11,UCkS6jlQ4RJTCdkzVCU2-FSQ,GeekEtc,21700,6314490,642
2026-02-11,UCdqC1GnhKs3aQw6j62uOvUw,Mister Perrier,57100,5077993,364
2026-02-11,UCqC_p9Kw9pnvLvzr701beSg,Olivier Schmitt,178000,15247386,283
2026-02-11,UCptwuAv0XQHo1OQUSaO6NHw,Max Tech,1250000,448080372,2067
2026-02-11,UCnJAGhDDEPdvY2g4ipf9PMQ,Elliott Pierret,86700,5513136,168
2026-02-11,UClnRNkdVq24iwIbc1O-hjlw,Yensing,21000,1281058,20
2026-02-11,UCgoxc-VKU0cw9BcM9z_qokg,Frandroid,595000,200343628,2762
2026-02-11,UCqHcg3sjPv2mcGqL1B60bew,"Dbc iPhone, iPad, MacBook",32300,23837048,444
2026-02-11,UCkQI4PEJfOY37DU_WLLzc5w,Dell Technologies France,2480,50754436,323
2026-02-11,UCm3QK_QNta9Mue2Q70gtzVw,Android plus,2660,457031,435
2026-02-11,UCiR9chjo9kIFMsCXgspFxqg,Braindegeek,74900,47396973,800
2026-02-11,UCoJ4gzwVvGNH5GNqiJoQAAA,Alex Reframe,131000,25037741,645
2026-02-11,UCdTrm2PZ7Wwa7xF-LbGP0dQ,Le Showroom de l'Image et du Son,15400,14833694,2817
2026-02-11,UChFaUrD7t1JQ0w7rObWhIRA,Millomaker,437000,54024188,85
2026-02-11,UCeXhsPdO6bRK7ZycOeFdD8A,iTechNews,289000,2607181,78
2026-02-11,UCgjhIdz3Uw9r-eMyML9M8FA,PIKATE,12000,1237219,122
2026-02-11,UCgWvhceGENT-dKBlgodnomQ,Les perdus Du numérique,12500,4127087,1980
2026-02-11,UCpFq62uOig4n9jT3luIYUDQ,VZX,23000,9467464,146
2026-02-11,UChSBt06I1fa5FlDjbB0fChg,BenBraTeK,9580,1563567,59
2026-02-11,UCfQxUIhFxt59kj0hK53rZGg,"nakan.ch, sport et technologies",28500,5765936,415
2026-02-11,UCflWJq4cTuofmM-0G-GMUNQ,conseilguide,19200,6708894,1283
2026-02-11,UCeUxAQ2j3OETAApTvBj5Scw,MoMo App,737000,46042881,910
2026-02-11,UCmUm6tw3Gz8dftSDy7Eep3A,Stéphane (Biggy Tech),34900,2958974,792
2026-02-11,UCwsQtHFlS-LKVn8xJ3TaupQ,Monsieur Pixel,9830,1226664,221
2026-02-11,UCs7Jg5KBsgiova4CrseuwIw,TheGrandTest,325000,45342425,1875
2026-02-11,UCssuk5-zaZn9vt0_HNj-Hug,VERBOZZ,474000,60751291,284
2026-02-11,UCyeoo6CDdAyYGyUvHWF0gSA,Garmin France,15200,53642553,1267
2026-02-11,UCz-hlzLKQ__1nKXarSedtQA,HardwareFRA,33800,7091936,750
2026-02-11,UCxnikUCVJLsD4GTbujlnmlQ,Comparatif Mobile,195,29212,252
2026-02-11,UCuDNiVxL-Zfw0CBVQ4oOr8w,DealSmart FR,196,30191,24
2026-02-11,UCt3bV9VvoCrXILlR1Z6kGmQ,Rémi Lou,135000,81130102,1192
2026-02-11,UCxej0ZiLbbeVrz3XQZjj-MA,Huawei Mobile France,27700,43715967,120
2026-02-11,UCsKrhME6clyYbibb4nzvgMA,Leasi,6,3691,42
2026-02-11,UCrwtkeoBxPfhyde5eesmvyA,CieloTech,12500,14242372,218
2026-02-11,UCwWgvJHw1mNRq_ry6VoPKEg,Yada,383000,42914041,536
2026-02-11,UCwZsbPUXohCN867pQzioGLw,Nicolas Barbet,15500,5722442,353
2026-02-11,UCzICpbabqKwBTpb9XlWerjA,PassTech TV,682,127345,14
2026-02-11,UCv8L8SztjsNYT4FpX8g5ATw,INFOMAX Paris,10200,7482551,331
2026-02-11,UCxpT79bmhxk50l8P50WG86w,Discoverdex,78400,24106585,475
2026-02-11,UCzxT0liRKM_xXnFYRZGiFHA,Acta - Swipe!,1110,251062,137
2026-02-11,UCuJtgmGNF_PvicQkf88t-5g,ChristoTech,311000,33374892,1397
2026-02-11,UCu6HC8ahaPWqqfSvic7nWyQ,Nightech,140000,34691022,514
2026-02-11,UCtPzJInyqqt__Tn0EaUlaAw,Science Gaming,415000,393276212,1311
2026-02-11,UCvTqrD4wJGkFBwr8v6dO-Wg,Miennu Core,387,185563,34
2026-02-11,UCz6PEeVLG1TL6jMRTvSLm4g,Matt Talks Tech,782000,108178885,1509
2026-02-11,UCySZIa8Y4e6aSVg4CISXAOA,Mathieu Dos Santos,24400,4112730,1117
2026-02-11,UCtmEbUFh18ZmtObT78ix9Yw,Tech and Shoot,30600,6656530,1317
2026-02-11,UCuE3ei3NOnVjQUefjHUCF5Q,DiscoverID,377000,51963928,531
2026-02-12,UC2lMzO7HzJ_jamFT762vfwA,Jon Rettinger en Français,333,59984,36
2026-02-12,UCA25ZdZZF5XE6ihPE5pwfnw,Materiel.net,31800,12819873,574
2026-02-12,UC1F5QJFXcu1evMkYyXRGoaw,LoKan Sardari - Studio,12200,1490776,676
2026-02-12,UCAz-755tH3m8_BwaluzdJwQ,Numerama,220000,104998074,2107
2026-02-12,UC08uERSqTFS3xSwXKMLrUVg,TECH TITANS,35300,10585788,241
2026-02-12,UC2XmvTlziz2LSXd_QKBwf8Q,Espritnewgen,71900,21788056,2952
2026-02-12,UCAOjk3Po21_t7L1MDHQ4-Og,FNK Hardware,249000,43239851,1238
2026-02-12,UC0AFqXyYs1z2Dxx5jtQBicQ,SkinnZer,44700,3624798,288
2026-02-12,UC6jfhJWEAfako0XlKnA2UGQ,Timena TechGeek,64200,11464905,1013
2026-02-12,UCC5xS4j2xUyGO2UfjFh5LsQ,Nooz,14500,2669411,617
2026-02-12,UCCM6zpvTcgXeNqLmQ9swugQ,Selectos Lifestyle,13000,4520549,196
2026-02-12,UC-2f97m_1UGWDogGudJcVJg,OtaXou,29200,3449997,368
2026-02-12,UC70eSjnRIGvRLCzT6K0SQSg,Device FR,1970,706989,896
2026-02-12,UC0V8fUv0DB5Tq7uHdG7ixyw,W38,140000,61584946,1920
2026-02-12,UCBqYyDusSFntU7k2UnFGsBA,Giga Content,24800,5166041,812
2026-02-12,UC3aPRnneybmQcbEK-X-Qptg,GLG reviews,372000,32800634,1687
2026-02-12,UC1WIj7YGywcVoRLS0zZu2RQ,TechDams,5370,1746653,22
2026-02-12,UCCUlTcDhcn72O8TiNfFJWWA,GLG video (JT Geek),70600,20281394,3355
2026-02-12,UC3-dl8nKItitMxM9DNTDAfQ,Kang et ses PC,106000,27381916,142
2026-02-12,UC7XxmEXw7wXgh259vYCSjkQ,Cmonavis 2 🇫🇷,10200,1268467,210
2026-02-12,UC44qdJgVvPEaEaojOUZpp9A,Benjamin Code Plus,18600,600209,30
2026-02-12,UC1wV5Kf18gVbL3bWH-tWKDw,Cmonavis 🇫🇷,62400,12518998,654
2026-02-12,UC0xLruy2ZFFpxR6ODgnhJXA,GadgetRevNow,160000,83954791,1188
2026-02-12,UCA_DfRJwb5U0S4UiiH3BtUg,Jérémy Dufour,77600,14766853,990
2026-02-12,UCDvCJx3pU8N-23ilB6tNMlg,mister gadget,4340,1614936,730
2026-02-12,UCBOGe_x7aqQV4Ly5Rfa4iow,Les Tests de Cyril,31200,2628376,454
2026-02-12,UC6joDErOGcFJC1vHNSfsYQg,01net,136000,48527073,1815
2026-02-12,UC2HXhqg87yIWz152Ig9vkaQ,Tout Techno,32100,7114344,243
2026-02-12,UC3CBQLyxiC35oxJPoufLnMQ,Gizmo Rush,72200,170191252,1198
2026-02-12,UC7sFrgyGelEr6eny6_PsGXQ,Tom's Guide France,40200,45872178,488
2026-02-12,UCDfGCQqgOKPYeiaG3I4vl4w,Marty,109000,22559912,882
2026-02-12,UCE4qu22kCO225a91eERbxvA,Vivo Tech,13,8275,459
2026-02-12,UC69qClfvKeB9WeyySg5iQrQ,Yohann Studio,4300,2288138,321
2026-02-12,UC5HtcZa4-moyfy6NTY7GHwA,TECHNO 24,477,205478,550
2026-02-12,UC4vD_Spv_zjcmyfHpnAwBNA,Ixar.,15700,2461463,185
2026-02-12,UCDY3WI0HqdzNADtE6B-BmUw,MrG Tech,185000,28746222,582
2026-02-12,UCDBYphtxNDXGQe5eyHYZ6Fw,GUILLAUME,498000,65867661,880
2026-02-12,UC7rdUip5Q8R7Ki1haNbdwwg,SoloTech,254000,35241257,624
2026-02-12,UC-g0NspJGvPdg_x7XIBNkNg,The Viewing Angle en Français,315,63214,22
2026-02-12,UC1N4EIilrmXhTEdu3h7tpPg,iPhone page,1040,183751,266
2026-02-12,UCB32y6dm508Hap4_Mn-ZnHQ,Presse-citron,91300,25751686,1440
2026-02-12,UCAicNsMAZgbqPr_0QsnI1PA,Cobra.fr,6390,6944169,2144
2026-02-12,UCB0ffaItcXwkgbVu8Hvq3Tw,QUENTIN,224000,43385535,1303
2026-02-12,UC65OszX3C9oYfNLU5AWjwYg,Aaron,2980,300308,32
2026-02-12,UC66ysWRFWfg-V5RhnQN4wFg,Gadget Evolution,62100,7376789,78
2026-02-12,UC69gruQfEHEQ4Qme0liJOdw,Ludo Tech,1770,797630,196
2026-02-12,UC0Cgi1uK0MWB5V_VtKkvi8g,La Geek News,3810,750929,163
2026-02-12,UC-pdFydi9ooxEfATh3KoiIw,STEVEN,1100000,196689235,1508
2026-02-12,UC4q3HKdMqzll3SvA2Lf7oAg,Thomas in Tech,73000,21337458,954
2026-02-12,UC1ndVn8sa4oTbW09P5ICOog,amazing mac TV,66000,18507458,1430
2026-02-12,UCJ4p_F-vCnEn5V5OtFN8Q3w,FrenchMakito,32700,3591278,99
2026-02-12,UCJLKCYMkCbOW9wzmeUj8dwQ,MEHDI’N TECH,59700,3241582,132
2026-02-12,UCNOUTy_TWRJzAaSfIGserkg,Nowtech Replay (Le Mug Nowtech),5400,810725,509
2026-02-12,UCJ3MlRSjtv2sT-rIDsFg0fw,Sam_VNR,4870,295013,63
2026-02-12,UCM6kUx3GI7lTQlqMBiumaEg,technofou,43400,1924996,90
2026-02-12,UCMWAxO0xGJxELkiX5_pEJNA,Pannacophone - Smartphone & Tech,91300,11545557,137
2026-02-12,UCFdQm01R6HPdMw4oa6a0Ihw,Qasim,38400,17007536,204
2026-02-12,UCHJb6-VCrzQqVQASN23OskQ,Jigfio Ti Super,19100,941854,68
2026-02-12,UCMc7IaTDRDtxftK9v0aXVqA,Yada 2.0,112000,16683484,205
2026-02-12,UCPP-NkzSqMJ9ywhJkcgrpAw,Tech_Sama,214000,29390887,758
2026-02-12,UCOm_kuKVb4ImX_DHpIgX_zg,Skinn's Tech Deals,1980,73431,18
2026-02-12,UCFrfK9IFqO15S7C52DdnSog,GIGATOP,43800,15347478,1088
2026-02-12,UCNiauGTV7XhkOpUAIXod4xA,Léo Duff,804000,63942225,319
2026-02-12,UCGkFwY0mGku1M9_6M_NQ7Ig,Kylian Le Bris,3000,1453945,70
2026-02-12,UCPLnJmNrlcQzyi8QAP_dhJA,Dariusz Tech,125000,117806757,827
2026-02-12,UCFWds3GTyhvWpSF308RC1Eg,PcComponentesFR,638,246520,123
2026-02-12,UCHRVeW3Z0ttSFk6xIfGW4lA,Nicorama,157000,13885216,287
2026-02-12,UCGjKSSIpN7aYQluu04kPrsA,Brandon Le Proktor,308000,44954842,404
2026-02-12,UCJPa4sr9B_mLjShfHhWi8yg,TECnaiche,13500,4667365,403
2026-02-12,UCOCoKBUmALR6d7UW_s5zgrA,Arnaud C.,106000,6945087,313
2026-02-12,UCJy0lX8ThZ7lCtst7JnegWQ,Jojol,2690000,611825664,2120
2026-02-12,UCO14QTmfRbe9j9PTJsAhtLQ,PΔX,89200,12795277,500
2026-02-12,UCOyUCj6Wx9skJggzZFUDZyA,Unlock Talk,20400,2398331,365
2026-02-12,UCNWE4ouC-BxzJ-Lomuuqb1Q,Isma(ël),4470,308126,45
2026-02-12,UCQigF3tZJJlt6o1_tkYKkNQ,KAPPA Studio,231000,58183519,126
2026-02-12,UCHgZ3SrY7FhB0KjFki50fEQ,Gabinks,1150,308319,146
2026-02-12,UCMWWgqykXE5exHk60TCZ-bw,Yukio_Clyks,27400,7440457,430
2026-02-12,UCR-4Ge4NbqILG5HTTvs_nFQ,Lysandre_lbd,12200,5395498,319
2026-02-12,UCHGvOgxAA_MFOH1yyhjcR-Q,ArtBen,327000,38220501,266
2026-02-12,UCIaNSaws_Wv_eoUAmDbUK-Q,MT High Tech Deal's,2830,246302,71
2026-02-12,UCQvNFAufGf8mtN2_L8thysg,Journal du Geek,66300,31690693,2504
2026-02-12,UCPQsSFJurluaMOG1qL0Y7sA,PP World,448000,77877741,1037
2026-02-12,UCOtM8pxxBIfwqu6e8mHgUEQ,TheiMika,12800,3587642,121
2026-02-12,UCN6zUULSoitsLJB03jh_I0A,Le Futurologue,29800,2904487,302
2026-02-12,UCMwkAK-lhEeLld9xLiyKLMg,Captain Grochat,24800,2069230,109
2026-02-12,UCOaX4zvPzmv0eBbUWOOOB_A,TopAchat,102000,18924784,697
2026-02-12,UCNzUonmxxvG-HIqOC3S7Thw,VAC - Vulgarisateur Apple et compagnie,78200,1538783,230
2026-02-12,UCQSA6pCffm7epqxFqouL0Xg,Mathis et Gauthier,193000,33472815,440
2026-02-12,UCKkFotHwcyYF1cn8sFcKvqw,MacGeneration,4870,4645706,580
2026-02-12,UCP5-zNhWXk_LUPIJpxtrTnQ,Cowcotland,52600,23531362,4263
2026-02-12,UCIorGsaWVmlkpNsngTQPDAg,Clubic,31500,9982896,1436
2026-02-12,UCL3y_psKbrdZ5FZo3dvVeEQ,Pafito,15300,8291211,96
2026-02-12,UCQsb5TqYUeGWGpJFr8DMWsQ,ANONIMAL,613000,71333905,298
2026-02-12,UCQZa27_VXLUowoMsYo6Y0Dw,bazze tv,23000,3214630,267
2026-02-12,UCGMxP4yf3ixAAEKQc3d76gw,Arnaud,6280,1817483,145
2026-02-12,UCQwe6dSfilWUgNbgQ3NCQNg,C mon point de vue,3540,897265,62
2026-02-12,UCIu36vEY96BCwfYvz5ccucg,LDLC.com,27900,7210139,365
2026-02-12,UCEPqgSzHj7vlJj5pGX9dDdA,Gilo & Alex,2320,131343,40
2026-02-12,UCH6ppHEvV3_WIXEwmhv9HEg,Deus Ex Silicium,408000,28041303,140
2026-02-12,UCLOAPb7ATQUs_nDs9ViLcMw,Benjamin Code,155000,13849773,382
2026-02-12,UCSvD1S5kHsr9tvD3gDXkPkQ,Techmo,96900,54091601,299
2026-02-12,UCc7giV0qHsCNbhjV3_ZJ22w,Paul - Nakryum,107000,16233171,585
2026-02-12,UCTE6xlfjGhlJ3pLVsg85-AQ,Amazon Promo Tech,1330,75577,517
2026-02-12,UCTKa4DGeCFeThot6rcRqNow,TechnoïdFR,21900,5473964,1723
2026-02-12,UCVrceZhsV6TRyVh3VhBFaKA,MOBICLICK,2230,1291068,199
2026-02-12,UCRhyS_ylPQ5GWBl1lK92ftA,Léo - TechMaker,2200000,374908163,1532
2026-02-12,UC_dzE9mydhQuQ0NwmXByDtA,André Martin,387000,55952402,987
2026-02-12,UCUclUivgBePqnqDGQ3Jzu2Q,TOUKIWANTI,125000,21893497,850
2026-02-12,UCSYFVeBI66YqDhGrYKxiCUQ,Georges,2340,167772,41
2026-02-12,UCURjynFkZicGPbIIaWO9vmQ,Benji TV,60800,14497861,251
2026-02-12,UC_FckuJiPXwA_nOEIoTsRZg,Fabien captain virtuality,12800,1800192,181
2026-02-12,UCZ5qxuvquQABNtjcawNMowA,DaddyFamtech,123000,13541852,1419
2026-02-12,UCUaHJ0fTA-1theR8A8Polmw,BFM Tech,574000,232367030,8345
2026-02-12,UCWedHS9qKebauVIK2J7383g,Underscore_,919000,114548577,200
2026-02-12,UCR3uoYsbRO_S0wg2DaSlb8g,Wondershare Français,99300,15902219,1296
2026-02-12,UCT9QoBXRO1_z1f-Ud97RxPg,Norizon,316,26137,20
2026-02-12,UCUT9pQQGw4ZEpv5hqrv-bZw,TonyTech,94000,11746258,749
2026-02-12,UCaHolOYkfcTdC0vTFAywzXw,LoKan Sardari,88000,18416284,982
2026-02-12,UCX4A8obrGg1iX37R-fyBJ6w,Monde Tech,715,141305,136
2026-02-12,UCagQpz-WZtgbSp8Ry0XQ4Yw,Victor,3150,220993,50
2026-02-12,UCaysddji-z_Za5b6EMmcc3g,Bien Chez Soi,52700,32653447,2993
2026-02-12,UCU8_onYYhNxwGUB3hA34C4Q,FrenchHardware,842000,168963181,942
2026-02-12,UCRI5foOTNz6DuVz3SVQ1cMA,Tao Gassin,13700,1098358,53
2026-02-12,UCSGT2_DuhiJ1uV9dpRbXxug,Kulture ChroniK,167000,26132116,862
2026-02-12,UCa8Leo9o5Nnb-Cc1sWfT2HQ,MobileAddict,300000,44115656,420
2026-02-12,UCSPoCan8_9ELmqEVS2hUHPA,iVax,120000,20794367,486
2026-02-12,UCTOAKgwfqqCbOytF3RNGGVw,Monsieur GRrr,724000,147538315,1987
2026-02-12,UCUbwQOAmLdZ9zPOOPFt25zQ,YanNick TECH,67600,17327702,1326
2026-02-12,UCaybrunQi8xWgPMgv1AYBHw,TheiCollection,1000000,219593943,1287
2026-02-12,UCZsEJw8rwd0RWAga5dulOpg,Bon Plan High Tech,13600,4574686,343
2026-02-12,UCSGjkErS7A6LPBjESg56p7g,Tech Shorts,31800,11785897,198
2026-02-12,UCYmw-Y8TnRzO4COTBKEgUGg,Les Dénicheurs,20700,5894829,2984
2026-02-12,UCbqjtNeW9vbz6_gwOW5PybQ,KYIO,11300,5100421,398
2026-02-12,UCUD3E77YRTGK3yPSDB6Kq5Q,Monsport06,193000,13182366,508
2026-02-12,UCTG26Ngiphy9TCOejxGfShQ,R-Tech,128,97379,61
2026-02-12,UCUltPy138RvnbWX_FuUHtDA,MT High-Tech,22100,2919842,316
2026-02-12,UCTmHRe6W96WgYlUNxcokpVQ,Fitfitzone,1260,174928,18
2026-02-12,UCbwE_k9zALnzZRvkoyDhuzw,Jojo Le Geek,165000,25334074,592
2026-02-12,UCXJ_vW2t0W5hY9hS8ePnpzw,Back Market France,22000,161531185,198
2026-02-12,UCb6bgt9GlMWk-gKrLLfXFLw,Julien Hick,10900,3271462,359
2026-02-12,UCWzO_6sTx_tzEi0pU_3L5dA,Kizuna Horizon,185,68152,11
2026-02-12,UCVwG9JHqGLfEO-4TkF-lf2g,Nowtech,441000,73081082,900
2026-02-12,UCU_a5aoj_HzTMohx0JG_Z4A,GUILLAUME++,101000,9719653,299
2026-02-12,UCZEdNvDcHUPEE7CDRpXnO6w,Cyril | Ctrl Bu,5990,851411,159
2026-02-12,UCYWJ5aXwE7vyN-qtDT3uR4w,Top For Phone,148000,47125431,1643
2026-02-12,UCYU8ljh_pDcwqDMWZoJWqwA,RABBIN DES BOIS,361000,20224727,149
2026-02-12,UCUanZckNyJODHBdqtMzYMpA,ORLM.tv / On refait le Mac,54800,13366157,1474
2026-02-12,UCb0sWM7tMRaEgn_hpptqnxA,Mon iPad & Moi,727,40008,29
2026-02-12,UCYnvxJ-PKiGXo_tYXpWAC-w,Micode,1840000,122328914,85
2026-02-12,UCTER7XOnDvSRbI2YxikLaVw,RTBF iXPé,261000,92019827,2460
2026-02-12,UCfkiE_eKqeVWE0XhMNBMFdA,InfiniT,191,51246,158
2026-02-12,UCe7R7Pt-bxNT7EE83NLsmFQ,Avis Express - Testeur High-Tech,273000,57923197,1705
2026-02-12,UCe7aMEBJH_sGJMCXWLCzeSA,TheFunTouch,1690,932545,170
2026-02-12,UCpFq62uOig4n9jT3luIYUDQ,VZX,23000,9469021,146
2026-02-12,UCo2fYdtvhyXW38WiLW_yg0Q,Charles Bolduc,1930,339269,172
2026-02-12,UCoJ4gzwVvGNH5GNqiJoQAAA,Alex Reframe,131000,25039502,645
2026-02-12,UCpaI1FRY8EGK6mEAL7Wfr9w,Yosheez,130000,58783823,859
2026-02-12,UCpt_q94CBCYar_Gmkb9G_aA,Tenorshare 4DDiG Français,24400,7671297,254
2026-02-12,UCfwLCsZhix155PAoFTBb-oQ,Mac4Ever,160000,53241033,1965
2026-02-12,UCeXhsPdO6bRK7ZycOeFdD8A,iTechNews,289000,2620000,78
2026-02-12,UChSBt06I1fa5FlDjbB0fChg,BenBraTeK,9580,1564095,59
2026-02-12,UCiR9chjo9kIFMsCXgspFxqg,Braindegeek,74900,47442114,800
2026-02-12,UCkQI4PEJfOY37DU_WLLzc5w,Dell Technologies France,2480,50754488,324
2026-02-12,UCrsiHZzr4IjuSjnvPy5rVUQ,Daddy Dtech,114000,12247492,404
2026-02-12,UCnJAGhDDEPdvY2g4ipf9PMQ,Elliott Pierret,86900,5525190,168
2026-02-12,UCnnYqSNKKygemgmxC9PyLTw,Ludo Salenne,257000,16845828,425
2026-02-12,UCeUxAQ2j3OETAApTvBj5Scw,MoMo App,737000,46068319,911
2026-02-12,UCrHCRJPuJJcINMMEETEYt4g,Le Petit Comparateur,16100,5733473,736
2026-02-12,UCfbwndxvM8tOtxN_GqU1R3Q,Lorenzo-high-tech,29300,4509605,958
2026-02-12,UCrs2S-Ilj6R6qhhXCiV5hsQ,Tech Live,18300,3165541,254
2026-02-12,UCgjhIdz3Uw9r-eMyML9M8FA,PIKATE,12000,1240158,122
2026-02-12,UCm3QK_QNta9Mue2Q70gtzVw,Android plus,2660,457335,436
2026-02-12,UCptwuAv0XQHo1OQUSaO6NHw,Max Tech,1250000,448218499,2067
2026-02-12,UCqiGrF_OdWHHOs-eFe8O-ZA,Goli Tech,19,11058,481
2026-02-12,UCrAiXFptzDmgQA6gUCOz9RQ,Meta Perso,14700,1090186,49
2026-02-12,UClQPWod8Gjgw7i51t7PYibQ,Sélection Futée,2240,211490,376
2026-02-12,UClXUBKUsEdXpSl4mOr3Q3jw,Binbin Tech,14000,1604457,58
2026-02-12,UCflWJq4cTuofmM-0G-GMUNQ,conseilguide,19200,6712132,1283
2026-02-12,UCdTrm2PZ7Wwa7xF-LbGP0dQ,Le Showroom de l'Image et du Son,15400,14835381,2817
2026-02-12,UCfc0cRoo8yYOzeuS89zpN-Q,Québec Test,302000,34730357,507
2026-02-12,UCdqC1GnhKs3aQw6j62uOvUw,Mister Perrier,57100,5078253,364
2026-02-12,UCgoxc-VKU0cw9BcM9z_qokg,Frandroid,595000,200498135,2764
2026-02-12,UCrGUPAX1w87ckAxUwu8JtOA,Team VRY,11500,6042705,420
2026-02-12,UCqHcg3sjPv2mcGqL1B60bew,"Dbc iPhone, iPad, MacBook",32300,23877185,446
2026-02-12,UCqRSWOqkW_oelrdUN7KQ-aQ,Les Numériques,154000,64411473,3035
2026-02-12,UCpSRz-eAoiSW5kaHpI_3LjA,JOLI TECH,18,16921,492
2026-02-12,UCfQxUIhFxt59kj0hK53rZGg,"nakan.ch, sport et technologies",28500,5770921,415
2026-02-12,UCchpwieM3DswmDEnJ0MRq1A,Romain Lanéry,1050000,205875201,1686
2026-02-12,UCeFfhz1vsSxxJY26VZHw19w,Selectos Tech,117000,31780971,597
2026-02-12,UCf-DN6QjyyEbhuMWCoXdXQQ,Phonandroid,144000,26502622,840
2026-02-12,UCgWvhceGENT-dKBlgodnomQ,Les perdus Du numérique,12500,4131819,1985
2026-02-12,UCmUm6tw3Gz8dftSDy7Eep3A,Stéphane (Biggy Tech),34900,2959882,792
2026-02-12,UCkS6jlQ4RJTCdkzVCU2-FSQ,GeekEtc,21700,6323567,642
2026-02-12,UCrSCIeCW1YuEviVZPVhEfGQ,Dorian GM,30000,5995314,271
2026-02-12,UCfLyhjpn3hzleNtgTGOQimA,Romain PIAUD,31800,7685278,589
2026-02-12,UCr7ZVUNJ9KyYD92xqfinGsQ,Jimtek,16200,1377547,136
2026-02-12,UCqC_p9Kw9pnvLvzr701beSg,Olivier Schmitt,178000,15259668,283
2026-02-12,UChFaUrD7t1JQ0w7rObWhIRA,Millomaker,437000,54052232,85
2026-02-12,UCdSUuErbgIIfHCezyiXDCtQ,Guid0matic,14700,7150760,2863
2026-02-12,UClnRNkdVq24iwIbc1O-hjlw,Yensing,21000,1284342,20
2026-02-12,UCxpT79bmhxk50l8P50WG86w,Discoverdex,78400,24123956,476
2026-02-12,UCssuk5-zaZn9vt0_HNj-Hug,VERBOZZ,474000,60770484,284
2026-02-12,UCzICpbabqKwBTpb9XlWerjA,PassTech TV,682,127348,14
2026-02-12,UCzxT0liRKM_xXnFYRZGiFHA,Acta - Swipe!,1120,254393,137
2026-02-12,UCz-hlzLKQ__1nKXarSedtQA,HardwareFRA,33800,7096498,750
2026-02-12,UCxej0ZiLbbeVrz3XQZjj-MA,Huawei Mobile France,27700,43715992,120
2026-02-12,UCwWgvJHw1mNRq_ry6VoPKEg,Yada,383000,42928130,536
2026-02-12,UCxnikUCVJLsD4GTbujlnmlQ,Comparatif Mobile,195,29285,252
2026-02-12,UCsKrhME6clyYbibb4nzvgMA,Leasi,6,3699,42
2026-02-12,UCuJtgmGNF_PvicQkf88t-5g,ChristoTech,312000,33378870,1397
2026-02-12,UCuE3ei3NOnVjQUefjHUCF5Q,DiscoverID,377000,51969105,531
2026-02-12,UCvTqrD4wJGkFBwr8v6dO-Wg,Miennu Core,389,185728,35
2026-02-12,UCySZIa8Y4e6aSVg4CISXAOA,Mathieu Dos Santos,24400,4117144,1119
2026-02-12,UCyeoo6CDdAyYGyUvHWF0gSA,Garmin France,15200,53845246,1267
2026-02-12,UCv8L8SztjsNYT4FpX8g5ATw,INFOMAX Paris,10200,7509234,332
2026-02-12,UCu6HC8ahaPWqqfSvic7nWyQ,Nightech,140000,34777861,515
2026-02-12,UCt3bV9VvoCrXILlR1Z6kGmQ,Rémi Lou,135000,81295442,1192
2026-02-12,UCwsQtHFlS-LKVn8xJ3TaupQ,Monsieur Pixel,9880,1231133,221
2026-02-12,UCtPzJInyqqt__Tn0EaUlaAw,Science Gaming,416000,394165727,1312
2026-02-12,UCwZsbPUXohCN867pQzioGLw,Nicolas Barbet,15500,5726656,353
2026-02-12,UCz6PEeVLG1TL6jMRTvSLm4g,Matt Talks Tech,782000,108412717,1511
2026-02-12,UCuDNiVxL-Zfw0CBVQ4oOr8w,DealSmart FR,197,30258,24
2026-02-12,UCrwtkeoBxPfhyde5eesmvyA,CieloTech,12500,14338788,219
2026-02-12,UCs7Jg5KBsgiova4CrseuwIw,TheGrandTest,325000,45350126,1876
2026-02-12,UCtmEbUFh18ZmtObT78ix9Yw,Tech and Shoot,30600,6660814,1318
2026-02-13,UCAicNsMAZgbqPr_0QsnI1PA,Cobra.fr,6390,6945054,2144
2026-02-13,UC08uERSqTFS3xSwXKMLrUVg,TECH TITANS,35400,10636060,242
2026-02-13,UC-pdFydi9ooxEfATh3KoiIw,STEVEN,1100000,196787594,1508
2026-02-13,UCA25ZdZZF5XE6ihPE5pwfnw,Materiel.net,31800,12824691,574
2026-02-13,UC1wV5Kf18gVbL3bWH-tWKDw,Cmonavis 🇫🇷,62400,12524490,654
2026-02-13,UCB32y6dm508Hap4_Mn-ZnHQ,Presse-citron,91300,25755839,1440
2026-02-13,UC1F5QJFXcu1evMkYyXRGoaw,LoKan Sardari - Studio,12200,1494320,676
2026-02-13,UC6jfhJWEAfako0XlKnA2UGQ,Timena TechGeek,64200,11467410,1013
2026-02-13,UCCM6zpvTcgXeNqLmQ9swugQ,Selectos Lifestyle,13000,4522005,196
2026-02-13,UC0V8fUv0DB5Tq7uHdG7ixyw,W38,140000,61585116,1920
2026-02-13,UC2lMzO7HzJ_jamFT762vfwA,Jon Rettinger en Français,333,60652,36
2026-02-13,UC5HtcZa4-moyfy6NTY7GHwA,TECHNO 24,479,207363,550
2026-02-13,UCAz-755tH3m8_BwaluzdJwQ,Numerama,220000,105069739,2110
2026-02-13,UC44qdJgVvPEaEaojOUZpp9A,Benjamin Code Plus,18600,600544,30
2026-02-13,UC2XmvTlziz2LSXd_QKBwf8Q,Espritnewgen,71900,21792701,2952
2026-02-13,UC2HXhqg87yIWz152Ig9vkaQ,Tout Techno,32200,7121519,244
2026-02-13,UC7XxmEXw7wXgh259vYCSjkQ,Cmonavis 2 🇫🇷,10200,1270630,210
2026-02-13,UC3CBQLyxiC35oxJPoufLnMQ,Gizmo Rush,72400,170670231,1201
2026-02-13,UCDY3WI0HqdzNADtE6B-BmUw,MrG Tech,185000,28754009,582
2026-02-13,UC0xLruy2ZFFpxR6ODgnhJXA,GadgetRevNow,160000,84147637,1189
2026-02-13,UCAOjk3Po21_t7L1MDHQ4-Og,FNK Hardware,249000,43245234,1238
2026-02-13,UCDvCJx3pU8N-23ilB6tNMlg,mister gadget,4340,1616040,730
2026-02-13,UC3-dl8nKItitMxM9DNTDAfQ,Kang et ses PC,106000,27409577,142
2026-02-13,UC4vD_Spv_zjcmyfHpnAwBNA,Ixar.,15700,2464737,185
2026-02-13,UCCUlTcDhcn72O8TiNfFJWWA,GLG video (JT Geek),70700,20283250,3356
2026-02-13,UC65OszX3C9oYfNLU5AWjwYg,Aaron,2980,300626,32
2026-02-13,UC1N4EIilrmXhTEdu3h7tpPg,iPhone page,1040,184259,267
2026-02-13,UC6joDErOGcFJC1vHNSfsYQg,01net,136000,48535118,1815
2026-02-13,UCBOGe_x7aqQV4Ly5Rfa4iow,Les Tests de Cyril,31300,2630836,454
2026-02-13,UC-g0NspJGvPdg_x7XIBNkNg,The Viewing Angle en Français,316,63586,22
2026-02-13,UCE4qu22kCO225a91eERbxvA,Vivo Tech,13,8356,459
2026-02-13,UC-2f97m_1UGWDogGudJcVJg,OtaXou,29300,3459142,368
2026-02-13,UC7sFrgyGelEr6eny6_PsGXQ,Tom's Guide France,40200,45872721,488
2026-02-13,UC66ysWRFWfg-V5RhnQN4wFg,Gadget Evolution,62700,7414544,79
2026-02-13,UCB0ffaItcXwkgbVu8Hvq3Tw,QUENTIN,224000,43389247,1303
2026-02-13,UC3aPRnneybmQcbEK-X-Qptg,GLG reviews,374000,32811110,1687
2026-02-13,UC4q3HKdMqzll3SvA2Lf7oAg,Thomas in Tech,73100,21350846,955
2026-02-13,UC69gruQfEHEQ4Qme0liJOdw,Ludo Tech,1770,799036,196
2026-02-13,UC0Cgi1uK0MWB5V_VtKkvi8g,La Geek News,3810,751947,163
2026-02-13,UCDfGCQqgOKPYeiaG3I4vl4w,Marty,109000,22566315,883
2026-02-13,UC70eSjnRIGvRLCzT6K0SQSg,Device FR,1970,709233,898
2026-02-13,UC69qClfvKeB9WeyySg5iQrQ,Yohann Studio,4310,2289392,322
2026-02-13,UCDBYphtxNDXGQe5eyHYZ6Fw,GUILLAUME,498000,65879266,881
2026-02-13,UC1ndVn8sa4oTbW09P5ICOog,amazing mac TV,66000,18522333,1430
2026-02-13,UCBqYyDusSFntU7k2UnFGsBA,Giga Content,24800,5169437,813
2026-02-13,UCC5xS4j2xUyGO2UfjFh5LsQ,Nooz,14500,2680215,618
2026-02-13,UC7rdUip5Q8R7Ki1haNbdwwg,SoloTech,254000,35243876,625
2026-02-13,UC1WIj7YGywcVoRLS0zZu2RQ,TechDams,5370,1750044,22
2026-02-13,UCA_DfRJwb5U0S4UiiH3BtUg,Jérémy Dufour,77700,14776590,990
2026-02-13,UC0AFqXyYs1z2Dxx5jtQBicQ,SkinnZer,44700,3625070,288
2026-02-13,UCQsb5TqYUeGWGpJFr8DMWsQ,ANONIMAL,613000,71336048,298
2026-02-13,UCMwkAK-lhEeLld9xLiyKLMg,Captain Grochat,24800,2126065,109
2026-02-13,UCOm_kuKVb4ImX_DHpIgX_zg,Skinn's Tech Deals,1980,73544,18
2026-02-13,UCGjKSSIpN7aYQluu04kPrsA,Brandon Le Proktor,308000,44964586,404
2026-02-13,UCMWWgqykXE5exHk60TCZ-bw,Yukio_Clyks,27400,7444614,431
2026-02-13,UCHJb6-VCrzQqVQASN23OskQ,Jigfio Ti Super,19100,942337,68
2026-02-13,UCMc7IaTDRDtxftK9v0aXVqA,Yada 2.0,112000,16690224,206
2026-02-13,UCMWAxO0xGJxELkiX5_pEJNA,Pannacophone - Smartphone & Tech,91300,11551143,137
2026-02-13,UCLOAPb7ATQUs_nDs9ViLcMw,Benjamin Code,155000,13851747,382
2026-02-13,UCPLnJmNrlcQzyi8QAP_dhJA,Dariusz Tech,125000,118004947,827
2026-02-13,UCQvNFAufGf8mtN2_L8thysg,Journal du Geek,66300,31730535,2505
2026-02-13,UCFWds3GTyhvWpSF308RC1Eg,PcComponentesFR,638,246854,123
2026-02-13,UCFrfK9IFqO15S7C52DdnSog,GIGATOP,43900,15365362,1089
2026-02-13,UCFdQm01R6HPdMw4oa6a0Ihw,Qasim,38400,17016392,204
2026-02-13,UCGkFwY0mGku1M9_6M_NQ7Ig,Kylian Le Bris,3160,1546815,70
2026-02-13,UCQZa27_VXLUowoMsYo6Y0Dw,bazze tv,23000,3218582,267
2026-02-13,UCJPa4sr9B_mLjShfHhWi8yg,TECnaiche,13500,4670771,403
2026-02-13,UCOaX4zvPzmv0eBbUWOOOB_A,TopAchat,102000,18955789,698
2026-02-13,UCNiauGTV7XhkOpUAIXod4xA,Léo Duff,805000,63949503,319
2026-02-13,UCIaNSaws_Wv_eoUAmDbUK-Q,MT High Tech Deal's,2830,246322,71
2026-02-13,UCGMxP4yf3ixAAEKQc3d76gw,Arnaud,6310,1824847,146
2026-02-13,UCIorGsaWVmlkpNsngTQPDAg,Clubic,31600,9987555,1437
2026-02-13,UCJ4p_F-vCnEn5V5OtFN8Q3w,FrenchMakito,32700,3592662,99
2026-02-13,UCR-4Ge4NbqILG5HTTvs_nFQ,Lysandre_lbd,12200,5400086,319
2026-02-13,UCL3y_psKbrdZ5FZo3dvVeEQ,Pafito,15400,8309185,96
2026-02-13,UCJ3MlRSjtv2sT-rIDsFg0fw,Sam_VNR,4910,313910,64
2026-02-13,UCOCoKBUmALR6d7UW_s5zgrA,Arnaud C.,106000,6951233,314
2026-02-13,UCP5-zNhWXk_LUPIJpxtrTnQ,Cowcotland,52600,23533993,4264
2026-02-13,UCEPqgSzHj7vlJj5pGX9dDdA,Gilo & Alex,2320,131451,40
2026-02-13,UCNzUonmxxvG-HIqOC3S7Thw,VAC - Vulgarisateur Apple et compagnie,78400,1540256,230
2026-02-13,UCQSA6pCffm7epqxFqouL0Xg,Mathis et Gauthier,193000,33488042,440
2026-02-13,UCKkFotHwcyYF1cn8sFcKvqw,MacGeneration,4890,4654243,580
2026-02-13,UCN6zUULSoitsLJB03jh_I0A,Le Futurologue,29800,2908962,303
2026-02-13,UCJy0lX8ThZ7lCtst7JnegWQ,Jojol,2690000,611964103,2120
2026-02-13,UCNWE4ouC-BxzJ-Lomuuqb1Q,Isma(ël),4470,308788,45
2026-02-13,UCPP-NkzSqMJ9ywhJkcgrpAw,Tech_Sama,214000,29395732,758
2026-02-13,UCM6kUx3GI7lTQlqMBiumaEg,technofou,43400,1925125,90
2026-02-13,UCNOUTy_TWRJzAaSfIGserkg,Nowtech Replay (Le Mug Nowtech),5400,811556,509
2026-02-13,UCHGvOgxAA_MFOH1yyhjcR-Q,ArtBen,327000,38226445,266
2026-02-13,UCIu36vEY96BCwfYvz5ccucg,LDLC.com,27900,7210319,365
2026-02-13,UCQigF3tZJJlt6o1_tkYKkNQ,KAPPA Studio,231000,58358857,125
2026-02-13,UCHgZ3SrY7FhB0KjFki50fEQ,Gabinks,1150,309075,147
2026-02-13,UCOtM8pxxBIfwqu6e8mHgUEQ,TheiMika,12800,3588032,121
2026-02-13,UCH6ppHEvV3_WIXEwmhv9HEg,Deus Ex Silicium,408000,28045727,140
2026-02-13,UCQwe6dSfilWUgNbgQ3NCQNg,C mon point de vue,3540,898182,62
2026-02-13,UCPQsSFJurluaMOG1qL0Y7sA,PP World,448000,77890894,1038
2026-02-13,UCOyUCj6Wx9skJggzZFUDZyA,Unlock Talk,20400,2404741,365
2026-02-13,UCJLKCYMkCbOW9wzmeUj8dwQ,MEHDI’N TECH,59700,3242534,132
2026-02-13,UCO14QTmfRbe9j9PTJsAhtLQ,PΔX,89200,12801865,500
2026-02-13,UCHRVeW3Z0ttSFk6xIfGW4lA,Nicorama,157000,13895713,287
2026-02-13,UCUbwQOAmLdZ9zPOOPFt25zQ,YanNick TECH,67600,17360666,1328
2026-02-13,UCSGT2_DuhiJ1uV9dpRbXxug,Kulture ChroniK,167000,26159005,862
2026-02-13,UCc7giV0qHsCNbhjV3_ZJ22w,Paul - Nakryum,107000,16239691,585
2026-02-13,UCRI5foOTNz6DuVz3SVQ1cMA,Tao Gassin,14100,1100418,54
2026-02-13,UCUaHJ0fTA-1theR8A8Polmw,BFM Tech,574000,232395945,8347
2026-02-13,UCYWJ5aXwE7vyN-qtDT3uR4w,Top For Phone,148000,47126058,1643
2026-02-13,UCSYFVeBI66YqDhGrYKxiCUQ,Georges,2360,170390,41
2026-02-13,UCX4A8obrGg1iX37R-fyBJ6w,Monde Tech,717,142079,137
2026-02-13,UCTKa4DGeCFeThot6rcRqNow,TechnoïdFR,21900,5474489,1724
2026-02-13,UCSvD1S5kHsr9tvD3gDXkPkQ,Techmo,97000,54287332,300
2026-02-13,UCRhyS_ylPQ5GWBl1lK92ftA,Léo - TechMaker,2200000,375836298,1533
2026-02-13,UCURjynFkZicGPbIIaWO9vmQ,Benji TV,60800,14504006,251
2026-02-13,UCTER7XOnDvSRbI2YxikLaVw,RTBF iXPé,262000,92098626,2463
2026-02-13,UCUltPy138RvnbWX_FuUHtDA,MT High-Tech,22100,2920995,317
2026-02-13,UCTmHRe6W96WgYlUNxcokpVQ,Fitfitzone,1260,175810,18
2026-02-13,UCb6bgt9GlMWk-gKrLLfXFLw,Julien Hick,10900,3273162,359
2026-02-13,UCaybrunQi8xWgPMgv1AYBHw,TheiCollection,1000000,219616469,1287
2026-02-13,UCagQpz-WZtgbSp8Ry0XQ4Yw,Victor,3160,221671,50
2026-02-13,UCXJ_vW2t0W5hY9hS8ePnpzw,Back Market France,22000,161532576,199
2026-02-13,UCYU8ljh_pDcwqDMWZoJWqwA,RABBIN DES BOIS,361000,20225352,149
2026-02-13,UCZ5qxuvquQABNtjcawNMowA,DaddyFamtech,123000,13560485,1420
2026-02-13,UCTG26Ngiphy9TCOejxGfShQ,R-Tech,130,97857,61
2026-02-13,UCWzO_6sTx_tzEi0pU_3L5dA,Kizuna Horizon,185,68176,11
2026-02-13,UCYnvxJ-PKiGXo_tYXpWAC-w,Micode,1840000,122391962,85
2026-02-13,UCWedHS9qKebauVIK2J7383g,Underscore_,919000,114637992,200
2026-02-13,UCYmw-Y8TnRzO4COTBKEgUGg,Les Dénicheurs,20700,5902089,2986
2026-02-13,UCUD3E77YRTGK3yPSDB6Kq5Q,Monsport06,193000,13185510,508
2026-02-13,UCb0sWM7tMRaEgn_hpptqnxA,Mon iPad & Moi,733,40219,29
2026-02-13,UCbqjtNeW9vbz6_gwOW5PybQ,KYIO,11400,5106876,398
2026-02-13,UCTOAKgwfqqCbOytF3RNGGVw,Monsieur GRrr,724000,147571357,1987
2026-02-13,UCVrceZhsV6TRyVh3VhBFaKA,MOBICLICK,2250,1292621,200
2026-02-13,UC_FckuJiPXwA_nOEIoTsRZg,Fabien captain virtuality,12800,1800889,181
2026-02-13,UCa8Leo9o5Nnb-Cc1sWfT2HQ,MobileAddict,300000,44120807,420
2026-02-13,UCaysddji-z_Za5b6EMmcc3g,Bien Chez Soi,52700,32667180,2995
2026-02-13,UCU8_onYYhNxwGUB3hA34C4Q,FrenchHardware,842000,169074645,942
2026-02-13,UCaHolOYkfcTdC0vTFAywzXw,LoKan Sardari,88000,18431246,983
2026-02-13,UCSGjkErS7A6LPBjESg56p7g,Tech Shorts,31800,11792041,198
2026-02-13,UCUclUivgBePqnqDGQ3Jzu2Q,TOUKIWANTI,125000,21913925,850
2026-02-13,UCZEdNvDcHUPEE7CDRpXnO6w,Cyril | Ctrl Bu,6000,853673,160
2026-02-13,UCUT9pQQGw4ZEpv5hqrv-bZw,TonyTech,94000,11753132,750
2026-02-13,UCTE6xlfjGhlJ3pLVsg85-AQ,Amazon Promo Tech,1330,75817,517
2026-02-13,UCT9QoBXRO1_z1f-Ud97RxPg,Norizon,316,26308,20
2026-02-13,UCR3uoYsbRO_S0wg2DaSlb8g,Wondershare Français,99400,15919210,1296
2026-02-13,UCbwE_k9zALnzZRvkoyDhuzw,Jojo Le Geek,165000,25338675,593
2026-02-13,UCUanZckNyJODHBdqtMzYMpA,ORLM.tv / On refait le Mac,54800,13393636,1475
2026-02-13,UCSPoCan8_9ELmqEVS2hUHPA,iVax,120000,20805003,487
2026-02-13,UC_dzE9mydhQuQ0NwmXByDtA,André Martin,387000,55992657,988
2026-02-13,UCVwG9JHqGLfEO-4TkF-lf2g,Nowtech,441000,73139025,901
2026-02-13,UCU_a5aoj_HzTMohx0JG_Z4A,GUILLAUME++,101000,9723654,299
2026-02-13,UCZsEJw8rwd0RWAga5dulOpg,Bon Plan High Tech,13600,4576145,343
2026-02-13,UClQPWod8Gjgw7i51t7PYibQ,Sélection Futée,2250,213169,377
2026-02-13,UCpSRz-eAoiSW5kaHpI_3LjA,JOLI TECH,18,17003,492
2026-02-13,UCeXhsPdO6bRK7ZycOeFdD8A,iTechNews,289000,2631775,78
2026-02-13,UCkQI4PEJfOY37DU_WLLzc5w,Dell Technologies France,2480,50754836,324
2026-02-13,UCf-DN6QjyyEbhuMWCoXdXQQ,Phonandroid,144000,26505062,840
2026-02-13,UCr7ZVUNJ9KyYD92xqfinGsQ,Jimtek,16200,1380252,136
2026-02-13,UCm3QK_QNta9Mue2Q70gtzVw,Android plus,2660,457694,437
2026-02-13,UCgoxc-VKU0cw9BcM9z_qokg,Frandroid,595000,200624122,2768
2026-02-13,UCnnYqSNKKygemgmxC9PyLTw,Ludo Salenne,257000,16850309,425
2026-02-13,UCdqC1GnhKs3aQw6j62uOvUw,Mister Perrier,57100,5078517,364
2026-02-13,UCmUm6tw3Gz8dftSDy7Eep3A,Stéphane (Biggy Tech),34900,2960701,792
2026-02-13,UCrsiHZzr4IjuSjnvPy5rVUQ,Daddy Dtech,114000,12258305,404
2026-02-13,UCrHCRJPuJJcINMMEETEYt4g,Le Petit Comparateur,16100,5737253,737
2026-02-13,UClXUBKUsEdXpSl4mOr3Q3jw,Binbin Tech,14000,1606850,58
2026-02-13,UCpt_q94CBCYar_Gmkb9G_aA,Tenorshare 4DDiG Français,24400,7674610,254
2026-02-13,UCdTrm2PZ7Wwa7xF-LbGP0dQ,Le Showroom de l'Image et du Son,15400,14837055,2817
2026-02-13,UCkS6jlQ4RJTCdkzVCU2-FSQ,GeekEtc,21800,6331150,642
2026-02-13,UCfkiE_eKqeVWE0XhMNBMFdA,InfiniT,191,51420,158
2026-02-13,UCqHcg3sjPv2mcGqL1B60bew,"Dbc iPhone, iPad, MacBook",32300,23911663,448
2026-02-13,UCeFfhz1vsSxxJY26VZHw19w,Selectos Tech,117000,31783152,597
2026-02-13,UCptwuAv0XQHo1OQUSaO6NHw,Max Tech,1250000,448294621,2069
2026-02-13,UChSBt06I1fa5FlDjbB0fChg,BenBraTeK,9580,1565371,60
2026-02-13,UCpaI1FRY8EGK6mEAL7Wfr9w,Yosheez,130000,58798706,860
2026-02-13,UCe7R7Pt-bxNT7EE83NLsmFQ,Avis Express - Testeur High-Tech,273000,57937473,1705
2026-02-13,UCdSUuErbgIIfHCezyiXDCtQ,Guid0matic,14700,7152932,2866
2026-02-13,UCqRSWOqkW_oelrdUN7KQ-aQ,Les Numériques,154000,64483801,3036
2026-02-13,UCgjhIdz3Uw9r-eMyML9M8FA,PIKATE,12000,1242808,122
2026-02-13,UChFaUrD7t1JQ0w7rObWhIRA,Millomaker,438000,54078187,85
2026-02-13,UCeUxAQ2j3OETAApTvBj5Scw,MoMo App,737000,46083622,911
2026-02-13,UCfbwndxvM8tOtxN_GqU1R3Q,Lorenzo-high-tech,29300,4513523,959
2026-02-13,UCnJAGhDDEPdvY2g4ipf9PMQ,Elliott Pierret,87200,5537301,169
2026-02-13,UCpFq62uOig4n9jT3luIYUDQ,VZX,22900,9470559,146
2026-02-13,UCe7aMEBJH_sGJMCXWLCzeSA,TheFunTouch,1690,932551,170
2026-02-13,UClnRNkdVq24iwIbc1O-hjlw,Yensing,21000,1286850,20
2026-02-13,UCflWJq4cTuofmM-0G-GMUNQ,conseilguide,19200,6715166,1283
2026-02-13,UCrs2S-Ilj6R6qhhXCiV5hsQ,Tech Live,18300,3166938,254
2026-02-13,UCrGUPAX1w87ckAxUwu8JtOA,Team VRY,11500,6045547,420
2026-02-13,UCfwLCsZhix155PAoFTBb-oQ,Mac4Ever,160000,53257261,1967
2026-02-13,UCfQxUIhFxt59kj0hK53rZGg,"nakan.ch, sport et technologies",28500,5774240,415
2026-02-13,UCfLyhjpn3hzleNtgTGOQimA,Romain PIAUD,31900,7696177,589
2026-02-13,UCoJ4gzwVvGNH5GNqiJoQAAA,Alex Reframe,131000,25041173,645
2026-02-13,UCfc0cRoo8yYOzeuS89zpN-Q,Québec Test,302000,34750004,508
2026-02-13,UCrAiXFptzDmgQA6gUCOz9RQ,Meta Perso,14700,1090290,49
2026-02-13,UCiR9chjo9kIFMsCXgspFxqg,Braindegeek,74900,47469919,800
2026-02-13,UCgWvhceGENT-dKBlgodnomQ,Les perdus Du numérique,12500,4134721,1985
2026-02-13,UCo2fYdtvhyXW38WiLW_yg0Q,Charles Bolduc,1930,339374,172
2026-02-13,UCchpwieM3DswmDEnJ0MRq1A,Romain Lanéry,1050000,205924662,1687
2026-02-13,UCrSCIeCW1YuEviVZPVhEfGQ,Dorian GM,30100,6017417,271
2026-02-13,UCqC_p9Kw9pnvLvzr701beSg,Olivier Schmitt,178000,15273801,284
2026-02-13,UCqiGrF_OdWHHOs-eFe8O-ZA,Goli Tech,20,11173,481
2026-02-13,UCxpT79bmhxk50l8P50WG86w,Discoverdex,78500,24139227,476
2026-02-13,UCv8L8SztjsNYT4FpX8g5ATw,INFOMAX Paris,10200,7533680,340
2026-02-13,UCz-hlzLKQ__1nKXarSedtQA,HardwareFRA,33800,7100629,751
2026-02-13,UCtPzJInyqqt__Tn0EaUlaAw,Science Gaming,416000,394868628,1314
2026-02-13,UCyeoo6CDdAyYGyUvHWF0gSA,Garmin France,15300,54071055,1267
2026-02-13,UCwsQtHFlS-LKVn8xJ3TaupQ,Monsieur Pixel,9960,1235030,222
2026-02-13,UCuJtgmGNF_PvicQkf88t-5g,ChristoTech,312000,33382881,1397
2026-02-13,UCySZIa8Y4e6aSVg4CISXAOA,Mathieu Dos Santos,24400,4120075,1120
2026-02-13,UCt3bV9VvoCrXILlR1Z6kGmQ,Rémi Lou,135000,81378456,1194
2026-02-13,UCwWgvJHw1mNRq_ry6VoPKEg,Yada,383000,42952334,537
2026-02-13,UCrwtkeoBxPfhyde5eesmvyA,CieloTech,12600,14417985,218
2026-02-13,UCxnikUCVJLsD4GTbujlnmlQ,Comparatif Mobile,195,29467,252
2026-02-13,UCuDNiVxL-Zfw0CBVQ4oOr8w,DealSmart FR,199,30994,24
2026-02-13,UCz6PEeVLG1TL6jMRTvSLm4g,Matt Talks Tech,782000,108515256,1512
2026-02-13,UCssuk5-zaZn9vt0_HNj-Hug,VERBOZZ,474000,60788642,284
2026-02-13,UCuE3ei3NOnVjQUefjHUCF5Q,DiscoverID,377000,51974039,531
2026-02-13,UCs7Jg5KBsgiova4CrseuwIw,TheGrandTest,325000,45359842,1876
2026-02-13,UCzICpbabqKwBTpb9XlWerjA,PassTech TV,682,127354,14
2026-02-13,UCsKrhME6clyYbibb4nzvgMA,Leasi,6,3703,42
2026-02-13,UCxej0ZiLbbeVrz3XQZjj-MA,Huawei Mobile France,27700,43716012,120
2026-02-13,UCu6HC8ahaPWqqfSvic7nWyQ,Nightech,141000,34859736,515
2026-02-13,UCwZsbPUXohCN867pQzioGLw,Nicolas Barbet,15500,5730242,353
2026-02-13,UCtmEbUFh18ZmtObT78ix9Yw,Tech and Shoot,30600,6665341,1319
2026-02-13,UCvTqrD4wJGkFBwr8v6dO-Wg,Miennu Core,392,186688,35
2026-02-13,UCzxT0liRKM_xXnFYRZGiFHA,Acta - Swipe!,1120,255198,137
2026-02-14,UC08uERSqTFS3xSwXKMLrUVg,TECH TITANS,35400,10680379,243
2026-02-14,UCDBYphtxNDXGQe5eyHYZ6Fw,GUILLAUME,498000,65898943,882
2026-02-14,UC44qdJgVvPEaEaojOUZpp9A,Benjamin Code Plus,18600,600755,30
2026-02-14,UCE4qu22kCO225a91eERbxvA,Vivo Tech,13,8430,459
2026-02-14,UC0xLruy2ZFFpxR6ODgnhJXA,GadgetRevNow,160000,84324580,1190
2026-02-14,UC5HtcZa4-moyfy6NTY7GHwA,TECHNO 24,482,208584,550
2026-02-14,UCBOGe_x7aqQV4Ly5Rfa4iow,Les Tests de Cyril,31300,2632793,454
2026-02-14,UC3aPRnneybmQcbEK-X-Qptg,GLG reviews,375000,32819893,1688
2026-02-14,UC-2f97m_1UGWDogGudJcVJg,OtaXou,29300,3463248,368
2026-02-14,UCCUlTcDhcn72O8TiNfFJWWA,GLG video (JT Geek),70700,20285019,3357
2026-02-14,UCDY3WI0HqdzNADtE6B-BmUw,MrG Tech,185000,28758821,582
2026-02-14,UC4q3HKdMqzll3SvA2Lf7oAg,Thomas in Tech,73100,21362249,957
2026-02-14,UC70eSjnRIGvRLCzT6K0SQSg,Device FR,1980,711089,902
2026-02-14,UC6jfhJWEAfako0XlKnA2UGQ,Timena TechGeek,64200,11469613,1013
2026-02-14,UCC5xS4j2xUyGO2UfjFh5LsQ,Nooz,14600,2689981,618
2026-02-14,UCAz-755tH3m8_BwaluzdJwQ,Numerama,220000,105133232,2112
2026-02-14,UC7sFrgyGelEr6eny6_PsGXQ,Tom's Guide France,40200,45873317,488
2026-02-14,UC1wV5Kf18gVbL3bWH-tWKDw,Cmonavis 🇫🇷,62400,12528899,654
2026-02-14,UC1F5QJFXcu1evMkYyXRGoaw,LoKan Sardari - Studio,12200,1495742,676
2026-02-14,UC1WIj7YGywcVoRLS0zZu2RQ,TechDams,5380,1752890,22
2026-02-14,UC0Cgi1uK0MWB5V_VtKkvi8g,La Geek News,3810,752233,164
2026-02-14,UCB0ffaItcXwkgbVu8Hvq3Tw,QUENTIN,224000,43392265,1303
2026-02-14,UCDfGCQqgOKPYeiaG3I4vl4w,Marty,109000,22585175,883
2026-02-14,UCA25ZdZZF5XE6ihPE5pwfnw,Materiel.net,31800,12828242,575
2026-02-14,UC7rdUip5Q8R7Ki1haNbdwwg,SoloTech,254000,35247326,626
2026-02-14,UCA_DfRJwb5U0S4UiiH3BtUg,Jérémy Dufour,77700,14784741,991
2026-02-14,UC2XmvTlziz2LSXd_QKBwf8Q,Espritnewgen,71900,21796611,2953
2026-02-14,UC69qClfvKeB9WeyySg5iQrQ,Yohann Studio,4310,2291578,322
2026-02-14,UCBqYyDusSFntU7k2UnFGsBA,Giga Content,24800,5174828,815
2026-02-14,UC1ndVn8sa4oTbW09P5ICOog,amazing mac TV,66000,18527262,1430
2026-02-14,UCDvCJx3pU8N-23ilB6tNMlg,mister gadget,4340,1616894,731
2026-02-14,UC2lMzO7HzJ_jamFT762vfwA,Jon Rettinger en Français,334,61341,36
2026-02-14,UCB32y6dm508Hap4_Mn-ZnHQ,Presse-citron,91300,25759471,1440
2026-02-14,UCAOjk3Po21_t7L1MDHQ4-Og,FNK Hardware,249000,43249798,1238
2026-02-14,UC66ysWRFWfg-V5RhnQN4wFg,Gadget Evolution,63100,7492012,79
2026-02-14,UC-g0NspJGvPdg_x7XIBNkNg,The Viewing Angle en Français,316,63853,22
2026-02-14,UC3-dl8nKItitMxM9DNTDAfQ,Kang et ses PC,106000,27433160,142
2026-02-14,UC-pdFydi9ooxEfATh3KoiIw,STEVEN,1100000,196829399,1508
2026-02-14,UCAicNsMAZgbqPr_0QsnI1PA,Cobra.fr,6390,6945850,2144
2026-02-14,UC0V8fUv0DB5Tq7uHdG7ixyw,W38,140000,61585318,1920
2026-02-14,UC6joDErOGcFJC1vHNSfsYQg,01net,136000,48542574,1815
2026-02-14,UC4vD_Spv_zjcmyfHpnAwBNA,Ixar.,15700,2467246,186
2026-02-14,UCCM6zpvTcgXeNqLmQ9swugQ,Selectos Lifestyle,13000,4523186,196
2026-02-14,UC1N4EIilrmXhTEdu3h7tpPg,iPhone page,1040,184452,267
2026-02-14,UC65OszX3C9oYfNLU5AWjwYg,Aaron,2980,300731,32
2026-02-14,UC2HXhqg87yIWz152Ig9vkaQ,Tout Techno,32200,7128207,245
2026-02-14,UC7XxmEXw7wXgh259vYCSjkQ,Cmonavis 2 🇫🇷,10200,1272356,210
2026-02-14,UC3CBQLyxiC35oxJPoufLnMQ,Gizmo Rush,72700,171141130,1204
2026-02-14,UC0AFqXyYs1z2Dxx5jtQBicQ,SkinnZer,44700,3625269,288
2026-02-14,UC69gruQfEHEQ4Qme0liJOdw,Ludo Tech,1770,799467,197
2026-02-14,UCEPqgSzHj7vlJj5pGX9dDdA,Gilo & Alex,2320,131541,40
2026-02-14,UCJ3MlRSjtv2sT-rIDsFg0fw,Sam_VNR,4930,324415,64
2026-02-14,UCGMxP4yf3ixAAEKQc3d76gw,Arnaud,6330,1829974,146
2026-02-14,UCMWAxO0xGJxELkiX5_pEJNA,Pannacophone - Smartphone & Tech,91300,11555636,137
2026-02-14,UCOyUCj6Wx9skJggzZFUDZyA,Unlock Talk,20400,2415401,367
2026-02-14,UCHRVeW3Z0ttSFk6xIfGW4lA,Nicorama,157000,13904464,287
2026-02-14,UCJLKCYMkCbOW9wzmeUj8dwQ,MEHDI’N TECH,59700,3243380,132
2026-02-14,UCIu36vEY96BCwfYvz5ccucg,LDLC.com,27900,7210499,365
2026-02-14,UCIaNSaws_Wv_eoUAmDbUK-Q,MT High Tech Deal's,2830,246345,71
2026-02-14,UCNWE4ouC-BxzJ-Lomuuqb1Q,Isma(ël),4470,308937,45
2026-02-14,UCMWWgqykXE5exHk60TCZ-bw,Yukio_Clyks,27400,7449014,432
2026-02-14,UCQwe6dSfilWUgNbgQ3NCQNg,C mon point de vue,3550,898865,62
2026-02-14,UCQvNFAufGf8mtN2_L8thysg,Journal du Geek,66300,31755811,2506
2026-02-14,UCHJb6-VCrzQqVQASN23OskQ,Jigfio Ti Super,19100,942656,68
2026-02-14,UCFWds3GTyhvWpSF308RC1Eg,PcComponentesFR,638,247145,124
2026-02-14,UCJy0lX8ThZ7lCtst7JnegWQ,Jojol,2690000,612021697,2120
2026-02-14,UCMc7IaTDRDtxftK9v0aXVqA,Yada 2.0,112000,16701385,206
2026-02-14,UCNiauGTV7XhkOpUAIXod4xA,Léo Duff,805000,63954867,319
2026-02-14,UCKkFotHwcyYF1cn8sFcKvqw,MacGeneration,4900,4662488,582
2026-02-14,UCMwkAK-lhEeLld9xLiyKLMg,Captain Grochat,24800,2138010,109
2026-02-14,UCOm_kuKVb4ImX_DHpIgX_zg,Skinn's Tech Deals,1980,73633,18
2026-02-14,UCM6kUx3GI7lTQlqMBiumaEg,technofou,43300,1925154,90
2026-02-14,UCHGvOgxAA_MFOH1yyhjcR-Q,ArtBen,327000,38230821,266
2026-02-14,UCIorGsaWVmlkpNsngTQPDAg,Clubic,31600,9991224,1439
2026-02-14,UCHgZ3SrY7FhB0KjFki50fEQ,Gabinks,1150,310148,147
2026-02-14,UCP5-zNhWXk_LUPIJpxtrTnQ,Cowcotland,52600,23536665,4264
2026-02-14,UCLOAPb7ATQUs_nDs9ViLcMw,Benjamin Code,155000,13853603,382
2026-02-14,UCL3y_psKbrdZ5FZo3dvVeEQ,Pafito,15400,8322210,96
2026-02-14,UCFrfK9IFqO15S7C52DdnSog,GIGATOP,43900,15382072,1090
2026-02-14,UCQZa27_VXLUowoMsYo6Y0Dw,bazze tv,23100,3222856,268
2026-02-14,UCJ4p_F-vCnEn5V5OtFN8Q3w,FrenchMakito,32700,3593031,99
2026-02-14,UCQSA6pCffm7epqxFqouL0Xg,Mathis et Gauthier,193000,33499332,440
2026-02-14,UCOtM8pxxBIfwqu6e8mHgUEQ,TheiMika,12800,3588334,121
2026-02-14,UCPLnJmNrlcQzyi8QAP_dhJA,Dariusz Tech,126000,118182804,828
2026-02-14,UCOCoKBUmALR6d7UW_s5zgrA,Arnaud C.,106000,6956863,314
2026-02-14,UCNzUonmxxvG-HIqOC3S7Thw,VAC - Vulgarisateur Apple et compagnie,78400,1541865,230
2026-02-14,UCR-4Ge4NbqILG5HTTvs_nFQ,Lysandre_lbd,12200,5402790,319
2026-02-14,UCJPa4sr9B_mLjShfHhWi8yg,TECnaiche,13500,4673902,403
2026-02-14,UCGkFwY0mGku1M9_6M_NQ7Ig,Kylian Le Bris,3300,1618004,70
2026-02-14,UCPP-NkzSqMJ9ywhJkcgrpAw,Tech_Sama,214000,29399707,758
2026-02-14,UCQsb5TqYUeGWGpJFr8DMWsQ,ANONIMAL,613000,71337962,298
2026-02-14,UCGjKSSIpN7aYQluu04kPrsA,Brandon Le Proktor,308000,44972683,405
2026-02-14,UCFdQm01R6HPdMw4oa6a0Ihw,Qasim,38400,17019158,204
2026-02-14,UCNOUTy_TWRJzAaSfIGserkg,Nowtech Replay (Le Mug Nowtech),5400,812473,511
2026-02-14,UCO14QTmfRbe9j9PTJsAhtLQ,PΔX,89200,12806709,501
2026-02-14,UCPQsSFJurluaMOG1qL0Y7sA,PP World,448000,77920815,1038
2026-02-14,UCH6ppHEvV3_WIXEwmhv9HEg,Deus Ex Silicium,408000,28049729,140
2026-02-14,UCOaX4zvPzmv0eBbUWOOOB_A,TopAchat,102000,18988086,699
2026-02-14,UCQigF3tZJJlt6o1_tkYKkNQ,KAPPA Studio,232000,58527732,126
2026-02-14,UCN6zUULSoitsLJB03jh_I0A,Le Futurologue,29800,2913067,302
2026-02-14,UCSvD1S5kHsr9tvD3gDXkPkQ,Techmo,97300,54474589,301
2026-02-14,UCUanZckNyJODHBdqtMzYMpA,ORLM.tv / On refait le Mac,54800,13414947,1480
2026-02-14,UCUbwQOAmLdZ9zPOOPFt25zQ,YanNick TECH,67700,17390934,1329
2026-02-14,UCUaHJ0fTA-1theR8A8Polmw,BFM Tech,574000,232423920,8351
2026-02-14,UCTOAKgwfqqCbOytF3RNGGVw,Monsieur GRrr,724000,147596826,1987
2026-02-14,UCRI5foOTNz6DuVz3SVQ1cMA,Tao Gassin,14400,1119969,54
2026-02-14,UCUltPy138RvnbWX_FuUHtDA,MT High-Tech,22100,2922650,317
2026-02-14,UCUclUivgBePqnqDGQ3Jzu2Q,TOUKIWANTI,126000,21932522,851
2026-02-14,UCTKa4DGeCFeThot6rcRqNow,TechnoïdFR,21900,5475172,1724
2026-02-14,UCSGjkErS7A6LPBjESg56p7g,Tech Shorts,31800,11797246,198
2026-02-14,UCaysddji-z_Za5b6EMmcc3g,Bien Chez Soi,52700,32679273,2996
2026-02-14,UCaybrunQi8xWgPMgv1AYBHw,TheiCollection,1000000,219635546,1288
2026-02-14,UCTmHRe6W96WgYlUNxcokpVQ,Fitfitzone,1270,176623,18
2026-02-14,UCZ5qxuvquQABNtjcawNMowA,DaddyFamtech,123000,13575208,1422
2026-02-14,UCT9QoBXRO1_z1f-Ud97RxPg,Norizon,320,26380,20
2026-02-14,UCYmw-Y8TnRzO4COTBKEgUGg,Les Dénicheurs,20700,5907928,2988
2026-02-14,UCU_a5aoj_HzTMohx0JG_Z4A,GUILLAUME++,101000,9726422,299
2026-02-14,UCagQpz-WZtgbSp8Ry0XQ4Yw,Victor,3160,222259,50
2026-02-14,UCUD3E77YRTGK3yPSDB6Kq5Q,Monsport06,193000,13189216,509
2026-02-14,UCb0sWM7tMRaEgn_hpptqnxA,Mon iPad & Moi,736,40470,29
2026-02-14,UCWzO_6sTx_tzEi0pU_3L5dA,Kizuna Horizon,185,68193,11
2026-02-14,UCR3uoYsbRO_S0wg2DaSlb8g,Wondershare Français,99400,15933886,1296
2026-02-14,UCa8Leo9o5Nnb-Cc1sWfT2HQ,MobileAddict,300000,44124933,420
2026-02-14,UCWedHS9qKebauVIK2J7383g,Underscore_,920000,114709085,201
2026-02-14,UC_FckuJiPXwA_nOEIoTsRZg,Fabien captain virtuality,12800,1801494,181
2026-02-14,UCVwG9JHqGLfEO-4TkF-lf2g,Nowtech,441000,73181823,901
2026-02-14,UCSYFVeBI66YqDhGrYKxiCUQ,Georges,2360,171257,41
2026-02-14,UCX4A8obrGg1iX37R-fyBJ6w,Monde Tech,717,142745,138
2026-02-14,UCaHolOYkfcTdC0vTFAywzXw,LoKan Sardari,88100,18443763,983
2026-02-14,UCYWJ5aXwE7vyN-qtDT3uR4w,Top For Phone,148000,47126636,1643
2026-02-14,UCZsEJw8rwd0RWAga5dulOpg,Bon Plan High Tech,13600,4576585,343
2026-02-14,UCSPoCan8_9ELmqEVS2hUHPA,iVax,120000,20842595,487
2026-02-14,UCbqjtNeW9vbz6_gwOW5PybQ,KYIO,11400,5110018,399
2026-02-14,UCURjynFkZicGPbIIaWO9vmQ,Benji TV,60900,14509661,251
2026-02-14,UCRhyS_ylPQ5GWBl1lK92ftA,Léo - TechMaker,2210000,376712710,1534
2026-02-14,UCTG26Ngiphy9TCOejxGfShQ,R-Tech,132,98224,61
2026-02-14,UCZEdNvDcHUPEE7CDRpXnO6w,Cyril | Ctrl Bu,6000,855591,161
2026-02-14,UCSGT2_DuhiJ1uV9dpRbXxug,Kulture ChroniK,167000,26181588,862
2026-02-14,UC_dzE9mydhQuQ0NwmXByDtA,André Martin,387000,56033116,990
2026-02-14,UCc7giV0qHsCNbhjV3_ZJ22w,Paul - Nakryum,107000,16244601,585
2026-02-14,UCb6bgt9GlMWk-gKrLLfXFLw,Julien Hick,10900,3274694,360
2026-02-14,UCYnvxJ-PKiGXo_tYXpWAC-w,Micode,1840000,122440515,85
2026-02-14,UCVrceZhsV6TRyVh3VhBFaKA,MOBICLICK,2280,1327776,201
2026-02-14,UCXJ_vW2t0W5hY9hS8ePnpzw,Back Market France,22000,161533849,199
2026-02-14,UCTER7XOnDvSRbI2YxikLaVw,RTBF iXPé,262000,92166036,2466
2026-02-14,UCbwE_k9zALnzZRvkoyDhuzw,Jojo Le Geek,165000,25344119,593
2026-02-14,UCTE6xlfjGhlJ3pLVsg85-AQ,Amazon Promo Tech,1330,75957,517
2026-02-14,UCYU8ljh_pDcwqDMWZoJWqwA,RABBIN DES BOIS,361000,20225852,149
2026-02-14,UCUT9pQQGw4ZEpv5hqrv-bZw,TonyTech,94000,11757577,756
2026-02-14,UCU8_onYYhNxwGUB3hA34C4Q,FrenchHardware,842000,169162820,942
2026-02-14,UCchpwieM3DswmDEnJ0MRq1A,Romain Lanéry,1050000,205961572,1688
2026-02-14,UCeXhsPdO6bRK7ZycOeFdD8A,iTechNews,289000,2642328,78
2026-02-14,UCptwuAv0XQHo1OQUSaO6NHw,Max Tech,1250000,448368116,2070
2026-02-14,UCgjhIdz3Uw9r-eMyML9M8FA,PIKATE,12100,1245008,122
2026-02-14,UCnJAGhDDEPdvY2g4ipf9PMQ,Elliott Pierret,87300,5555607,169
2026-02-14,UCpSRz-eAoiSW5kaHpI_3LjA,JOLI TECH,19,17280,492
2026-02-14,UCfLyhjpn3hzleNtgTGOQimA,Romain PIAUD,31900,7705068,589
2026-02-14,UCmUm6tw3Gz8dftSDy7Eep3A,Stéphane (Biggy Tech),34900,2961449,792
2026-02-14,UClXUBKUsEdXpSl4mOr3Q3jw,Binbin Tech,14000,1608805,58
2026-02-14,UCgWvhceGENT-dKBlgodnomQ,Les perdus Du numérique,12500,4136468,1985
2026-02-14,UCoJ4gzwVvGNH5GNqiJoQAAA,Alex Reframe,131000,25042615,645
2026-02-14,UCrAiXFptzDmgQA6gUCOz9RQ,Meta Perso,14700,1090590,49
2026-02-14,UCfkiE_eKqeVWE0XhMNBMFdA,InfiniT,192,51502,158
2026-02-14,UCm3QK_QNta9Mue2Q70gtzVw,Android plus,2670,458425,436
2026-02-14,UCf-DN6QjyyEbhuMWCoXdXQQ,Phonandroid,144000,26507142,840
2026-02-14,UCrGUPAX1w87ckAxUwu8JtOA,Team VRY,11500,6048083,420
2026-02-14,UCrsiHZzr4IjuSjnvPy5rVUQ,Daddy Dtech,114000,12277943,404
2026-02-14,UCdqC1GnhKs3aQw6j62uOvUw,Mister Perrier,57100,5078746,364
2026-02-14,UClnRNkdVq24iwIbc1O-hjlw,Yensing,21100,1288548,20
2026-02-14,UChFaUrD7t1JQ0w7rObWhIRA,Millomaker,438000,54099015,85
2026-02-14,UCfQxUIhFxt59kj0hK53rZGg,"nakan.ch, sport et technologies",28600,5776883,415
2026-02-14,UCiR9chjo9kIFMsCXgspFxqg,Braindegeek,74900,47489236,801
2026-02-14,UChSBt06I1fa5FlDjbB0fChg,BenBraTeK,9590,1566223,60
2026-02-14,UCeFfhz1vsSxxJY26VZHw19w,Selectos Tech,117000,31785074,597
2026-02-14,UCgoxc-VKU0cw9BcM9z_qokg,Frandroid,595000,200708706,2770
2026-02-14,UCrHCRJPuJJcINMMEETEYt4g,Le Petit Comparateur,16200,5740559,737
2026-02-14,UCdTrm2PZ7Wwa7xF-LbGP0dQ,Le Showroom de l'Image et du Son,15400,14838476,2817
2026-02-14,UCdSUuErbgIIfHCezyiXDCtQ,Guid0matic,14700,7154775,2868
2026-02-14,UCfwLCsZhix155PAoFTBb-oQ,Mac4Ever,160000,53273782,1969
2026-02-14,UCfbwndxvM8tOtxN_GqU1R3Q,Lorenzo-high-tech,29300,4517600,960
2026-02-14,UClQPWod8Gjgw7i51t7PYibQ,Sélection Futée,2250,214653,377
2026-02-14,UCflWJq4cTuofmM-0G-GMUNQ,conseilguide,19200,6717760,1283
2026-02-14,UCqC_p9Kw9pnvLvzr701beSg,Olivier Schmitt,178000,15286354,284
2026-02-14,UCe7R7Pt-bxNT7EE83NLsmFQ,Avis Express - Testeur High-Tech,273000,57946763,1706
2026-02-14,UCqRSWOqkW_oelrdUN7KQ-aQ,Les Numériques,154000,64563318,3036
2026-02-14,UCpFq62uOig4n9jT3luIYUDQ,VZX,23000,9472119,146
2026-02-14,UCqHcg3sjPv2mcGqL1B60bew,"Dbc iPhone, iPad, MacBook",32400,23940493,451
2026-02-14,UCkS6jlQ4RJTCdkzVCU2-FSQ,GeekEtc,21800,6338494,642
2026-02-14,UCpt_q94CBCYar_Gmkb9G_aA,Tenorshare 4DDiG Français,24400,7677546,255
2026-02-14,UCo2fYdtvhyXW38WiLW_yg0Q,Charles Bolduc,1930,339628,172
2026-02-14,UCrs2S-Ilj6R6qhhXCiV5hsQ,Tech Live,18400,3168030,254
2026-02-14,UCrSCIeCW1YuEviVZPVhEfGQ,Dorian GM,30100,6034464,272
2026-02-14,UCnnYqSNKKygemgmxC9PyLTw,Ludo Salenne,257000,16853979,425
2026-02-14,UCr7ZVUNJ9KyYD92xqfinGsQ,Jimtek,16200,1381581,137
2026-02-14,UCeUxAQ2j3OETAApTvBj5Scw,MoMo App,737000,46093412,911
2026-02-14,UCfc0cRoo8yYOzeuS89zpN-Q,Québec Test,302000,34783315,508
2026-02-14,UCkQI4PEJfOY37DU_WLLzc5w,Dell Technologies France,2480,50754882,324
2026-02-14,UCe7aMEBJH_sGJMCXWLCzeSA,TheFunTouch,1690,932556,170
2026-02-14,UCqiGrF_OdWHHOs-eFe8O-ZA,Goli Tech,20,11269,481
2026-02-14,UCpaI1FRY8EGK6mEAL7Wfr9w,Yosheez,130000,58812441,861
2026-02-14,UCuJtgmGNF_PvicQkf88t-5g,ChristoTech,313000,33386482,1397
2026-02-14,UCxnikUCVJLsD4GTbujlnmlQ,Comparatif Mobile,195,29563,252
2026-02-14,UCzICpbabqKwBTpb9XlWerjA,PassTech TV,682,127367,14
2026-02-14,UCxej0ZiLbbeVrz3XQZjj-MA,Huawei Mobile France,27700,43716039,120
2026-02-14,UCtmEbUFh18ZmtObT78ix9Yw,Tech and Shoot,30600,6669027,1319
2026-02-14,UCv8L8SztjsNYT4FpX8g5ATw,INFOMAX Paris,10200,7537582,341
2026-02-14,UCt3bV9VvoCrXILlR1Z6kGmQ,Rémi Lou,135000,81518335,1193
2026-02-14,UCuDNiVxL-Zfw0CBVQ4oOr8w,DealSmart FR,206,31121,24
2026-02-14,UCySZIa8Y4e6aSVg4CISXAOA,Mathieu Dos Santos,24400,4122770,1122
2026-02-14,UCsKrhME6clyYbibb4nzvgMA,Leasi,6,3711,42
2026-02-14,UCssuk5-zaZn9vt0_HNj-Hug,VERBOZZ,474000,60804359,284
2026-02-14,UCwWgvJHw1mNRq_ry6VoPKEg,Yada,383000,42971799,537
2026-02-14,UCwZsbPUXohCN867pQzioGLw,Nicolas Barbet,15500,5733049,353
2026-02-14,UCyeoo6CDdAyYGyUvHWF0gSA,Garmin France,15300,54302472,1267
2026-02-14,UCuE3ei3NOnVjQUefjHUCF5Q,DiscoverID,377000,51978301,531
2026-02-14,UCs7Jg5KBsgiova4CrseuwIw,TheGrandTest,325000,45374461,1878
2026-02-14,UCz6PEeVLG1TL6jMRTvSLm4g,Matt Talks Tech,782000,108617050,1513
2026-02-14,UCvTqrD4wJGkFBwr8v6dO-Wg,Miennu Core,393,186915,35
2026-02-14,UCxpT79bmhxk50l8P50WG86w,Discoverdex,78500,24151196,477
2026-02-14,UCu6HC8ahaPWqqfSvic7nWyQ,Nightech,141000,34910824,515
2026-02-14,UCrwtkeoBxPfhyde5eesmvyA,CieloTech,12600,14495143,220
2026-02-14,UCz-hlzLKQ__1nKXarSedtQA,HardwareFRA,33800,7105377,752
2026-02-14,UCwsQtHFlS-LKVn8xJ3TaupQ,Monsieur Pixel,10000,1240474,222
2026-02-14,UCzxT0liRKM_xXnFYRZGiFHA,Acta - Swipe!,1120,255678,138
2026-02-14,UCtPzJInyqqt__Tn0EaUlaAw,Science Gaming,417000,395664126,1309
2026-02-15,UCA25ZdZZF5XE6ihPE5pwfnw,Materiel.net,31800,12832510,575
2026-02-15,UC2lMzO7HzJ_jamFT762vfwA,Jon Rettinger en Français,337,61638,36
2026-02-15,UC7XxmEXw7wXgh259vYCSjkQ,Cmonavis 2 🇫🇷,10200,1274049,210
2026-02-15,UC0V8fUv0DB5Tq7uHdG7ixyw,W38,140000,61585508,1920
2026-02-15,UC6joDErOGcFJC1vHNSfsYQg,01net,136000,48547840,1815
2026-02-15,UC3CBQLyxiC35oxJPoufLnMQ,Gizmo Rush,72900,171633869,1206
2026-02-15,UC1N4EIilrmXhTEdu3h7tpPg,iPhone page,1040,185421,267
2026-02-15,UCB32y6dm508Hap4_Mn-ZnHQ,Presse-citron,91300,25763327,1440
2026-02-15,UCDfGCQqgOKPYeiaG3I4vl4w,Marty,110000,22593790,883
2026-02-15,UC6jfhJWEAfako0XlKnA2UGQ,Timena TechGeek,64200,11471786,1014
2026-02-15,UC7sFrgyGelEr6eny6_PsGXQ,Tom's Guide France,40200,45873861,488
2026-02-15,UC-pdFydi9ooxEfATh3KoiIw,STEVEN,1100000,196863037,1508
2026-02-15,UC65OszX3C9oYfNLU5AWjwYg,Aaron,2980,301151,32
2026-02-15,UC69qClfvKeB9WeyySg5iQrQ,Yohann Studio,4310,2292904,322
2026-02-15,UCCUlTcDhcn72O8TiNfFJWWA,GLG video (JT Geek),70700,20286315,3358
2026-02-15,UC0AFqXyYs1z2Dxx5jtQBicQ,SkinnZer,44700,3625501,288
2026-02-15,UCAicNsMAZgbqPr_0QsnI1PA,Cobra.fr,6390,6946744,2144
2026-02-15,UCDY3WI0HqdzNADtE6B-BmUw,MrG Tech,185000,28762676,582
2026-02-15,UC1ndVn8sa4oTbW09P5ICOog,amazing mac TV,66000,18530075,1430
2026-02-15,UC70eSjnRIGvRLCzT6K0SQSg,Device FR,1980,713498,905
2026-02-15,UC2HXhqg87yIWz152Ig9vkaQ,Tout Techno,32200,7134848,245
2026-02-15,UCCM6zpvTcgXeNqLmQ9swugQ,Selectos Lifestyle,13000,4524404,196
2026-02-15,UCC5xS4j2xUyGO2UfjFh5LsQ,Nooz,14600,2696302,618
2026-02-15,UC2XmvTlziz2LSXd_QKBwf8Q,Espritnewgen,71900,21800844,2956
2026-02-15,UCA_DfRJwb5U0S4UiiH3BtUg,Jérémy Dufour,77700,14795334,992
2026-02-15,UCB0ffaItcXwkgbVu8Hvq3Tw,QUENTIN,224000,43395345,1303
2026-02-15,UC-g0NspJGvPdg_x7XIBNkNg,The Viewing Angle en Français,317,64142,22
2026-02-15,UC7rdUip5Q8R7Ki1haNbdwwg,SoloTech,254000,35250112,627
2026-02-15,UC0Cgi1uK0MWB5V_VtKkvi8g,La Geek News,3820,753751,164
2026-02-15,UC69gruQfEHEQ4Qme0liJOdw,Ludo Tech,1780,800633,198
2026-02-15,UC44qdJgVvPEaEaojOUZpp9A,Benjamin Code Plus,18600,600900,30
2026-02-15,UC-2f97m_1UGWDogGudJcVJg,OtaXou,29300,3465991,368
2026-02-15,UC1F5QJFXcu1evMkYyXRGoaw,LoKan Sardari - Studio,12200,1496761,676
2026-02-15,UC4vD_Spv_zjcmyfHpnAwBNA,Ixar.,15700,2471106,186
2026-02-15,UC3aPRnneybmQcbEK-X-Qptg,GLG reviews,377000,32829175,1688
2026-02-15,UC5HtcZa4-moyfy6NTY7GHwA,TECHNO 24,484,209914,552
2026-02-15,UCBqYyDusSFntU7k2UnFGsBA,Giga Content,24800,5178690,816
2026-02-15,UC08uERSqTFS3xSwXKMLrUVg,TECH TITANS,35500,10724054,243
2026-02-15,UCBOGe_x7aqQV4Ly5Rfa4iow,Les Tests de Cyril,31300,2634930,454
2026-02-15,UCDvCJx3pU8N-23ilB6tNMlg,mister gadget,4340,1618914,732
2026-02-15,UC3-dl8nKItitMxM9DNTDAfQ,Kang et ses PC,106000,27452309,143
2026-02-15,UC4q3HKdMqzll3SvA2Lf7oAg,Thomas in Tech,73100,21376303,956
2026-02-15,UC1wV5Kf18gVbL3bWH-tWKDw,Cmonavis 🇫🇷,62400,12533361,654
2026-02-15,UCDBYphtxNDXGQe5eyHYZ6Fw,GUILLAUME,498000,65918594,882
2026-02-15,UCE4qu22kCO225a91eERbxvA,Vivo Tech,13,8497,459
2026-02-15,UC0xLruy2ZFFpxR6ODgnhJXA,GadgetRevNow,160000,84491294,1191
2026-02-15,UC66ysWRFWfg-V5RhnQN4wFg,Gadget Evolution,63500,7543932,79
2026-02-15,UCAOjk3Po21_t7L1MDHQ4-Og,FNK Hardware,249000,43254284,1238
2026-02-15,UCAz-755tH3m8_BwaluzdJwQ,Numerama,220000,105188617,2114
2026-02-15,UC1WIj7YGywcVoRLS0zZu2RQ,TechDams,5380,1756515,22
2026-02-15,UCMWAxO0xGJxELkiX5_pEJNA,Pannacophone - Smartphone & Tech,91300,11560507,137
2026-02-15,UCOm_kuKVb4ImX_DHpIgX_zg,Skinn's Tech Deals,1980,73708,18
2026-02-15,UCOaX4zvPzmv0eBbUWOOOB_A,TopAchat,102000,19017709,699
2026-02-15,UCFdQm01R6HPdMw4oa6a0Ihw,Qasim,38400,17033840,204
2026-02-15,UCJy0lX8ThZ7lCtst7JnegWQ,Jojol,2690000,612076240,2121
2026-02-15,UCR-4Ge4NbqILG5HTTvs_nFQ,Lysandre_lbd,12200,5406128,320
2026-02-15,UCMWWgqykXE5exHk60TCZ-bw,Yukio_Clyks,27400,7454121,432
2026-02-15,UCM6kUx3GI7lTQlqMBiumaEg,technofou,43300,1925283,90
2026-02-15,UCOCoKBUmALR6d7UW_s5zgrA,Arnaud C.,106000,6962194,314
2026-02-15,UCQZa27_VXLUowoMsYo6Y0Dw,bazze tv,23100,3227383,268
2026-02-15,UCNOUTy_TWRJzAaSfIGserkg,Nowtech Replay (Le Mug Nowtech),5400,812791,511
2026-02-15,UCNWE4ouC-BxzJ-Lomuuqb1Q,Isma(ël),4470,309476,45
2026-02-15,UCHRVeW3Z0ttSFk6xIfGW4lA,Nicorama,157000,13912962,287
2026-02-15,UCFWds3GTyhvWpSF308RC1Eg,PcComponentesFR,639,248089,124
2026-02-15,UCIorGsaWVmlkpNsngTQPDAg,Clubic,31600,10005033,1438
2026-02-15,UCEPqgSzHj7vlJj5pGX9dDdA,Gilo & Alex,2320,131656,40
2026-02-15,UCMc7IaTDRDtxftK9v0aXVqA,Yada 2.0,112000,16709907,206
2026-02-15,UCHgZ3SrY7FhB0KjFki50fEQ,Gabinks,1150,311628,148
2026-02-15,UCGkFwY0mGku1M9_6M_NQ7Ig,Kylian Le Bris,3360,1669288,71
2026-02-15,UCQwe6dSfilWUgNbgQ3NCQNg,C mon point de vue,3550,899718,62
2026-02-15,UCO14QTmfRbe9j9PTJsAhtLQ,PΔX,89200,12823713,501
2026-02-15,UCQigF3tZJJlt6o1_tkYKkNQ,KAPPA Studio,232000,58664675,126
2026-02-15,UCH6ppHEvV3_WIXEwmhv9HEg,Deus Ex Silicium,408000,28053120,140
2026-02-15,UCMwkAK-lhEeLld9xLiyKLMg,Captain Grochat,24800,2216253,109
2026-02-15,UCIaNSaws_Wv_eoUAmDbUK-Q,MT High Tech Deal's,2830,246354,71
2026-02-15,UCFrfK9IFqO15S7C52DdnSog,GIGATOP,43900,15397790,1090
2026-02-15,UCOtM8pxxBIfwqu6e8mHgUEQ,TheiMika,12800,3588677,121
2026-02-15,UCPP-NkzSqMJ9ywhJkcgrpAw,Tech_Sama,214000,29403366,758
2026-02-15,UCGjKSSIpN7aYQluu04kPrsA,Brandon Le Proktor,308000,44998452,405
2026-02-15,UCQSA6pCffm7epqxFqouL0Xg,Mathis et Gauthier,193000,33509364,440
2026-02-15,UCPLnJmNrlcQzyi8QAP_dhJA,Dariusz Tech,126000,118362694,829
2026-02-15,UCIu36vEY96BCwfYvz5ccucg,LDLC.com,27900,7210645,365
2026-02-15,UCN6zUULSoitsLJB03jh_I0A,Le Futurologue,30000,2915625,305
2026-02-15,UCLOAPb7ATQUs_nDs9ViLcMw,Benjamin Code,155000,13854950,382
2026-02-15,UCJPa4sr9B_mLjShfHhWi8yg,TECnaiche,13500,4677271,403
2026-02-15,UCOyUCj6Wx9skJggzZFUDZyA,Unlock Talk,20400,2422413,367
2026-02-15,UCKkFotHwcyYF1cn8sFcKvqw,MacGeneration,4910,4666725,582
2026-02-15,UCQsb5TqYUeGWGpJFr8DMWsQ,ANONIMAL,613000,71339763,298
2026-02-15,UCPQsSFJurluaMOG1qL0Y7sA,PP World,448000,77936014,1038
2026-02-15,UCJLKCYMkCbOW9wzmeUj8dwQ,MEHDI’N TECH,59700,3244432,132
2026-02-15,UCNiauGTV7XhkOpUAIXod4xA,Léo Duff,805000,63959793,319
2026-02-15,UCJ3MlRSjtv2sT-rIDsFg0fw,Sam_VNR,4930,328784,64
2026-02-15,UCL3y_psKbrdZ5FZo3dvVeEQ,Pafito,15400,8335911,96
2026-02-15,UCHJb6-VCrzQqVQASN23OskQ,Jigfio Ti Super,19200,942969,69
2026-02-15,UCNzUonmxxvG-HIqOC3S7Thw,VAC - Vulgarisateur Apple et compagnie,78500,1543516,230
2026-02-15,UCGMxP4yf3ixAAEKQc3d76gw,Arnaud,6340,1832883,146
2026-02-15,UCP5-zNhWXk_LUPIJpxtrTnQ,Cowcotland,52600,23538941,4264
2026-02-15,UCHGvOgxAA_MFOH1yyhjcR-Q,ArtBen,327000,38235250,266
2026-02-15,UCQvNFAufGf8mtN2_L8thysg,Journal du Geek,66400,31769927,2506
2026-02-15,UCJ4p_F-vCnEn5V5OtFN8Q3w,FrenchMakito,32700,3594745,99
2026-02-15,UCYWJ5aXwE7vyN-qtDT3uR4w,Top For Phone,148000,47127215,1643
2026-02-15,UCTE6xlfjGhlJ3pLVsg85-AQ,Amazon Promo Tech,1330,76220,517
2026-02-15,UCT9QoBXRO1_z1f-Ud97RxPg,Norizon,320,26453,20
2026-02-15,UC_FckuJiPXwA_nOEIoTsRZg,Fabien captain virtuality,12800,1802032,181
2026-02-15,UCb6bgt9GlMWk-gKrLLfXFLw,Julien Hick,10900,3277055,361
2026-02-15,UCWedHS9qKebauVIK2J7383g,Underscore_,920000,114890363,201
2026-02-15,UCTKa4DGeCFeThot6rcRqNow,TechnoïdFR,21900,5476760,1724
2026-02-15,UCa8Leo9o5Nnb-Cc1sWfT2HQ,MobileAddict,300000,44129333,420
2026-02-15,UCRhyS_ylPQ5GWBl1lK92ftA,Léo - TechMaker,2210000,377389006,1533
2026-02-15,UCUanZckNyJODHBdqtMzYMpA,ORLM.tv / On refait le Mac,54800,13440434,1481
2026-02-15,UCUaHJ0fTA-1theR8A8Polmw,BFM Tech,574000,232447526,8352
2026-02-15,UCYmw-Y8TnRzO4COTBKEgUGg,Les Dénicheurs,20700,5914810,2990
2026-02-15,UCYU8ljh_pDcwqDMWZoJWqwA,RABBIN DES BOIS,361000,20226450,149
2026-02-15,UCaysddji-z_Za5b6EMmcc3g,Bien Chez Soi,52700,32692326,3000
2026-02-15,UCTOAKgwfqqCbOytF3RNGGVw,Monsieur GRrr,724000,147621411,1987
2026-02-15,UCWzO_6sTx_tzEi0pU_3L5dA,Kizuna Horizon,185,68209,11
2026-02-15,UCRI5foOTNz6DuVz3SVQ1cMA,Tao Gassin,14700,1129184,54
2026-02-15,UCTER7XOnDvSRbI2YxikLaVw,RTBF iXPé,262000,92239109,2469
2026-02-15,UCSvD1S5kHsr9tvD3gDXkPkQ,Techmo,97500,54678216,302
2026-02-15,UCSPoCan8_9ELmqEVS2hUHPA,iVax,120000,20848654,487
2026-02-15,UCZsEJw8rwd0RWAga5dulOpg,Bon Plan High Tech,13600,4578543,344
2026-02-15,UCc7giV0qHsCNbhjV3_ZJ22w,Paul - Nakryum,107000,16249603,586
2026-02-15,UCUltPy138RvnbWX_FuUHtDA,MT High-Tech,22100,2923720,317
2026-02-15,UCU8_onYYhNxwGUB3hA34C4Q,FrenchHardware,843000,169265588,942
2026-02-15,UCSGjkErS7A6LPBjESg56p7g,Tech Shorts,31800,11802624,198
2026-02-15,UCR3uoYsbRO_S0wg2DaSlb8g,Wondershare Français,99500,15947501,1296
2026-02-15,UCSYFVeBI66YqDhGrYKxiCUQ,Georges,2390,172066,42
2026-02-15,UCaybrunQi8xWgPMgv1AYBHw,TheiCollection,1000000,219664938,1288
2026-02-15,UCb0sWM7tMRaEgn_hpptqnxA,Mon iPad & Moi,743,40667,29
2026-02-15,UCYnvxJ-PKiGXo_tYXpWAC-w,Micode,1840000,122484039,85
2026-02-15,UCXJ_vW2t0W5hY9hS8ePnpzw,Back Market France,22000,161535068,199
2026-02-15,UCbwE_k9zALnzZRvkoyDhuzw,Jojo Le Geek,165000,25354210,593
2026-02-15,UCVwG9JHqGLfEO-4TkF-lf2g,Nowtech,441000,73211949,901
2026-02-15,UCZ5qxuvquQABNtjcawNMowA,DaddyFamtech,124000,13594750,1422
2026-02-15,UCUbwQOAmLdZ9zPOOPFt25zQ,YanNick TECH,67700,17419125,1330
2026-02-15,UCU_a5aoj_HzTMohx0JG_Z4A,GUILLAUME++,101000,9728960,299
2026-02-15,UCZEdNvDcHUPEE7CDRpXnO6w,Cyril | Ctrl Bu,6000,858093,161
2026-02-15,UCSGT2_DuhiJ1uV9dpRbXxug,Kulture ChroniK,167000,26203898,862
2026-02-15,UCUD3E77YRTGK3yPSDB6Kq5Q,Monsport06,193000,13192759,509
2026-02-15,UC_dzE9mydhQuQ0NwmXByDtA,André Martin,387000,56077031,992
2026-02-15,UCUclUivgBePqnqDGQ3Jzu2Q,TOUKIWANTI,126000,21957360,851
2026-02-15,UCTG26Ngiphy9TCOejxGfShQ,R-Tech,132,98619,61
2026-02-15,UCVrceZhsV6TRyVh3VhBFaKA,MOBICLICK,2280,1331639,203
2026-02-15,UCURjynFkZicGPbIIaWO9vmQ,Benji TV,60900,14515107,251
2026-02-15,UCUT9pQQGw4ZEpv5hqrv-bZw,TonyTech,94000,11764233,757
2026-02-15,UCaHolOYkfcTdC0vTFAywzXw,LoKan Sardari,88100,18455096,983
2026-02-15,UCagQpz-WZtgbSp8Ry0XQ4Yw,Victor,3160,222748,51
2026-02-15,UCTmHRe6W96WgYlUNxcokpVQ,Fitfitzone,1270,177499,18
2026-02-15,UCbqjtNeW9vbz6_gwOW5PybQ,KYIO,11400,5129331,400
2026-02-15,UCX4A8obrGg1iX37R-fyBJ6w,Monde Tech,719,143401,139
2026-02-15,UCpaI1FRY8EGK6mEAL7Wfr9w,Yosheez,130000,58829828,862
2026-02-15,UCqC_p9Kw9pnvLvzr701beSg,Olivier Schmitt,178000,15297547,284
2026-02-15,UCfkiE_eKqeVWE0XhMNBMFdA,InfiniT,192,51541,158
2026-02-15,UCfLyhjpn3hzleNtgTGOQimA,Romain PIAUD,31900,7713291,590
2026-02-15,UCrHCRJPuJJcINMMEETEYt4g,Le Petit Comparateur,16200,5744421,737
2026-02-15,UCeUxAQ2j3OETAApTvBj5Scw,MoMo App,737000,46103827,911
2026-02-15,UCqRSWOqkW_oelrdUN7KQ-aQ,Les Numériques,154000,64636046,3036
2026-02-15,UCptwuAv0XQHo1OQUSaO6NHw,Max Tech,1250000,448535000,2070
2026-02-15,UCgWvhceGENT-dKBlgodnomQ,Les perdus Du numérique,12500,4138143,1987
2026-02-15,UCfbwndxvM8tOtxN_GqU1R3Q,Lorenzo-high-tech,29300,4521290,961
2026-02-15,UCqiGrF_OdWHHOs-eFe8O-ZA,Goli Tech,20,11368,481
2026-02-15,UCdSUuErbgIIfHCezyiXDCtQ,Guid0matic,14700,7156692,2869
2026-02-15,UCpt_q94CBCYar_Gmkb9G_aA,Tenorshare 4DDiG Français,24400,7680161,255
2026-02-15,UCdqC1GnhKs3aQw6j62uOvUw,Mister Perrier,57100,5078990,364
2026-02-15,UClXUBKUsEdXpSl4mOr3Q3jw,Binbin Tech,14000,1611039,58
2026-02-15,UCfwLCsZhix155PAoFTBb-oQ,Mac4Ever,161000,53291745,1972
2026-02-15,UCrsiHZzr4IjuSjnvPy5rVUQ,Daddy Dtech,114000,12296783,404
2026-02-15,UCr7ZVUNJ9KyYD92xqfinGsQ,Jimtek,16200,1382883,137
2026-02-15,UCchpwieM3DswmDEnJ0MRq1A,Romain Lanéry,1050000,205999911,1689
2026-02-15,UCnJAGhDDEPdvY2g4ipf9PMQ,Elliott Pierret,87500,5567002,169
2026-02-15,UCe7aMEBJH_sGJMCXWLCzeSA,TheFunTouch,1690,932569,170
2026-02-15,UCoJ4gzwVvGNH5GNqiJoQAAA,Alex Reframe,131000,25044100,645
2026-02-15,UCeFfhz1vsSxxJY26VZHw19w,Selectos Tech,117000,31787118,597
2026-02-15,UCkS6jlQ4RJTCdkzVCU2-FSQ,GeekEtc,21800,6345753,642
2026-02-15,UCrSCIeCW1YuEviVZPVhEfGQ,Dorian GM,30100,6049642,272
2026-02-15,UCrGUPAX1w87ckAxUwu8JtOA,Team VRY,11500,6050494,420
2026-02-15,UCqHcg3sjPv2mcGqL1B60bew,"Dbc iPhone, iPad, MacBook",32400,23972140,452
2026-02-15,UCflWJq4cTuofmM-0G-GMUNQ,conseilguide,19200,6720407,1283
2026-02-15,UCpSRz-eAoiSW5kaHpI_3LjA,JOLI TECH,19,17343,492
2026-02-15,UCkQI4PEJfOY37DU_WLLzc5w,Dell Technologies France,2480,50754925,324
2026-02-15,UCo2fYdtvhyXW38WiLW_yg0Q,Charles Bolduc,1930,339799,172
2026-02-15,UCfQxUIhFxt59kj0hK53rZGg,"nakan.ch, sport et technologies",28600,5779426,416
2026-02-15,UCrs2S-Ilj6R6qhhXCiV5hsQ,Tech Live,18400,3169100,254
2026-02-15,UCrAiXFptzDmgQA6gUCOz9RQ,Meta Perso,14700,1090799,49
2026-02-15,UCm3QK_QNta9Mue2Q70gtzVw,Android plus,2670,458982,438
2026-02-15,UClnRNkdVq24iwIbc1O-hjlw,Yensing,21100,1290208,20
2026-02-15,UCgoxc-VKU0cw9BcM9z_qokg,Frandroid,595000,200827243,2771
2026-02-15,UChSBt06I1fa5FlDjbB0fChg,BenBraTeK,9590,1567030,60
2026-02-15,UCfc0cRoo8yYOzeuS89zpN-Q,Québec Test,302000,34804562,509
2026-02-15,UClQPWod8Gjgw7i51t7PYibQ,Sélection Futée,2250,216178,378
2026-02-15,UCpFq62uOig4n9jT3luIYUDQ,VZX,23000,9473523,146
2026-02-15,UCe7R7Pt-bxNT7EE83NLsmFQ,Avis Express - Testeur High-Tech,273000,57956927,1706
2026-02-15,UCnnYqSNKKygemgmxC9PyLTw,Ludo Salenne,258000,16857102,425
2026-02-15,UCdTrm2PZ7Wwa7xF-LbGP0dQ,Le Showroom de l'Image et du Son,15400,14839892,2817
2026-02-15,UCiR9chjo9kIFMsCXgspFxqg,Braindegeek,75000,47518710,801
2026-02-15,UCgjhIdz3Uw9r-eMyML9M8FA,PIKATE,12100,1250434,122
2026-02-15,UChFaUrD7t1JQ0w7rObWhIRA,Millomaker,438000,54120333,85
2026-02-15,UCf-DN6QjyyEbhuMWCoXdXQQ,Phonandroid,144000,26509189,840
2026-02-15,UCmUm6tw3Gz8dftSDy7Eep3A,Stéphane (Biggy Tech),34900,2962206,792
2026-02-15,UCeXhsPdO6bRK7ZycOeFdD8A,iTechNews,289000,2652729,78
2026-02-15,UCtPzJInyqqt__Tn0EaUlaAw,Science Gaming,417000,396156308,1311
2026-02-15,UCuJtgmGNF_PvicQkf88t-5g,ChristoTech,313000,33390335,1397
2026-02-15,UCySZIa8Y4e6aSVg4CISXAOA,Mathieu Dos Santos,24500,4126053,1124
2026-02-15,UCvTqrD4wJGkFBwr8v6dO-Wg,Miennu Core,394,187103,36
2026-02-15,UCzxT0liRKM_xXnFYRZGiFHA,Acta - Swipe!,1120,257345,138
2026-02-15,UCwsQtHFlS-LKVn8xJ3TaupQ,Monsieur Pixel,10000,1244867,222
2026-02-15,UCxnikUCVJLsD4GTbujlnmlQ,Comparatif Mobile,197,29661,252
2026-02-15,UCuDNiVxL-Zfw0CBVQ4oOr8w,DealSmart FR,209,31916,24
2026-02-15,UCz-hlzLKQ__1nKXarSedtQA,HardwareFRA,33800,7109537,752
2026-02-15,UCt3bV9VvoCrXILlR1Z6kGmQ,Rémi Lou,135000,81585495,1195
2026-02-15,UCxej0ZiLbbeVrz3XQZjj-MA,Huawei Mobile France,27700,43716061,120
2026-02-15,UCwZsbPUXohCN867pQzioGLw,Nicolas Barbet,15500,5735683,353
2026-02-15,UCssuk5-zaZn9vt0_HNj-Hug,VERBOZZ,474000,60821891,284
2026-02-15,UCu6HC8ahaPWqqfSvic7nWyQ,Nightech,141000,34963853,515
2026-02-15,UCsKrhME6clyYbibb4nzvgMA,Leasi,6,3715,42
2026-02-15,UCzICpbabqKwBTpb9XlWerjA,PassTech TV,681,127373,14
2026-02-15,UCs7Jg5KBsgiova4CrseuwIw,TheGrandTest,325000,45411587,1879
2026-02-15,UCrwtkeoBxPfhyde5eesmvyA,CieloTech,12700,14564031,221
2026-02-15,UCtmEbUFh18ZmtObT78ix9Yw,Tech and Shoot,30600,6672587,1319
2026-02-15,UCyeoo6CDdAyYGyUvHWF0gSA,Garmin France,15300,54533153,1267
2026-02-15,UCwWgvJHw1mNRq_ry6VoPKEg,Yada,383000,42990994,537
2026-02-15,UCxpT79bmhxk50l8P50WG86w,Discoverdex,78500,24169226,477
2026-02-15,UCuE3ei3NOnVjQUefjHUCF5Q,DiscoverID,377000,51982334,531
2026-02-15,UCz6PEeVLG1TL6jMRTvSLm4g,Matt Talks Tech,783000,108701609,1515
2026-02-15,UCv8L8SztjsNYT4FpX8g5ATw,INFOMAX Paris,10200,7573475,341
2026-02-16,UC7sFrgyGelEr6eny6_PsGXQ,Tom's Guide France,40200,45874760,488
2026-02-16,UCB0ffaItcXwkgbVu8Hvq3Tw,QUENTIN,224000,43403452,1304
2026-02-16,UCC5xS4j2xUyGO2UfjFh5LsQ,Nooz,14700,2703218,619
2026-02-16,UC7rdUip5Q8R7Ki1haNbdwwg,SoloTech,254000,35254799,628
2026-02-16,UC-g0NspJGvPdg_x7XIBNkNg,The Viewing Angle en Français,317,64542,22
2026-02-16,UC70eSjnRIGvRLCzT6K0SQSg,Device FR,1990,716226,908
2026-02-16,UC-2f97m_1UGWDogGudJcVJg,OtaXou,29300,3468817,368
2026-02-16,UC4vD_Spv_zjcmyfHpnAwBNA,Ixar.,15700,2475680,186
2026-02-16,UC1ndVn8sa4oTbW09P5ICOog,amazing mac TV,66100,18532774,1430
2026-02-16,UC66ysWRFWfg-V5RhnQN4wFg,Gadget Evolution,64100,7616720,80
2026-02-16,UCB32y6dm508Hap4_Mn-ZnHQ,Presse-citron,91300,25768036,1441
2026-02-16,UC1N4EIilrmXhTEdu3h7tpPg,iPhone page,1040,186069,268
2026-02-16,UC6joDErOGcFJC1vHNSfsYQg,01net,136000,48554937,1815
2026-02-16,UC69gruQfEHEQ4Qme0liJOdw,Ludo Tech,1790,803545,198
2026-02-16,UCDY3WI0HqdzNADtE6B-BmUw,MrG Tech,185000,28766230,582
2026-02-16,UC5HtcZa4-moyfy6NTY7GHwA,TECHNO 24,485,211980,552
2026-02-16,UC3aPRnneybmQcbEK-X-Qptg,GLG reviews,378000,32866008,1688
2026-02-16,UCBqYyDusSFntU7k2UnFGsBA,Giga Content,24800,5185544,817
2026-02-16,UC65OszX3C9oYfNLU5AWjwYg,Aaron,2980,301516,32
2026-02-16,UCCM6zpvTcgXeNqLmQ9swugQ,Selectos Lifestyle,13000,4526166,196
2026-02-16,UCCUlTcDhcn72O8TiNfFJWWA,GLG video (JT Geek),70700,20288540,3359
2026-02-16,UC-pdFydi9ooxEfATh3KoiIw,STEVEN,1100000,196892852,1508
2026-02-16,UC2HXhqg87yIWz152Ig9vkaQ,Tout Techno,32200,7143708,246
2026-02-16,UCA25ZdZZF5XE6ihPE5pwfnw,Materiel.net,31800,12837949,575
2026-02-16,UC2lMzO7HzJ_jamFT762vfwA,Jon Rettinger en Français,337,61851,36
2026-02-16,UC69qClfvKeB9WeyySg5iQrQ,Yohann Studio,4310,2294403,322
2026-02-16,UCA_DfRJwb5U0S4UiiH3BtUg,Jérémy Dufour,77800,14813078,993
2026-02-16,UC44qdJgVvPEaEaojOUZpp9A,Benjamin Code Plus,18600,601122,30
2026-02-16,UCAz-755tH3m8_BwaluzdJwQ,Numerama,220000,105257835,2116
2026-02-16,UC1wV5Kf18gVbL3bWH-tWKDw,Cmonavis 🇫🇷,62400,12538733,654
2026-02-16,UC08uERSqTFS3xSwXKMLrUVg,TECH TITANS,35500,10774708,243
2026-02-16,UCAicNsMAZgbqPr_0QsnI1PA,Cobra.fr,6400,6947791,2144
2026-02-16,UC0V8fUv0DB5Tq7uHdG7ixyw,W38,140000,61585772,1920
2026-02-16,UC4q3HKdMqzll3SvA2Lf7oAg,Thomas in Tech,73200,21392557,958
2026-02-16,UCDvCJx3pU8N-23ilB6tNMlg,mister gadget,4340,1620152,733
2026-02-16,UC0AFqXyYs1z2Dxx5jtQBicQ,SkinnZer,44700,3625759,288
2026-02-16,UC3-dl8nKItitMxM9DNTDAfQ,Kang et ses PC,106000,27498710,143
2026-02-16,UC3CBQLyxiC35oxJPoufLnMQ,Gizmo Rush,73200,172313736,1207
2026-02-16,UCDfGCQqgOKPYeiaG3I4vl4w,Marty,110000,22601067,884
2026-02-16,UCDBYphtxNDXGQe5eyHYZ6Fw,GUILLAUME,498000,65936751,882
2026-02-16,UC6jfhJWEAfako0XlKnA2UGQ,Timena TechGeek,64200,11474644,1014
2026-02-16,UC1F5QJFXcu1evMkYyXRGoaw,LoKan Sardari - Studio,12200,1498101,676
2026-02-16,UC0xLruy2ZFFpxR6ODgnhJXA,GadgetRevNow,160000,84708888,1193
2026-02-16,UC2XmvTlziz2LSXd_QKBwf8Q,Espritnewgen,71900,21807081,2956
2026-02-16,UCAOjk3Po21_t7L1MDHQ4-Og,FNK Hardware,249000,43268435,1239
2026-02-16,UCE4qu22kCO225a91eERbxvA,Vivo Tech,13,8597,462
2026-02-16,UC0Cgi1uK0MWB5V_VtKkvi8g,La Geek News,3820,754884,164
2026-02-16,UC7XxmEXw7wXgh259vYCSjkQ,Cmonavis 2 🇫🇷,10200,1276046,210
2026-02-16,UCBOGe_x7aqQV4Ly5Rfa4iow,Les Tests de Cyril,31400,2637220,455
2026-02-16,UC1WIj7YGywcVoRLS0zZu2RQ,TechDams,5380,1760705,22
2026-02-16,UCOCoKBUmALR6d7UW_s5zgrA,Arnaud C.,106000,6967632,314
2026-02-16,UCQZa27_VXLUowoMsYo6Y0Dw,bazze tv,23100,3232079,268
2026-02-16,UCN6zUULSoitsLJB03jh_I0A,Le Futurologue,30100,2940098,306
2026-02-16,UCGkFwY0mGku1M9_6M_NQ7Ig,Kylian Le Bris,3400,1704424,71
2026-02-16,UCJLKCYMkCbOW9wzmeUj8dwQ,MEHDI’N TECH,59700,3245675,132
2026-02-16,UCNzUonmxxvG-HIqOC3S7Thw,VAC - Vulgarisateur Apple et compagnie,78600,1545888,231
2026-02-16,UCHGvOgxAA_MFOH1yyhjcR-Q,ArtBen,327000,38240503,266
2026-02-16,UCJ4p_F-vCnEn5V5OtFN8Q3w,FrenchMakito,32700,3596794,99
2026-02-16,UCIorGsaWVmlkpNsngTQPDAg,Clubic,31600,10016242,1439
2026-02-16,UCQvNFAufGf8mtN2_L8thysg,Journal du Geek,66400,31776229,2506
2026-02-16,UCNWE4ouC-BxzJ-Lomuuqb1Q,Isma(ël),4480,309731,45
2026-02-16,UCOaX4zvPzmv0eBbUWOOOB_A,TopAchat,102000,19050676,699
2026-02-16,UCPQsSFJurluaMOG1qL0Y7sA,PP World,448000,77953903,1038
2026-02-16,UCFWds3GTyhvWpSF308RC1Eg,PcComponentesFR,639,248466,124
2026-02-16,UCIaNSaws_Wv_eoUAmDbUK-Q,MT High Tech Deal's,2830,246367,71
2026-02-16,UCLOAPb7ATQUs_nDs9ViLcMw,Benjamin Code,155000,13856706,382
2026-02-16,UCH6ppHEvV3_WIXEwmhv9HEg,Deus Ex Silicium,408000,28056718,140
2026-02-16,UCPLnJmNrlcQzyi8QAP_dhJA,Dariusz Tech,126000,118584037,829
2026-02-16,UCGjKSSIpN7aYQluu04kPrsA,Brandon Le Proktor,308000,45011338,405
2026-02-16,UCOtM8pxxBIfwqu6e8mHgUEQ,TheiMika,12800,3589102,121
2026-02-16,UCQigF3tZJJlt6o1_tkYKkNQ,KAPPA Studio,232000,58755687,126
2026-02-16,UCNiauGTV7XhkOpUAIXod4xA,Léo Duff,805000,63966450,319
2026-02-16,UCQsb5TqYUeGWGpJFr8DMWsQ,ANONIMAL,613000,71341915,298
2026-02-16,UCOm_kuKVb4ImX_DHpIgX_zg,Skinn's Tech Deals,1980,73775,18
2026-02-16,UCHgZ3SrY7FhB0KjFki50fEQ,Gabinks,1150,313113,151
2026-02-16,UCQwe6dSfilWUgNbgQ3NCQNg,C mon point de vue,3550,900804,62
2026-02-16,UCMWWgqykXE5exHk60TCZ-bw,Yukio_Clyks,27400,7458328,432
2026-02-16,UCHJb6-VCrzQqVQASN23OskQ,Jigfio Ti Super,19200,952462,69
2026-02-16,UCP5-zNhWXk_LUPIJpxtrTnQ,Cowcotland,52600,23541299,4264
2026-02-16,UCJPa4sr9B_mLjShfHhWi8yg,TECnaiche,13500,4681655,403
2026-02-16,UCKkFotHwcyYF1cn8sFcKvqw,MacGeneration,4910,4670849,582
2026-02-16,UCJ3MlRSjtv2sT-rIDsFg0fw,Sam_VNR,4970,330292,65
2026-02-16,UCFrfK9IFqO15S7C52DdnSog,GIGATOP,44000,15416900,1090
2026-02-16,UCPP-NkzSqMJ9ywhJkcgrpAw,Tech_Sama,214000,29408076,758
2026-02-16,UCM6kUx3GI7lTQlqMBiumaEg,technofou,43300,1925391,90
2026-02-16,UCR-4Ge4NbqILG5HTTvs_nFQ,Lysandre_lbd,12200,5411514,320
2026-02-16,UCIu36vEY96BCwfYvz5ccucg,LDLC.com,27900,7210867,365
2026-02-16,UCNOUTy_TWRJzAaSfIGserkg,Nowtech Replay (Le Mug Nowtech),5400,812985,511
2026-02-16,UCGMxP4yf3ixAAEKQc3d76gw,Arnaud,6340,1835544,147
2026-02-16,UCHRVeW3Z0ttSFk6xIfGW4lA,Nicorama,157000,13924346,287
2026-02-16,UCMWAxO0xGJxELkiX5_pEJNA,Pannacophone - Smartphone & Tech,91300,11566837,137
2026-02-16,UCL3y_psKbrdZ5FZo3dvVeEQ,Pafito,15400,8354607,96
2026-02-16,UCFdQm01R6HPdMw4oa6a0Ihw,Qasim,38400,17045976,204
2026-02-16,UCJy0lX8ThZ7lCtst7JnegWQ,Jojol,2690000,612262318,2122
2026-02-16,UCO14QTmfRbe9j9PTJsAhtLQ,PΔX,89200,12846124,501
2026-02-16,UCQSA6pCffm7epqxFqouL0Xg,Mathis et Gauthier,193000,33522388,440
2026-02-16,UCOyUCj6Wx9skJggzZFUDZyA,Unlock Talk,20400,2427563,367
2026-02-16,UCMc7IaTDRDtxftK9v0aXVqA,Yada 2.0,112000,16720155,206
2026-02-16,UCMwkAK-lhEeLld9xLiyKLMg,Captain Grochat,24800,2247925,109
2026-02-16,UCEPqgSzHj7vlJj5pGX9dDdA,Gilo & Alex,2320,131781,40
2026-02-16,UCUltPy138RvnbWX_FuUHtDA,MT High-Tech,22100,2925131,317
2026-02-16,UCSGjkErS7A6LPBjESg56p7g,Tech Shorts,31900,11809169,198
2026-02-16,UCWedHS9qKebauVIK2J7383g,Underscore_,920000,114978685,201
2026-02-16,UCTmHRe6W96WgYlUNxcokpVQ,Fitfitzone,1270,178575,18
2026-02-16,UCaybrunQi8xWgPMgv1AYBHw,TheiCollection,1000000,219697500,1288
2026-02-16,UCa8Leo9o5Nnb-Cc1sWfT2HQ,MobileAddict,300000,44134869,420
2026-02-16,UCagQpz-WZtgbSp8Ry0XQ4Yw,Victor,3170,223667,51
2026-02-16,UCSvD1S5kHsr9tvD3gDXkPkQ,Techmo,97700,54940064,302
2026-02-16,UCVrceZhsV6TRyVh3VhBFaKA,MOBICLICK,2280,1336582,204
2026-02-16,UCYU8ljh_pDcwqDMWZoJWqwA,RABBIN DES BOIS,361000,20227098,149
2026-02-16,UCSPoCan8_9ELmqEVS2hUHPA,iVax,120000,20858217,487
2026-02-16,UCVwG9JHqGLfEO-4TkF-lf2g,Nowtech,441000,73237135,901
2026-02-16,UCb6bgt9GlMWk-gKrLLfXFLw,Julien Hick,11000,3283551,361
2026-02-16,UCYmw-Y8TnRzO4COTBKEgUGg,Les Dénicheurs,20700,5923835,2992
2026-02-16,UC_dzE9mydhQuQ0NwmXByDtA,André Martin,388000,56130710,993
2026-02-16,UCUclUivgBePqnqDGQ3Jzu2Q,TOUKIWANTI,126000,21979793,852
2026-02-16,UCTER7XOnDvSRbI2YxikLaVw,RTBF iXPé,262000,92366890,2472
2026-02-16,UCURjynFkZicGPbIIaWO9vmQ,Benji TV,60900,14522894,251
2026-02-16,UCZEdNvDcHUPEE7CDRpXnO6w,Cyril | Ctrl Bu,6010,860233,161
2026-02-16,UCTE6xlfjGhlJ3pLVsg85-AQ,Amazon Promo Tech,1330,76555,517
2026-02-16,UCaysddji-z_Za5b6EMmcc3g,Bien Chez Soi,52700,32710124,3003
2026-02-16,UCWzO_6sTx_tzEi0pU_3L5dA,Kizuna Horizon,185,68221,11
2026-02-16,UCX4A8obrGg1iX37R-fyBJ6w,Monde Tech,722,144258,140
2026-02-16,UCR3uoYsbRO_S0wg2DaSlb8g,Wondershare Français,99600,15964617,1296
2026-02-16,UCU8_onYYhNxwGUB3hA34C4Q,FrenchHardware,843000,169380693,942
2026-02-16,UCYnvxJ-PKiGXo_tYXpWAC-w,Micode,1840000,122539768,85
2026-02-16,UCZ5qxuvquQABNtjcawNMowA,DaddyFamtech,124000,13613560,1424
2026-02-16,UCSYFVeBI66YqDhGrYKxiCUQ,Georges,2400,173838,42
2026-02-16,UCT9QoBXRO1_z1f-Ud97RxPg,Norizon,320,26544,20
2026-02-16,UCXJ_vW2t0W5hY9hS8ePnpzw,Back Market France,22000,161536731,199
2026-02-16,UCbwE_k9zALnzZRvkoyDhuzw,Jojo Le Geek,165000,25376454,593
2026-02-16,UCUT9pQQGw4ZEpv5hqrv-bZw,TonyTech,94100,11778681,759
2026-02-16,UCRI5foOTNz6DuVz3SVQ1cMA,Tao Gassin,14800,1138125,54
2026-02-16,UCTG26Ngiphy9TCOejxGfShQ,R-Tech,132,99257,61
2026-02-16,UCTKa4DGeCFeThot6rcRqNow,TechnoïdFR,21900,5477402,1725
2026-02-16,UCU_a5aoj_HzTMohx0JG_Z4A,GUILLAUME++,101000,9732157,299
2026-02-16,UCUD3E77YRTGK3yPSDB6Kq5Q,Monsport06,193000,13196866,509
2026-02-16,UCRhyS_ylPQ5GWBl1lK92ftA,Léo - TechMaker,2210000,378145479,1535
2026-02-16,UCSGT2_DuhiJ1uV9dpRbXxug,Kulture ChroniK,167000,26231443,863
2026-02-16,UCYWJ5aXwE7vyN-qtDT3uR4w,Top For Phone,148000,47128021,1643
2026-02-16,UCUaHJ0fTA-1theR8A8Polmw,BFM Tech,574000,232470137,8352
2026-02-16,UCc7giV0qHsCNbhjV3_ZJ22w,Paul - Nakryum,107000,16279666,586
2026-02-16,UCUbwQOAmLdZ9zPOOPFt25zQ,YanNick TECH,67800,17451729,1331
2026-02-16,UCaHolOYkfcTdC0vTFAywzXw,LoKan Sardari,88100,18468994,984
2026-02-16,UCTOAKgwfqqCbOytF3RNGGVw,Monsieur GRrr,724000,147661100,1989
2026-02-16,UCZsEJw8rwd0RWAga5dulOpg,Bon Plan High Tech,13700,4580267,344
2026-02-16,UCUanZckNyJODHBdqtMzYMpA,ORLM.tv / On refait le Mac,54800,13456988,1482
2026-02-16,UCb0sWM7tMRaEgn_hpptqnxA,Mon iPad & Moi,754,40886,29
2026-02-16,UCbqjtNeW9vbz6_gwOW5PybQ,KYIO,11400,5152737,401
2026-02-16,UC_FckuJiPXwA_nOEIoTsRZg,Fabien captain virtuality,12800,1802828,181
2026-02-16,UClXUBKUsEdXpSl4mOr3Q3jw,Binbin Tech,14000,1613529,58
2026-02-16,UCiR9chjo9kIFMsCXgspFxqg,Braindegeek,75000,47565742,802
2026-02-16,UCkS6jlQ4RJTCdkzVCU2-FSQ,GeekEtc,21800,6354281,642
2026-02-16,UCfLyhjpn3hzleNtgTGOQimA,Romain PIAUD,31900,7727303,591
2026-02-16,UCrSCIeCW1YuEviVZPVhEfGQ,Dorian GM,30200,6065310,272
2026-02-16,UCgjhIdz3Uw9r-eMyML9M8FA,PIKATE,12200,1255214,123
2026-02-16,UCeFfhz1vsSxxJY26VZHw19w,Selectos Tech,117000,31789945,597
2026-02-16,UCfwLCsZhix155PAoFTBb-oQ,Mac4Ever,161000,53346611,1973
2026-02-16,UChFaUrD7t1JQ0w7rObWhIRA,Millomaker,438000,54149084,86
2026-02-16,UCpt_q94CBCYar_Gmkb9G_aA,Tenorshare 4DDiG Français,24400,7683498,255
2026-02-16,UCqiGrF_OdWHHOs-eFe8O-ZA,Goli Tech,20,11503,481
2026-02-16,UCpFq62uOig4n9jT3luIYUDQ,VZX,23000,9474795,147
2026-02-16,UCdSUuErbgIIfHCezyiXDCtQ,Guid0matic,14700,7159404,2870
2026-02-16,UCqC_p9Kw9pnvLvzr701beSg,Olivier Schmitt,178000,15312263,284
2026-02-16,UCoJ4gzwVvGNH5GNqiJoQAAA,Alex Reframe,131000,25046057,645
2026-02-16,UCeXhsPdO6bRK7ZycOeFdD8A,iTechNews,289000,2666910,80
2026-02-16,UCe7aMEBJH_sGJMCXWLCzeSA,TheFunTouch,1690,932572,170
2026-02-16,UCdqC1GnhKs3aQw6j62uOvUw,Mister Perrier,57100,5079322,364
2026-02-16,UCnnYqSNKKygemgmxC9PyLTw,Ludo Salenne,258000,16861277,425
2026-02-16,UCchpwieM3DswmDEnJ0MRq1A,Romain Lanéry,1050000,206040285,1690
2026-02-16,UCgoxc-VKU0cw9BcM9z_qokg,Frandroid,595000,200925213,2771
2026-02-16,UCptwuAv0XQHo1OQUSaO6NHw,Max Tech,1250000,448674303,2071
2026-02-16,UCfkiE_eKqeVWE0XhMNBMFdA,InfiniT,192,51803,159
2026-02-16,UCqRSWOqkW_oelrdUN7KQ-aQ,Les Numériques,154000,64684596,3037
2026-02-16,UCe7R7Pt-bxNT7EE83NLsmFQ,Avis Express - Testeur High-Tech,273000,57971955,1706
2026-02-16,UCrs2S-Ilj6R6qhhXCiV5hsQ,Tech Live,18400,3170465,254
2026-02-16,UCpaI1FRY8EGK6mEAL7Wfr9w,Yosheez,130000,58853603,862
2026-02-16,UCo2fYdtvhyXW38WiLW_yg0Q,Charles Bolduc,1930,340045,172
2026-02-16,UCfQxUIhFxt59kj0hK53rZGg,"nakan.ch, sport et technologies",28600,5783868,416
2026-02-16,UCr7ZVUNJ9KyYD92xqfinGsQ,Jimtek,16200,1385097,137
2026-02-16,UClnRNkdVq24iwIbc1O-hjlw,Yensing,21100,1292467,20
2026-02-16,UCgWvhceGENT-dKBlgodnomQ,Les perdus Du numérique,12500,4140595,1987
2026-02-16,UCdTrm2PZ7Wwa7xF-LbGP0dQ,Le Showroom de l'Image et du Son,15400,14841863,2817
2026-02-16,UCmUm6tw3Gz8dftSDy7Eep3A,Stéphane (Biggy Tech),34900,2963170,793
2026-02-16,UCrGUPAX1w87ckAxUwu8JtOA,Team VRY,11500,6053668,420
2026-02-16,UCnJAGhDDEPdvY2g4ipf9PMQ,Elliott Pierret,87700,5579773,169
2026-02-16,UCfbwndxvM8tOtxN_GqU1R3Q,Lorenzo-high-tech,29300,4526242,962
2026-02-16,UCeUxAQ2j3OETAApTvBj5Scw,MoMo App,737000,46115430,911
2026-02-16,UCm3QK_QNta9Mue2Q70gtzVw,Android plus,2670,459557,438
2026-02-16,UCf-DN6QjyyEbhuMWCoXdXQQ,Phonandroid,144000,26511720,840
2026-02-16,UClQPWod8Gjgw7i51t7PYibQ,Sélection Futée,2260,217338,378
2026-02-16,UCrsiHZzr4IjuSjnvPy5rVUQ,Daddy Dtech,114000,12338684,404
2026-02-16,UCfc0cRoo8yYOzeuS89zpN-Q,Québec Test,302000,34837788,510
2026-02-16,UCpSRz-eAoiSW5kaHpI_3LjA,JOLI TECH,19,17715,492
2026-02-16,UCkQI4PEJfOY37DU_WLLzc5w,Dell Technologies France,2480,50754962,324
2026-02-16,UCqHcg3sjPv2mcGqL1B60bew,"Dbc iPhone, iPad, MacBook",32400,24018302,454
2026-02-16,UCrAiXFptzDmgQA6gUCOz9RQ,Meta Perso,14700,1091078,49
2026-02-16,UCflWJq4cTuofmM-0G-GMUNQ,conseilguide,19200,6723716,1283
2026-02-16,UCrHCRJPuJJcINMMEETEYt4g,Le Petit Comparateur,16200,5748573,737
2026-02-16,UChSBt06I1fa5FlDjbB0fChg,BenBraTeK,9590,1568027,60
2026-02-16,UCz6PEeVLG1TL6jMRTvSLm4g,Matt Talks Tech,783000,108850157,1517
2026-02-16,UCssuk5-zaZn9vt0_HNj-Hug,VERBOZZ,474000,60843526,284
2026-02-16,UCyeoo6CDdAyYGyUvHWF0gSA,Garmin France,15300,54743587,1267
2026-02-16,UCuJtgmGNF_PvicQkf88t-5g,ChristoTech,314000,33394618,1397
2026-02-16,UCzICpbabqKwBTpb9XlWerjA,PassTech TV,681,127378,14
2026-02-16,UCrwtkeoBxPfhyde5eesmvyA,CieloTech,12700,14656247,220
2026-02-16,UCt3bV9VvoCrXILlR1Z6kGmQ,Rémi Lou,135000,81768894,1195
2026-02-16,UCySZIa8Y4e6aSVg4CISXAOA,Mathieu Dos Santos,24600,4140252,1126
2026-02-16,UCtPzJInyqqt__Tn0EaUlaAw,Science Gaming,418000,396824737,1312
2026-02-16,UCuE3ei3NOnVjQUefjHUCF5Q,DiscoverID,377000,51987144,531
2026-02-16,UCz-hlzLKQ__1nKXarSedtQA,HardwareFRA,33800,7114770,752
2026-02-16,UCv8L8SztjsNYT4FpX8g5ATw,INFOMAX Paris,10200,7584885,341
2026-02-16,UCwZsbPUXohCN867pQzioGLw,Nicolas Barbet,15500,5739263,353
2026-02-16,UCwsQtHFlS-LKVn8xJ3TaupQ,Monsieur Pixel,10100,1251224,223
2026-02-16,UCvTqrD4wJGkFBwr8v6dO-Wg,Miennu Core,395,188343,37
2026-02-16,UCsKrhME6clyYbibb4nzvgMA,Leasi,6,3726,42
2026-02-16,UCxej0ZiLbbeVrz3XQZjj-MA,Huawei Mobile France,27700,43716099,120
2026-02-16,UCzxT0liRKM_xXnFYRZGiFHA,Acta - Swipe!,1120,257670,138
2026-02-16,UCuDNiVxL-Zfw0CBVQ4oOr8w,DealSmart FR,218,32458,24
2026-02-16,UCxpT79bmhxk50l8P50WG86w,Discoverdex,78600,24186334,477
2026-02-16,UCs7Jg5KBsgiova4CrseuwIw,TheGrandTest,325000,45472928,1879
2026-02-16,UCxnikUCVJLsD4GTbujlnmlQ,Comparatif Mobile,196,29777,252
2026-02-16,UCu6HC8ahaPWqqfSvic7nWyQ,Nightech,141000,35037557,516
2026-02-16,UCtmEbUFh18ZmtObT78ix9Yw,Tech and Shoot,30600,6676900,1320
2026-02-16,UCwWgvJHw1mNRq_ry6VoPKEg,Yada,383000,43015795,537
2026-02-17,UC2XmvTlziz2LSXd_QKBwf8Q,Espritnewgen,71900,21811809,2956
2026-02-17,UC6jfhJWEAfako0XlKnA2UGQ,Timena TechGeek,64300,11477004,1014
2026-02-17,UC1WIj7YGywcVoRLS0zZu2RQ,TechDams,5380,1763722,22
2026-02-17,UC4q3HKdMqzll3SvA2Lf7oAg,Thomas in Tech,73200,21412326,959
2026-02-17,UC7rdUip5Q8R7Ki1haNbdwwg,SoloTech,254000,35259121,628
2026-02-17,UC-g0NspJGvPdg_x7XIBNkNg,The Viewing Angle en Français,318,64851,22
2026-02-17,UCDfGCQqgOKPYeiaG3I4vl4w,Marty,110000,22606983,885
2026-02-17,UC08uERSqTFS3xSwXKMLrUVg,TECH TITANS,35600,10817539,243
2026-02-17,UCBqYyDusSFntU7k2UnFGsBA,Giga Content,24800,5193275,818
2026-02-17,UC3-dl8nKItitMxM9DNTDAfQ,Kang et ses PC,106000,27532152,143
2026-02-17,UCB0ffaItcXwkgbVu8Hvq3Tw,QUENTIN,224000,43408910,1304
2026-02-17,UC7XxmEXw7wXgh259vYCSjkQ,Cmonavis 2 🇫🇷,10200,1277616,210
2026-02-17,UC3aPRnneybmQcbEK-X-Qptg,GLG reviews,380000,32892785,1688
2026-02-17,UC4vD_Spv_zjcmyfHpnAwBNA,Ixar.,15700,2478892,187
2026-02-17,UC1N4EIilrmXhTEdu3h7tpPg,iPhone page,1040,186526,269
2026-02-17,UCDY3WI0HqdzNADtE6B-BmUw,MrG Tech,185000,28768849,582
2026-02-17,UC65OszX3C9oYfNLU5AWjwYg,Aaron,2990,301789,32
2026-02-17,UC44qdJgVvPEaEaojOUZpp9A,Benjamin Code Plus,18800,615747,31
2026-02-17,UC69gruQfEHEQ4Qme0liJOdw,Ludo Tech,1790,805100,199
2026-02-17,UC5HtcZa4-moyfy6NTY7GHwA,TECHNO 24,486,212162,552
2026-02-17,UCB32y6dm508Hap4_Mn-ZnHQ,Presse-citron,91300,25773870,1441
2026-02-17,UCA_DfRJwb5U0S4UiiH3BtUg,Jérémy Dufour,77800,14828789,993
2026-02-17,UCDBYphtxNDXGQe5eyHYZ6Fw,GUILLAUME,498000,65952312,882
2026-02-17,UC1ndVn8sa4oTbW09P5ICOog,amazing mac TV,66100,18534838,1430
2026-02-17,UCAicNsMAZgbqPr_0QsnI1PA,Cobra.fr,6390,6948627,2146
2026-02-17,UC0xLruy2ZFFpxR6ODgnhJXA,GadgetRevNow,160000,84897855,1196
2026-02-17,UCC5xS4j2xUyGO2UfjFh5LsQ,Nooz,14700,2713082,619
2026-02-17,UC0V8fUv0DB5Tq7uHdG7ixyw,W38,140000,61585946,1920
2026-02-17,UC0Cgi1uK0MWB5V_VtKkvi8g,La Geek News,3820,755700,164
2026-02-17,UC66ysWRFWfg-V5RhnQN4wFg,Gadget Evolution,64900,7692687,80
2026-02-17,UCA25ZdZZF5XE6ihPE5pwfnw,Materiel.net,31800,12855488,575
2026-02-17,UC70eSjnRIGvRLCzT6K0SQSg,Device FR,1990,719040,911
2026-02-17,UCAz-755tH3m8_BwaluzdJwQ,Numerama,220000,105300179,2120
2026-02-17,UC2lMzO7HzJ_jamFT762vfwA,Jon Rettinger en Français,338,62048,36
2026-02-17,UC1F5QJFXcu1evMkYyXRGoaw,LoKan Sardari - Studio,12200,1499063,676
2026-02-17,UC0AFqXyYs1z2Dxx5jtQBicQ,SkinnZer,44700,3626032,288
2026-02-17,UC1wV5Kf18gVbL3bWH-tWKDw,Cmonavis 🇫🇷,62500,12543262,654
2026-02-17,UCDvCJx3pU8N-23ilB6tNMlg,mister gadget,4340,1621241,733
2026-02-17,UC3CBQLyxiC35oxJPoufLnMQ,Gizmo Rush,73400,172865023,1210
2026-02-17,UCCM6zpvTcgXeNqLmQ9swugQ,Selectos Lifestyle,13000,4527690,196
2026-02-17,UCAOjk3Po21_t7L1MDHQ4-Og,FNK Hardware,249000,43276315,1239
2026-02-17,UC2HXhqg87yIWz152Ig9vkaQ,Tout Techno,32200,7150859,246
2026-02-17,UC-pdFydi9ooxEfATh3KoiIw,STEVEN,1100000,196915456,1508
2026-02-17,UC69qClfvKeB9WeyySg5iQrQ,Yohann Studio,4320,2295465,322
2026-02-17,UCE4qu22kCO225a91eERbxvA,Vivo Tech,13,8679,465
2026-02-17,UCCUlTcDhcn72O8TiNfFJWWA,GLG video (JT Geek),70700,20289751,3360
2026-02-17,UC6joDErOGcFJC1vHNSfsYQg,01net,136000,48560498,1816
2026-02-17,UCBOGe_x7aqQV4Ly5Rfa4iow,Les Tests de Cyril,31400,2639611,455
2026-02-17,UC7sFrgyGelEr6eny6_PsGXQ,Tom's Guide France,40200,45875400,488
2026-02-17,UC-2f97m_1UGWDogGudJcVJg,OtaXou,29300,3471107,368
2026-02-17,UCPP-NkzSqMJ9ywhJkcgrpAw,Tech_Sama,214000,29411835,758
2026-02-17,UCO14QTmfRbe9j9PTJsAhtLQ,PΔX,89200,12850509,501
2026-02-17,UCHGvOgxAA_MFOH1yyhjcR-Q,ArtBen,327000,38244201,266
2026-02-17,UCFdQm01R6HPdMw4oa6a0Ihw,Qasim,38400,17055049,204
2026-02-17,UCR-4Ge4NbqILG5HTTvs_nFQ,Lysandre_lbd,12200,5416119,320
2026-02-17,UCH6ppHEvV3_WIXEwmhv9HEg,Deus Ex Silicium,408000,28059758,140
2026-02-17,UCOm_kuKVb4ImX_DHpIgX_zg,Skinn's Tech Deals,1980,73947,18
2026-02-17,UCGMxP4yf3ixAAEKQc3d76gw,Arnaud,6350,1838794,147
2026-02-17,UCGjKSSIpN7aYQluu04kPrsA,Brandon Le Proktor,308000,45021074,405
2026-02-17,UCPQsSFJurluaMOG1qL0Y7sA,PP World,448000,77967518,1039
2026-02-17,UCJ3MlRSjtv2sT-rIDsFg0fw,Sam_VNR,4980,332431,65
2026-02-17,UCIaNSaws_Wv_eoUAmDbUK-Q,MT High Tech Deal's,2830,246404,71
2026-02-17,UCN6zUULSoitsLJB03jh_I0A,Le Futurologue,30300,2956054,307
2026-02-17,UCMWAxO0xGJxELkiX5_pEJNA,Pannacophone - Smartphone & Tech,91300,11571741,137
2026-02-17,UCHJb6-VCrzQqVQASN23OskQ,Jigfio Ti Super,19200,954337,69
2026-02-17,UCQigF3tZJJlt6o1_tkYKkNQ,KAPPA Studio,232000,58808450,126
2026-02-17,UCKkFotHwcyYF1cn8sFcKvqw,MacGeneration,4910,4673655,584
2026-02-17,UCOtM8pxxBIfwqu6e8mHgUEQ,TheiMika,12800,3589424,121
2026-02-17,UCIu36vEY96BCwfYvz5ccucg,LDLC.com,27900,7211036,365
2026-02-17,UCJPa4sr9B_mLjShfHhWi8yg,TECnaiche,13600,4684948,403
2026-02-17,UCHgZ3SrY7FhB0KjFki50fEQ,Gabinks,1160,315999,152
2026-02-17,UCJ4p_F-vCnEn5V5OtFN8Q3w,FrenchMakito,32700,3598483,99
2026-02-17,UCOyUCj6Wx9skJggzZFUDZyA,Unlock Talk,20400,2430991,368
2026-02-17,UCNWE4ouC-BxzJ-Lomuuqb1Q,Isma(ël),4480,310315,45
2026-02-17,UCOCoKBUmALR6d7UW_s5zgrA,Arnaud C.,106000,6971059,315
2026-02-17,UCNOUTy_TWRJzAaSfIGserkg,Nowtech Replay (Le Mug Nowtech),5400,813184,511
2026-02-17,UCFWds3GTyhvWpSF308RC1Eg,PcComponentesFR,644,248784,125
2026-02-17,UCM6kUx3GI7lTQlqMBiumaEg,technofou,43300,1925505,90
2026-02-17,UCQwe6dSfilWUgNbgQ3NCQNg,C mon point de vue,3560,901084,62
2026-02-17,UCGkFwY0mGku1M9_6M_NQ7Ig,Kylian Le Bris,3460,1730199,72
2026-02-17,UCLOAPb7ATQUs_nDs9ViLcMw,Benjamin Code,155000,13858587,382
2026-02-17,UCMc7IaTDRDtxftK9v0aXVqA,Yada 2.0,112000,16727637,206
2026-02-17,UCMWWgqykXE5exHk60TCZ-bw,Yukio_Clyks,27400,7461663,432
2026-02-17,UCL3y_psKbrdZ5FZo3dvVeEQ,Pafito,15400,8366037,96
2026-02-17,UCQsb5TqYUeGWGpJFr8DMWsQ,ANONIMAL,613000,71343632,298
2026-02-17,UCIorGsaWVmlkpNsngTQPDAg,Clubic,31600,10021771,1440
2026-02-17,UCHRVeW3Z0ttSFk6xIfGW4lA,Nicorama,158000,13934314,287
2026-02-17,UCQZa27_VXLUowoMsYo6Y0Dw,bazze tv,23200,3235545,269
2026-02-17,UCP5-zNhWXk_LUPIJpxtrTnQ,Cowcotland,52600,23543347,4265
2026-02-17,UCOaX4zvPzmv0eBbUWOOOB_A,TopAchat,102000,19080559,700
2026-02-17,UCJy0lX8ThZ7lCtst7JnegWQ,Jojol,2690000,612369571,2122
2026-02-17,UCEPqgSzHj7vlJj5pGX9dDdA,Gilo & Alex,2320,131894,40
2026-02-17,UCFrfK9IFqO15S7C52DdnSog,GIGATOP,44000,15431709,1092
2026-02-17,UCMwkAK-lhEeLld9xLiyKLMg,Captain Grochat,24800,2270441,109
2026-02-17,UCPLnJmNrlcQzyi8QAP_dhJA,Dariusz Tech,126000,118775020,829
2026-02-17,UCNzUonmxxvG-HIqOC3S7Thw,VAC - Vulgarisateur Apple et compagnie,78800,1547368,230
2026-02-17,UCJLKCYMkCbOW9wzmeUj8dwQ,MEHDI’N TECH,59700,3246665,132
2026-02-17,UCQSA6pCffm7epqxFqouL0Xg,Mathis et Gauthier,193000,33531803,440
2026-02-17,UCQvNFAufGf8mtN2_L8thysg,Journal du Geek,66400,31779648,2507
2026-02-17,UCNiauGTV7XhkOpUAIXod4xA,Léo Duff,805000,63972385,319
2026-02-17,UCU_a5aoj_HzTMohx0JG_Z4A,GUILLAUME++,101000,9734586,300
2026-02-17,UCYU8ljh_pDcwqDMWZoJWqwA,RABBIN DES BOIS,361000,20227667,149
2026-02-17,UCUaHJ0fTA-1theR8A8Polmw,BFM Tech,574000,232484593,8352
2026-02-17,UCSGjkErS7A6LPBjESg56p7g,Tech Shorts,31900,11814600,199
2026-02-17,UCXJ_vW2t0W5hY9hS8ePnpzw,Back Market France,22000,161538075,199
2026-02-17,UCa8Leo9o5Nnb-Cc1sWfT2HQ,MobileAddict,300000,44139289,420
2026-02-17,UCU8_onYYhNxwGUB3hA34C4Q,FrenchHardware,843000,169472571,943
2026-02-17,UCaysddji-z_Za5b6EMmcc3g,Bien Chez Soi,52700,32724019,3006
2026-02-17,UCagQpz-WZtgbSp8Ry0XQ4Yw,Victor,3170,224300,51
2026-02-17,UCUD3E77YRTGK3yPSDB6Kq5Q,Monsport06,193000,13200234,509
2026-02-17,UCYnvxJ-PKiGXo_tYXpWAC-w,Micode,1840000,122589829,85
2026-02-17,UCWzO_6sTx_tzEi0pU_3L5dA,Kizuna Horizon,185,68241,11
2026-02-17,UCTmHRe6W96WgYlUNxcokpVQ,Fitfitzone,1270,179460,18
2026-02-17,UCb6bgt9GlMWk-gKrLLfXFLw,Julien Hick,11000,3287101,361
2026-02-17,UCZ5qxuvquQABNtjcawNMowA,DaddyFamtech,125000,13632379,1426
2026-02-17,UCUbwQOAmLdZ9zPOOPFt25zQ,YanNick TECH,67800,17478634,1332
2026-02-17,UC_dzE9mydhQuQ0NwmXByDtA,André Martin,388000,56175260,994
2026-02-17,UCYmw-Y8TnRzO4COTBKEgUGg,Les Dénicheurs,20700,5930898,2994
2026-02-17,UCTOAKgwfqqCbOytF3RNGGVw,Monsieur GRrr,724000,147693359,1989
2026-02-17,UCbwE_k9zALnzZRvkoyDhuzw,Jojo Le Geek,165000,25380562,593
2026-02-17,UCTG26Ngiphy9TCOejxGfShQ,R-Tech,132,99722,61
2026-02-17,UCc7giV0qHsCNbhjV3_ZJ22w,Paul - Nakryum,107000,16458462,587
2026-02-17,UC_FckuJiPXwA_nOEIoTsRZg,Fabien captain virtuality,12900,1803437,181
2026-02-17,UCTE6xlfjGhlJ3pLVsg85-AQ,Amazon Promo Tech,1330,76734,517
2026-02-17,UCVrceZhsV6TRyVh3VhBFaKA,MOBICLICK,2350,1342711,205
2026-02-17,UCUclUivgBePqnqDGQ3Jzu2Q,TOUKIWANTI,126000,21997138,852
2026-02-17,UCVwG9JHqGLfEO-4TkF-lf2g,Nowtech,441000,73253771,902
2026-02-17,UCRhyS_ylPQ5GWBl1lK92ftA,Léo - TechMaker,2210000,378795566,1536
2026-02-17,UCR3uoYsbRO_S0wg2DaSlb8g,Wondershare Français,99600,15979830,1296
2026-02-17,UCZsEJw8rwd0RWAga5dulOpg,Bon Plan High Tech,13700,4581672,344
2026-02-17,UCUT9pQQGw4ZEpv5hqrv-bZw,TonyTech,94200,11786863,759
2026-02-17,UCTER7XOnDvSRbI2YxikLaVw,RTBF iXPé,262000,92442649,2474
2026-02-17,UCb0sWM7tMRaEgn_hpptqnxA,Mon iPad & Moi,762,41121,29
2026-02-17,UCZEdNvDcHUPEE7CDRpXnO6w,Cyril | Ctrl Bu,6020,862011,162
2026-02-17,UCaHolOYkfcTdC0vTFAywzXw,LoKan Sardari,88200,18484366,985
2026-02-17,UCWedHS9qKebauVIK2J7383g,Underscore_,920000,115050510,201
2026-02-17,UCbqjtNeW9vbz6_gwOW5PybQ,KYIO,11400,5166593,401
2026-02-17,UCYWJ5aXwE7vyN-qtDT3uR4w,Top For Phone,148000,47128597,1643
2026-02-17,UCTKa4DGeCFeThot6rcRqNow,TechnoïdFR,21900,5478508,1725
2026-02-17,UCUltPy138RvnbWX_FuUHtDA,MT High-Tech,22100,2926180,317
2026-02-17,UCT9QoBXRO1_z1f-Ud97RxPg,Norizon,320,26649,20
2026-02-17,UCX4A8obrGg1iX37R-fyBJ6w,Monde Tech,722,145027,141
2026-02-17,UCSPoCan8_9ELmqEVS2hUHPA,iVax,120000,20869444,487
2026-02-17,UCURjynFkZicGPbIIaWO9vmQ,Benji TV,60900,14528984,251
2026-02-17,UCUanZckNyJODHBdqtMzYMpA,ORLM.tv / On refait le Mac,54900,13465922,1485
2026-02-17,UCSYFVeBI66YqDhGrYKxiCUQ,Georges,2410,174587,42
2026-02-17,UCSGT2_DuhiJ1uV9dpRbXxug,Kulture ChroniK,167000,26256207,863
2026-02-17,UCRI5foOTNz6DuVz3SVQ1cMA,Tao Gassin,15000,1144629,54
2026-02-17,UCSvD1S5kHsr9tvD3gDXkPkQ,Techmo,97900,55123485,302
2026-02-17,UCaybrunQi8xWgPMgv1AYBHw,TheiCollection,1000000,219721869,1288
2026-02-17,UCmUm6tw3Gz8dftSDy7Eep3A,Stéphane (Biggy Tech),34900,2964023,793
2026-02-17,UClXUBKUsEdXpSl4mOr3Q3jw,Binbin Tech,14000,1615362,58
2026-02-17,UCo2fYdtvhyXW38WiLW_yg0Q,Charles Bolduc,1930,340237,172
2026-02-17,UClnRNkdVq24iwIbc1O-hjlw,Yensing,21100,1294402,20
2026-02-17,UCoJ4gzwVvGNH5GNqiJoQAAA,Alex Reframe,131000,25047653,645
2026-02-17,UCqHcg3sjPv2mcGqL1B60bew,"Dbc iPhone, iPad, MacBook",32500,24052946,456
2026-02-17,UCrGUPAX1w87ckAxUwu8JtOA,Team VRY,11500,6056283,420
2026-02-17,UCqRSWOqkW_oelrdUN7KQ-aQ,Les Numériques,155000,64711000,3037
2026-02-17,UCdTrm2PZ7Wwa7xF-LbGP0dQ,Le Showroom de l'Image et du Son,15400,14843357,2817
2026-02-17,UCe7aMEBJH_sGJMCXWLCzeSA,TheFunTouch,1690,932581,170
2026-02-17,UCnJAGhDDEPdvY2g4ipf9PMQ,Elliott Pierret,87800,5590886,169
2026-02-17,UCgWvhceGENT-dKBlgodnomQ,Les perdus Du numérique,12500,4141949,1987
2026-02-17,UCfwLCsZhix155PAoFTBb-oQ,Mac4Ever,161000,53399558,1975
2026-02-17,UClQPWod8Gjgw7i51t7PYibQ,Sélection Futée,2260,220045,379
2026-02-17,UCdqC1GnhKs3aQw6j62uOvUw,Mister Perrier,57100,5079588,364
2026-02-17,UCfQxUIhFxt59kj0hK53rZGg,"nakan.ch, sport et technologies",28700,5786642,416
2026-02-17,UCgjhIdz3Uw9r-eMyML9M8FA,PIKATE,12300,1258614,123
2026-02-17,UCeXhsPdO6bRK7ZycOeFdD8A,iTechNews,289000,2678345,80
2026-02-17,UChSBt06I1fa5FlDjbB0fChg,BenBraTeK,9600,1568932,60
2026-02-17,UCpFq62uOig4n9jT3luIYUDQ,VZX,23000,9475650,147
2026-02-17,UCkQI4PEJfOY37DU_WLLzc5w,Dell Technologies France,2480,50755001,324
2026-02-17,UCdSUuErbgIIfHCezyiXDCtQ,Guid0matic,14700,7161502,2871
2026-02-17,UCpaI1FRY8EGK6mEAL7Wfr9w,Yosheez,130000,58873349,862
2026-02-17,UCfbwndxvM8tOtxN_GqU1R3Q,Lorenzo-high-tech,29300,4529951,963
2026-02-17,UCptwuAv0XQHo1OQUSaO6NHw,Max Tech,1250000,448763047,2072
2026-02-17,UCrs2S-Ilj6R6qhhXCiV5hsQ,Tech Live,18400,3171578,254
2026-02-17,UCnnYqSNKKygemgmxC9PyLTw,Ludo Salenne,258000,16865306,425
2026-02-17,UCrAiXFptzDmgQA6gUCOz9RQ,Meta Perso,14700,1091271,49
2026-02-17,UChFaUrD7t1JQ0w7rObWhIRA,Millomaker,439000,54378477,86
2026-02-17,UCchpwieM3DswmDEnJ0MRq1A,Romain Lanéry,1050000,206075419,1691
2026-02-17,UCgoxc-VKU0cw9BcM9z_qokg,Frandroid,595000,201043535,2773
2026-02-17,UCfkiE_eKqeVWE0XhMNBMFdA,InfiniT,192,51940,159
2026-02-17,UCf-DN6QjyyEbhuMWCoXdXQQ,Phonandroid,144000,26513899,840
2026-02-17,UCrHCRJPuJJcINMMEETEYt4g,Le Petit Comparateur,16200,5751765,738
2026-02-17,UCeFfhz1vsSxxJY26VZHw19w,Selectos Tech,117000,31792189,597
2026-02-17,UCfLyhjpn3hzleNtgTGOQimA,Romain PIAUD,31900,7737644,591
2026-02-17,UCe7R7Pt-bxNT7EE83NLsmFQ,Avis Express - Testeur High-Tech,273000,57981931,1706
2026-02-17,UCiR9chjo9kIFMsCXgspFxqg,Braindegeek,75100,47600598,803
2026-02-17,UCkS6jlQ4RJTCdkzVCU2-FSQ,GeekEtc,21800,6361282,643
2026-02-17,UCeUxAQ2j3OETAApTvBj5Scw,MoMo App,738000,46125514,911
2026-02-17,UCrSCIeCW1YuEviVZPVhEfGQ,Dorian GM,30200,6080462,272
2026-02-17,UCqiGrF_OdWHHOs-eFe8O-ZA,Goli Tech,20,11589,487
2026-02-17,UCr7ZVUNJ9KyYD92xqfinGsQ,Jimtek,16200,1386966,138
2026-02-17,UCrsiHZzr4IjuSjnvPy5rVUQ,Daddy Dtech,114000,12358330,404
2026-02-17,UCqC_p9Kw9pnvLvzr701beSg,Olivier Schmitt,178000,15324461,284
2026-02-17,UCpt_q94CBCYar_Gmkb9G_aA,Tenorshare 4DDiG Français,24400,7688137,257
2026-02-17,UCm3QK_QNta9Mue2Q70gtzVw,Android plus,2670,460001,439
2026-02-17,UCflWJq4cTuofmM-0G-GMUNQ,conseilguide,19200,6726480,1284
2026-02-17,UCpSRz-eAoiSW5kaHpI_3LjA,JOLI TECH,19,17907,498
2026-02-17,UCfc0cRoo8yYOzeuS89zpN-Q,Québec Test,302000,34865386,510
2026-02-17,UCyeoo6CDdAyYGyUvHWF0gSA,Garmin France,15300,54923455,1268
2026-02-17,UCz6PEeVLG1TL6jMRTvSLm4g,Matt Talks Tech,784000,109013031,1519
2026-02-17,UCxej0ZiLbbeVrz3XQZjj-MA,Huawei Mobile France,27700,43716149,120
2026-02-17,UCxnikUCVJLsD4GTbujlnmlQ,Comparatif Mobile,197,29927,252
2026-02-17,UCuJtgmGNF_PvicQkf88t-5g,ChristoTech,314000,33398658,1397
2026-02-17,UCt3bV9VvoCrXILlR1Z6kGmQ,Rémi Lou,135000,81835973,1196
2026-02-17,UCz-hlzLKQ__1nKXarSedtQA,HardwareFRA,33800,7118697,752
2026-02-17,UCv8L8SztjsNYT4FpX8g5ATw,INFOMAX Paris,10200,7602768,342
2026-02-17,UCwWgvJHw1mNRq_ry6VoPKEg,Yada,383000,43036137,537
2026-02-17,UCvTqrD4wJGkFBwr8v6dO-Wg,Miennu Core,397,189098,38
2026-02-17,UCtmEbUFh18ZmtObT78ix9Yw,Tech and Shoot,30600,6680561,1320
2026-02-17,UCzxT0liRKM_xXnFYRZGiFHA,Acta - Swipe!,1120,257855,138
2026-02-17,UCuDNiVxL-Zfw0CBVQ4oOr8w,DealSmart FR,219,32851,25
2026-02-17,UCsKrhME6clyYbibb4nzvgMA,Leasi,6,3730,42
2026-02-17,UCtPzJInyqqt__Tn0EaUlaAw,Science Gaming,418000,397233360,1314
2026-02-17,UCySZIa8Y4e6aSVg4CISXAOA,Mathieu Dos Santos,24700,4151403,1127
2026-02-17,UCxpT79bmhxk50l8P50WG86w,Discoverdex,78600,24198252,477
2026-02-17,UCwZsbPUXohCN867pQzioGLw,Nicolas Barbet,15500,5742083,354
2026-02-17,UCs7Jg5KBsgiova4CrseuwIw,TheGrandTest,325000,45530941,1879
2026-02-17,UCssuk5-zaZn9vt0_HNj-Hug,VERBOZZ,474000,60859866,284
2026-02-17,UCzICpbabqKwBTpb9XlWerjA,PassTech TV,681,127386,14
2026-02-17,UCu6HC8ahaPWqqfSvic7nWyQ,Nightech,141000,35102444,516
2026-02-17,UCuE3ei3NOnVjQUefjHUCF5Q,DiscoverID,377000,51991228,531
2026-02-17,UCwsQtHFlS-LKVn8xJ3TaupQ,Monsieur Pixel,10100,1254747,223
2026-02-17,UCrwtkeoBxPfhyde5eesmvyA,CieloTech,12700,14720795,221
2026-02-18,UCA25ZdZZF5XE6ihPE5pwfnw,Materiel.net,31800,12887967,575
2026-02-18,UC7XxmEXw7wXgh259vYCSjkQ,Cmonavis 2 🇫🇷,10200,1278882,210
2026-02-18,UCBqYyDusSFntU7k2UnFGsBA,Giga Content,24800,5197302,819
2026-02-18,UC4vD_Spv_zjcmyfHpnAwBNA,Ixar.,15700,2484204,187
2026-02-18,UC-2f97m_1UGWDogGudJcVJg,OtaXou,29300,3473257,368
2026-02-18,UC1ndVn8sa4oTbW09P5ICOog,amazing mac TV,66100,18536506,1431
2026-02-18,UC6joDErOGcFJC1vHNSfsYQg,01net,136000,48573866,1816
2026-02-18,UCDfGCQqgOKPYeiaG3I4vl4w,Marty,110000,22612848,886
2026-02-18,UCE4qu22kCO225a91eERbxvA,Vivo Tech,13,8758,465
2026-02-18,UCBOGe_x7aqQV4Ly5Rfa4iow,Les Tests de Cyril,31400,2641613,455
2026-02-18,UC08uERSqTFS3xSwXKMLrUVg,TECH TITANS,35700,10858074,243
2026-02-18,UCB0ffaItcXwkgbVu8Hvq3Tw,QUENTIN,224000,43413114,1304
2026-02-18,UC65OszX3C9oYfNLU5AWjwYg,Aaron,2990,302025,32
2026-02-18,UC3CBQLyxiC35oxJPoufLnMQ,Gizmo Rush,73600,173340132,1214
2026-02-18,UC2lMzO7HzJ_jamFT762vfwA,Jon Rettinger en Français,338,62250,36
2026-02-18,UCAz-755tH3m8_BwaluzdJwQ,Numerama,220000,105359795,2122
2026-02-18,UCDvCJx3pU8N-23ilB6tNMlg,mister gadget,4340,1622247,733
2026-02-18,UC5HtcZa4-moyfy6NTY7GHwA,TECHNO 24,487,213435,553
2026-02-18,UCCM6zpvTcgXeNqLmQ9swugQ,Selectos Lifestyle,13000,4528874,196
2026-02-18,UC69qClfvKeB9WeyySg5iQrQ,Yohann Studio,4310,2296363,322
2026-02-18,UCAOjk3Po21_t7L1MDHQ4-Og,FNK Hardware,249000,43281991,1239
2026-02-18,UC1F5QJFXcu1evMkYyXRGoaw,LoKan Sardari - Studio,12200,1499859,676
2026-02-18,UC0V8fUv0DB5Tq7uHdG7ixyw,W38,140000,61586141,1920
2026-02-18,UC0xLruy2ZFFpxR6ODgnhJXA,GadgetRevNow,160000,85074163,1197
2026-02-18,UCAicNsMAZgbqPr_0QsnI1PA,Cobra.fr,6400,6949553,2147
2026-02-18,UC2XmvTlziz2LSXd_QKBwf8Q,Espritnewgen,71900,21815308,2956
2026-02-18,UCDBYphtxNDXGQe5eyHYZ6Fw,GUILLAUME,498000,65964875,882
2026-02-18,UC70eSjnRIGvRLCzT6K0SQSg,Device FR,2000,721766,914
2026-02-18,UC7rdUip5Q8R7Ki1haNbdwwg,SoloTech,254000,35261495,629
2026-02-18,UC4q3HKdMqzll3SvA2Lf7oAg,Thomas in Tech,73200,21429413,959
2026-02-18,UC1wV5Kf18gVbL3bWH-tWKDw,Cmonavis 🇫🇷,62500,12547202,654
2026-02-18,UC69gruQfEHEQ4Qme0liJOdw,Ludo Tech,1790,807013,199
2026-02-18,UC3-dl8nKItitMxM9DNTDAfQ,Kang et ses PC,106000,27560831,144
2026-02-18,UC0AFqXyYs1z2Dxx5jtQBicQ,SkinnZer,44700,3626276,288
2026-02-18,UCB32y6dm508Hap4_Mn-ZnHQ,Presse-citron,91300,25777984,1441
2026-02-18,UCC5xS4j2xUyGO2UfjFh5LsQ,Nooz,14700,2717879,619
2026-02-18,UC6jfhJWEAfako0XlKnA2UGQ,Timena TechGeek,64300,11478993,1014
2026-02-18,UC66ysWRFWfg-V5RhnQN4wFg,Gadget Evolution,66100,7821613,80
2026-02-18,UC3aPRnneybmQcbEK-X-Qptg,GLG reviews,381000,32925682,1688
2026-02-18,UC1WIj7YGywcVoRLS0zZu2RQ,TechDams,5390,1766615,22
2026-02-18,UC2HXhqg87yIWz152Ig9vkaQ,Tout Techno,32300,7156761,246
2026-02-18,UC0Cgi1uK0MWB5V_VtKkvi8g,La Geek News,3830,756015,164
2026-02-18,UCCUlTcDhcn72O8TiNfFJWWA,GLG video (JT Geek),70700,20290580,3359
2026-02-18,UC1N4EIilrmXhTEdu3h7tpPg,iPhone page,1040,186949,270
2026-02-18,UC-g0NspJGvPdg_x7XIBNkNg,The Viewing Angle en Français,318,65099,22
2026-02-18,UCA_DfRJwb5U0S4UiiH3BtUg,Jérémy Dufour,77800,14841522,993
2026-02-18,UCDY3WI0HqdzNADtE6B-BmUw,MrG Tech,185000,28770458,584
2026-02-18,UC-pdFydi9ooxEfATh3KoiIw,STEVEN,1100000,196933830,1508
2026-02-18,UC7sFrgyGelEr6eny6_PsGXQ,Tom's Guide France,40200,45876054,488
2026-02-18,UC44qdJgVvPEaEaojOUZpp9A,Benjamin Code Plus,19100,627042,32
2026-02-18,UCIorGsaWVmlkpNsngTQPDAg,Clubic,31700,10034998,1441
2026-02-18,UCNzUonmxxvG-HIqOC3S7Thw,VAC - Vulgarisateur Apple et compagnie,78900,1548954,231
2026-02-18,UCLOAPb7ATQUs_nDs9ViLcMw,Benjamin Code,155000,13860263,382
2026-02-18,UCNOUTy_TWRJzAaSfIGserkg,Nowtech Replay (Le Mug Nowtech),5400,813824,512
2026-02-18,UCJy0lX8ThZ7lCtst7JnegWQ,Jojol,2690000,612468059,2122
2026-02-18,UCFdQm01R6HPdMw4oa6a0Ihw,Qasim,38400,17062942,204
2026-02-18,UCFWds3GTyhvWpSF308RC1Eg,PcComponentesFR,649,250412,125
2026-02-18,UCGjKSSIpN7aYQluu04kPrsA,Brandon Le Proktor,308000,45028880,405
2026-02-18,UCIaNSaws_Wv_eoUAmDbUK-Q,MT High Tech Deal's,2820,246424,71
2026-02-18,UCNiauGTV7XhkOpUAIXod4xA,Léo Duff,805000,63977608,319
2026-02-18,UCQsb5TqYUeGWGpJFr8DMWsQ,ANONIMAL,613000,71345241,298
2026-02-18,UCQigF3tZJJlt6o1_tkYKkNQ,KAPPA Studio,232000,58853201,126
2026-02-18,UCOyUCj6Wx9skJggzZFUDZyA,Unlock Talk,20500,2438943,369
2026-02-18,UCOm_kuKVb4ImX_DHpIgX_zg,Skinn's Tech Deals,1980,74048,18
2026-02-18,UCR-4Ge4NbqILG5HTTvs_nFQ,Lysandre_lbd,12200,5420521,321
2026-02-18,UCJ3MlRSjtv2sT-rIDsFg0fw,Sam_VNR,5000,333440,66
2026-02-18,UCOCoKBUmALR6d7UW_s5zgrA,Arnaud C.,106000,6972915,316
2026-02-18,UCMWWgqykXE5exHk60TCZ-bw,Yukio_Clyks,27400,7464592,432
2026-02-18,UCIu36vEY96BCwfYvz5ccucg,LDLC.com,27900,7211195,365
2026-02-18,UCOaX4zvPzmv0eBbUWOOOB_A,TopAchat,102000,19108717,700
2026-02-18,UCNWE4ouC-BxzJ-Lomuuqb1Q,Isma(ël),4480,310584,45
2026-02-18,UCHRVeW3Z0ttSFk6xIfGW4lA,Nicorama,158000,13943485,287
2026-02-18,UCMwkAK-lhEeLld9xLiyKLMg,Captain Grochat,24800,2288657,108
2026-02-18,UCGMxP4yf3ixAAEKQc3d76gw,Arnaud,6360,1840546,148
2026-02-18,UCM6kUx3GI7lTQlqMBiumaEg,technofou,43300,1925583,90
2026-02-18,UCHgZ3SrY7FhB0KjFki50fEQ,Gabinks,1160,317158,153
2026-02-18,UCPQsSFJurluaMOG1qL0Y7sA,PP World,448000,78013196,1039
2026-02-18,UCQZa27_VXLUowoMsYo6Y0Dw,bazze tv,23200,3246943,269
2026-02-18,UCJLKCYMkCbOW9wzmeUj8dwQ,MEHDI’N TECH,59700,3247520,133
2026-02-18,UCN6zUULSoitsLJB03jh_I0A,Le Futurologue,30500,2971172,307
2026-02-18,UCMWAxO0xGJxELkiX5_pEJNA,Pannacophone - Smartphone & Tech,91300,11576335,137
2026-02-18,UCQSA6pCffm7epqxFqouL0Xg,Mathis et Gauthier,193000,33541227,440
2026-02-18,UCH6ppHEvV3_WIXEwmhv9HEg,Deus Ex Silicium,408000,28062442,140
2026-02-18,UCPP-NkzSqMJ9ywhJkcgrpAw,Tech_Sama,214000,29415335,759
2026-02-18,UCP5-zNhWXk_LUPIJpxtrTnQ,Cowcotland,52600,23546066,4266
2026-02-18,UCQvNFAufGf8mtN2_L8thysg,Journal du Geek,66400,31783118,2507
2026-02-18,UCPLnJmNrlcQzyi8QAP_dhJA,Dariusz Tech,126000,118959142,829
2026-02-18,UCEPqgSzHj7vlJj5pGX9dDdA,Gilo & Alex,2320,132000,40
2026-02-18,UCKkFotHwcyYF1cn8sFcKvqw,MacGeneration,4920,4678151,586
2026-02-18,UCOtM8pxxBIfwqu6e8mHgUEQ,TheiMika,12800,3589707,121
2026-02-18,UCFrfK9IFqO15S7C52DdnSog,GIGATOP,44100,15450269,1091
2026-02-18,UCHGvOgxAA_MFOH1yyhjcR-Q,ArtBen,327000,38247417,266
2026-02-18,UCHJb6-VCrzQqVQASN23OskQ,Jigfio Ti Super,19200,955377,69
2026-02-18,UCQwe6dSfilWUgNbgQ3NCQNg,C mon point de vue,3560,901982,62
2026-02-18,UCO14QTmfRbe9j9PTJsAhtLQ,PΔX,89300,12854670,502
2026-02-18,UCJPa4sr9B_mLjShfHhWi8yg,TECnaiche,13600,4687912,403
2026-02-18,UCL3y_psKbrdZ5FZo3dvVeEQ,Pafito,15400,8376674,96
2026-02-18,UCJ4p_F-vCnEn5V5OtFN8Q3w,FrenchMakito,32700,3599453,99
2026-02-18,UCGkFwY0mGku1M9_6M_NQ7Ig,Kylian Le Bris,3510,1767125,73
2026-02-18,UCMc7IaTDRDtxftK9v0aXVqA,Yada 2.0,112000,16734090,206
2026-02-18,UC_dzE9mydhQuQ0NwmXByDtA,André Martin,389000,56221911,996
2026-02-18,UCUclUivgBePqnqDGQ3Jzu2Q,TOUKIWANTI,126000,22013128,853
2026-02-18,UCZ5qxuvquQABNtjcawNMowA,DaddyFamtech,125000,13650196,1428
2026-02-18,UCWedHS9qKebauVIK2J7383g,Underscore_,920000,115112843,201
2026-02-18,UCTG26Ngiphy9TCOejxGfShQ,R-Tech,133,100203,61
2026-02-18,UCU_a5aoj_HzTMohx0JG_Z4A,GUILLAUME++,101000,9745378,300
2026-02-18,UCUaHJ0fTA-1theR8A8Polmw,BFM Tech,574000,232495927,8356
2026-02-18,UCUbwQOAmLdZ9zPOOPFt25zQ,YanNick TECH,67900,17504605,1333
2026-02-18,UCa8Leo9o5Nnb-Cc1sWfT2HQ,MobileAddict,300000,44143299,420
2026-02-18,UCTKa4DGeCFeThot6rcRqNow,TechnoïdFR,21900,5479317,1727
2026-02-18,UCUD3E77YRTGK3yPSDB6Kq5Q,Monsport06,193000,13203208,509
2026-02-18,UCagQpz-WZtgbSp8Ry0XQ4Yw,Victor,3180,224810,51
2026-02-18,UCTER7XOnDvSRbI2YxikLaVw,RTBF iXPé,262000,92501964,2476
2026-02-18,UCYWJ5aXwE7vyN-qtDT3uR4w,Top For Phone,148000,47129267,1643
2026-02-18,UCSGT2_DuhiJ1uV9dpRbXxug,Kulture ChroniK,167000,26277414,863
2026-02-18,UCZsEJw8rwd0RWAga5dulOpg,Bon Plan High Tech,13700,4582260,344
2026-02-18,UCXJ_vW2t0W5hY9hS8ePnpzw,Back Market France,22000,161539224,199
2026-02-18,UCSvD1S5kHsr9tvD3gDXkPkQ,Techmo,98000,55276863,302
2026-02-18,UCUltPy138RvnbWX_FuUHtDA,MT High-Tech,22100,2927116,317
2026-02-18,UCTmHRe6W96WgYlUNxcokpVQ,Fitfitzone,1270,180234,18
2026-02-18,UCaybrunQi8xWgPMgv1AYBHw,TheiCollection,1000000,219741052,1289
2026-02-18,UCbqjtNeW9vbz6_gwOW5PybQ,KYIO,11400,5173619,402
2026-02-18,UCb6bgt9GlMWk-gKrLLfXFLw,Julien Hick,11000,3289753,361
2026-02-18,UCYnvxJ-PKiGXo_tYXpWAC-w,Micode,1840000,122640893,85
2026-02-18,UCVwG9JHqGLfEO-4TkF-lf2g,Nowtech,441000,73293260,903
2026-02-18,UCR3uoYsbRO_S0wg2DaSlb8g,Wondershare Français,99700,15994004,1296
2026-02-18,UCaHolOYkfcTdC0vTFAywzXw,LoKan Sardari,88200,18496339,987
2026-02-18,UCX4A8obrGg1iX37R-fyBJ6w,Monde Tech,725,145749,142
2026-02-18,UCT9QoBXRO1_z1f-Ud97RxPg,Norizon,319,26726,20
2026-02-18,UCYU8ljh_pDcwqDMWZoJWqwA,RABBIN DES BOIS,360000,20228192,149
2026-02-18,UCSPoCan8_9ELmqEVS2hUHPA,iVax,120000,20879029,487
2026-02-18,UCYmw-Y8TnRzO4COTBKEgUGg,Les Dénicheurs,20700,5937088,2996
2026-02-18,UCVrceZhsV6TRyVh3VhBFaKA,MOBICLICK,2350,1387550,206
2026-02-18,UCTOAKgwfqqCbOytF3RNGGVw,Monsieur GRrr,724000,147724983,1989
2026-02-18,UCWzO_6sTx_tzEi0pU_3L5dA,Kizuna Horizon,185,68261,11
2026-02-18,UC_FckuJiPXwA_nOEIoTsRZg,Fabien captain virtuality,12900,1804004,181
2026-02-18,UCRhyS_ylPQ5GWBl1lK92ftA,Léo - TechMaker,2210000,379517559,1537
2026-02-18,UCbwE_k9zALnzZRvkoyDhuzw,Jojo Le Geek,165000,25384395,593
2026-02-18,UCSGjkErS7A6LPBjESg56p7g,Tech Shorts,31900,11822221,199
2026-02-18,UCTE6xlfjGhlJ3pLVsg85-AQ,Amazon Promo Tech,1330,76891,517
2026-02-18,UCUT9pQQGw4ZEpv5hqrv-bZw,TonyTech,94300,11791808,761
2026-02-18,UCRI5foOTNz6DuVz3SVQ1cMA,Tao Gassin,15100,1149925,54
2026-02-18,UCZEdNvDcHUPEE7CDRpXnO6w,Cyril | Ctrl Bu,6020,864994,163
2026-02-18,UCURjynFkZicGPbIIaWO9vmQ,Benji TV,60900,14534668,251
2026-02-18,UCb0sWM7tMRaEgn_hpptqnxA,Mon iPad & Moi,762,41280,29
2026-02-18,UCUanZckNyJODHBdqtMzYMpA,ORLM.tv / On refait le Mac,54900,13474319,1486
2026-02-18,UCSYFVeBI66YqDhGrYKxiCUQ,Georges,2420,174927,43
2026-02-18,UCU8_onYYhNxwGUB3hA34C4Q,FrenchHardware,843000,169665312,943
2026-02-18,UCaysddji-z_Za5b6EMmcc3g,Bien Chez Soi,52700,32735496,3009
2026-02-18,UCc7giV0qHsCNbhjV3_ZJ22w,Paul - Nakryum,107000,16672987,587
2026-02-18,UCgoxc-VKU0cw9BcM9z_qokg,Frandroid,596000,201126760,2777
2026-02-18,UCpt_q94CBCYar_Gmkb9G_aA,Tenorshare 4DDiG Français,24400,7692287,257
2026-02-18,UCpaI1FRY8EGK6mEAL7Wfr9w,Yosheez,130000,58889661,862
2026-02-18,UChFaUrD7t1JQ0w7rObWhIRA,Millomaker,439000,54477549,86
2026-02-18,UCdTrm2PZ7Wwa7xF-LbGP0dQ,Le Showroom de l'Image et du Son,15400,14844775,2817
2026-02-18,UCqHcg3sjPv2mcGqL1B60bew,"Dbc iPhone, iPad, MacBook",32600,24098835,458
2026-02-18,UCrAiXFptzDmgQA6gUCOz9RQ,Meta Perso,14700,1091465,49
2026-02-18,UCeXhsPdO6bRK7ZycOeFdD8A,iTechNews,289000,2688378,80
2026-02-18,UCrHCRJPuJJcINMMEETEYt4g,Le Petit Comparateur,16200,5754656,739
2026-02-18,UCrGUPAX1w87ckAxUwu8JtOA,Team VRY,11500,6058748,421
2026-02-18,UCdSUuErbgIIfHCezyiXDCtQ,Guid0matic,14700,7163381,2873
2026-02-18,UCqiGrF_OdWHHOs-eFe8O-ZA,Goli Tech,20,11699,487
2026-02-18,UCqC_p9Kw9pnvLvzr701beSg,Olivier Schmitt,178000,15335487,284
2026-02-18,UClXUBKUsEdXpSl4mOr3Q3jw,Binbin Tech,14000,1616933,58
2026-02-18,UCkS6jlQ4RJTCdkzVCU2-FSQ,GeekEtc,21800,6368891,643
2026-02-18,UCpFq62uOig4n9jT3luIYUDQ,VZX,23000,9477555,147
2026-02-18,UCoJ4gzwVvGNH5GNqiJoQAAA,Alex Reframe,131000,25049170,645
2026-02-18,UCgjhIdz3Uw9r-eMyML9M8FA,PIKATE,12300,1261665,123
2026-02-18,UCdqC1GnhKs3aQw6j62uOvUw,Mister Perrier,57100,5079811,364
2026-02-18,UCfwLCsZhix155PAoFTBb-oQ,Mac4Ever,161000,53444355,1978
2026-02-18,UCfkiE_eKqeVWE0XhMNBMFdA,InfiniT,193,52061,159
2026-02-18,UCchpwieM3DswmDEnJ0MRq1A,Romain Lanéry,1050000,206109509,1692
2026-02-18,UCo2fYdtvhyXW38WiLW_yg0Q,Charles Bolduc,1930,340297,172
2026-02-18,UCqRSWOqkW_oelrdUN7KQ-aQ,Les Numériques,155000,64729737,3038
2026-02-18,UCeFfhz1vsSxxJY26VZHw19w,Selectos Tech,117000,31794092,597
2026-02-18,UCeUxAQ2j3OETAApTvBj5Scw,MoMo App,738000,46140308,911
2026-02-18,UClnRNkdVq24iwIbc1O-hjlw,Yensing,21100,1296035,20
2026-02-18,UCe7aMEBJH_sGJMCXWLCzeSA,TheFunTouch,1690,932584,170
2026-02-18,UCf-DN6QjyyEbhuMWCoXdXQQ,Phonandroid,144000,26515988,840
2026-02-18,UCrSCIeCW1YuEviVZPVhEfGQ,Dorian GM,30200,6091421,272
2026-02-18,UCgWvhceGENT-dKBlgodnomQ,Les perdus Du numérique,12500,4142396,1987
2026-02-18,UClQPWod8Gjgw7i51t7PYibQ,Sélection Futée,2270,221583,379
2026-02-18,UCrsiHZzr4IjuSjnvPy5rVUQ,Daddy Dtech,114000,12374272,404
2026-02-18,UCkQI4PEJfOY37DU_WLLzc5w,Dell Technologies France,2480,50755044,324
2026-02-18,UCfc0cRoo8yYOzeuS89zpN-Q,Québec Test,302000,34885872,510
2026-02-18,UCrs2S-Ilj6R6qhhXCiV5hsQ,Tech Live,18400,3172596,254
2026-02-18,UCflWJq4cTuofmM-0G-GMUNQ,conseilguide,19300,6729200,1285
2026-02-18,UCe7R7Pt-bxNT7EE83NLsmFQ,Avis Express - Testeur High-Tech,273000,57990149,1706
2026-02-18,UCiR9chjo9kIFMsCXgspFxqg,Braindegeek,75100,47641958,803
2026-02-18,UCfQxUIhFxt59kj0hK53rZGg,"nakan.ch, sport et technologies",28700,5789168,416
2026-02-18,UCfLyhjpn3hzleNtgTGOQimA,Romain PIAUD,32000,7746950,592
2026-02-18,UCpSRz-eAoiSW5kaHpI_3LjA,JOLI TECH,19,17965,498
2026-02-18,UCptwuAv0XQHo1OQUSaO6NHw,Max Tech,1250000,448892360,2072
2026-02-18,UCr7ZVUNJ9KyYD92xqfinGsQ,Jimtek,16200,1389439,138
2026-02-18,UCfbwndxvM8tOtxN_GqU1R3Q,Lorenzo-high-tech,29300,4534237,964
2026-02-18,UCnJAGhDDEPdvY2g4ipf9PMQ,Elliott Pierret,88000,5601370,169
2026-02-18,UCmUm6tw3Gz8dftSDy7Eep3A,Stéphane (Biggy Tech),34900,2964768,793
2026-02-18,UCm3QK_QNta9Mue2Q70gtzVw,Android plus,2660,460277,439
2026-02-18,UChSBt06I1fa5FlDjbB0fChg,BenBraTeK,9600,1569670,60
2026-02-18,UCnnYqSNKKygemgmxC9PyLTw,Ludo Salenne,258000,16869225,425
2026-02-18,UCuDNiVxL-Zfw0CBVQ4oOr8w,DealSmart FR,220,33269,25
2026-02-18,UCrwtkeoBxPfhyde5eesmvyA,CieloTech,12800,14780859,221
2026-02-18,UCuE3ei3NOnVjQUefjHUCF5Q,DiscoverID,377000,51995041,532
2026-02-18,UCwWgvJHw1mNRq_ry6VoPKEg,Yada,383000,43054291,537
2026-02-18,UCz-hlzLKQ__1nKXarSedtQA,HardwareFRA,33900,7122153,753
2026-02-18,UCzICpbabqKwBTpb9XlWerjA,PassTech TV,681,127394,14
2026-02-18,UCxej0ZiLbbeVrz3XQZjj-MA,Huawei Mobile France,27700,43716175,120
2026-02-18,UCySZIa8Y4e6aSVg4CISXAOA,Mathieu Dos Santos,24800,4161886,1130
2026-02-18,UCssuk5-zaZn9vt0_HNj-Hug,VERBOZZ,474000,60875202,284
2026-02-18,UCyeoo6CDdAyYGyUvHWF0gSA,Garmin France,15300,55114583,1272
2026-02-18,UCuJtgmGNF_PvicQkf88t-5g,ChristoTech,315000,33402067,1397
2026-02-18,UCzxT0liRKM_xXnFYRZGiFHA,Acta - Swipe!,1130,258087,139
2026-02-18,UCs7Jg5KBsgiova4CrseuwIw,TheGrandTest,325000,45582488,1880
2026-02-18,UCsKrhME6clyYbibb4nzvgMA,Leasi,6,3738,42
2026-02-18,UCxpT79bmhxk50l8P50WG86w,Discoverdex,78600,24208518,477
2026-02-18,UCvTqrD4wJGkFBwr8v6dO-Wg,Miennu Core,399,190040,38
2026-02-18,UCxnikUCVJLsD4GTbujlnmlQ,Comparatif Mobile,198,30024,252
2026-02-18,UCu6HC8ahaPWqqfSvic7nWyQ,Nightech,141000,35153838,516
2026-02-18,UCz6PEeVLG1TL6jMRTvSLm4g,Matt Talks Tech,784000,109170424,1521
2026-02-18,UCwZsbPUXohCN867pQzioGLw,Nicolas Barbet,15500,5747678,354
2026-02-18,UCv8L8SztjsNYT4FpX8g5ATw,INFOMAX Paris,10300,7618776,343
2026-02-18,UCwsQtHFlS-LKVn8xJ3TaupQ,Monsieur Pixel,10200,1257650,223
2026-02-18,UCt3bV9VvoCrXILlR1Z6kGmQ,Rémi Lou,136000,81920551,1197
2026-02-18,UCtPzJInyqqt__Tn0EaUlaAw,Science Gaming,418000,397593891,1316
2026-02-18,UCtmEbUFh18ZmtObT78ix9Yw,Tech and Shoot,30600,6683652,1320
2026-02-19,UC3-dl8nKItitMxM9DNTDAfQ,Kang et ses PC,106000,27630234,144
2026-02-19,UCBOGe_x7aqQV4Ly5Rfa4iow,Les Tests de Cyril,31500,2643671,456
2026-02-19,UC1wV5Kf18gVbL3bWH-tWKDw,Cmonavis 🇫🇷,62500,12551011,654
2026-02-19,UCAz-755tH3m8_BwaluzdJwQ,Numerama,221000,105447396,2125
2026-02-19,UCA_DfRJwb5U0S4UiiH3BtUg,Jérémy Dufour,77800,14853255,993
2026-02-19,UCDfGCQqgOKPYeiaG3I4vl4w,Marty,110000,22626244,886
2026-02-19,UC6joDErOGcFJC1vHNSfsYQg,01net,136000,48596194,1820
2026-02-19,UCB32y6dm508Hap4_Mn-ZnHQ,Presse-citron,91300,25781322,1443
2026-02-19,UC7rdUip5Q8R7Ki1haNbdwwg,SoloTech,254000,35264835,629
2026-02-19,UC0AFqXyYs1z2Dxx5jtQBicQ,SkinnZer,44700,3626501,288
2026-02-19,UCDvCJx3pU8N-23ilB6tNMlg,mister gadget,4340,1623070,733
2026-02-19,UC-2f97m_1UGWDogGudJcVJg,OtaXou,29300,3475065,368
2026-02-19,UC1N4EIilrmXhTEdu3h7tpPg,iPhone page,1040,187239,270
2026-02-19,UC0xLruy2ZFFpxR6ODgnhJXA,GadgetRevNow,160000,85237353,1198
2026-02-19,UC2lMzO7HzJ_jamFT762vfwA,Jon Rettinger en Français,338,62505,36
2026-02-19,UC2XmvTlziz2LSXd_QKBwf8Q,Espritnewgen,72000,21818652,2956
2026-02-19,UC-g0NspJGvPdg_x7XIBNkNg,The Viewing Angle en Français,318,65372,22
2026-02-19,UC2HXhqg87yIWz152Ig9vkaQ,Tout Techno,32300,7161961,246
2026-02-19,UC-pdFydi9ooxEfATh3KoiIw,STEVEN,1100000,196949870,1508
2026-02-19,UCCUlTcDhcn72O8TiNfFJWWA,GLG video (JT Geek),70700,20291335,3360
2026-02-19,UC1F5QJFXcu1evMkYyXRGoaw,LoKan Sardari - Studio,12200,1500608,676
2026-02-19,UC69qClfvKeB9WeyySg5iQrQ,Yohann Studio,4320,2296744,322
2026-02-19,UC7XxmEXw7wXgh259vYCSjkQ,Cmonavis 2 🇫🇷,10200,1280144,210
2026-02-19,UCCM6zpvTcgXeNqLmQ9swugQ,Selectos Lifestyle,13000,4529952,196
2026-02-19,UC44qdJgVvPEaEaojOUZpp9A,Benjamin Code Plus,19200,650892,32
2026-02-19,UCE4qu22kCO225a91eERbxvA,Vivo Tech,13,8814,465
2026-02-19,UC5HtcZa4-moyfy6NTY7GHwA,TECHNO 24,494,214367,553
2026-02-19,UCBqYyDusSFntU7k2UnFGsBA,Giga Content,24800,5202797,820
2026-02-19,UC0Cgi1uK0MWB5V_VtKkvi8g,La Geek News,3830,757214,164
2026-02-19,UC08uERSqTFS3xSwXKMLrUVg,TECH TITANS,35700,10894307,243
2026-02-19,UCDY3WI0HqdzNADtE6B-BmUw,MrG Tech,185000,28774902,584
2026-02-19,UCAOjk3Po21_t7L1MDHQ4-Og,FNK Hardware,249000,43286199,1239
2026-02-19,UCDBYphtxNDXGQe5eyHYZ6Fw,GUILLAUME,498000,65975422,882
2026-02-19,UC3aPRnneybmQcbEK-X-Qptg,GLG reviews,383000,32960017,1688
2026-02-19,UC0V8fUv0DB5Tq7uHdG7ixyw,W38,140000,61586284,1920
2026-02-19,UCA25ZdZZF5XE6ihPE5pwfnw,Materiel.net,31800,12895390,575
2026-02-19,UC3CBQLyxiC35oxJPoufLnMQ,Gizmo Rush,73800,173768070,1217
2026-02-19,UC1ndVn8sa4oTbW09P5ICOog,amazing mac TV,66100,18546064,1431
2026-02-19,UC1WIj7YGywcVoRLS0zZu2RQ,TechDams,5390,1769426,22
2026-02-19,UC70eSjnRIGvRLCzT6K0SQSg,Device FR,2000,724014,917
2026-02-19,UC69gruQfEHEQ4Qme0liJOdw,Ludo Tech,1800,807600,200
2026-02-19,UC66ysWRFWfg-V5RhnQN4wFg,Gadget Evolution,67200,7978349,80
2026-02-19,UCB0ffaItcXwkgbVu8Hvq3Tw,QUENTIN,224000,43416208,1304
2026-02-19,UC65OszX3C9oYfNLU5AWjwYg,Aaron,2990,302114,32
2026-02-19,UC4q3HKdMqzll3SvA2Lf7oAg,Thomas in Tech,73300,21442048,960
2026-02-19,UC4vD_Spv_zjcmyfHpnAwBNA,Ixar.,15700,2487191,187
2026-02-19,UCAicNsMAZgbqPr_0QsnI1PA,Cobra.fr,6410,6951567,2148
2026-02-19,UC7sFrgyGelEr6eny6_PsGXQ,Tom's Guide France,40200,45876715,488
2026-02-19,UCC5xS4j2xUyGO2UfjFh5LsQ,Nooz,14800,2721722,619
2026-02-19,UC6jfhJWEAfako0XlKnA2UGQ,Timena TechGeek,64300,11481032,1014
2026-02-19,UCJy0lX8ThZ7lCtst7JnegWQ,Jojol,2690000,612544866,2122
2026-02-19,UCM6kUx3GI7lTQlqMBiumaEg,technofou,43300,1925661,90
2026-02-19,UCGjKSSIpN7aYQluu04kPrsA,Brandon Le Proktor,308000,45035113,405
2026-02-19,UCOm_kuKVb4ImX_DHpIgX_zg,Skinn's Tech Deals,1980,74150,18
2026-02-19,UCQSA6pCffm7epqxFqouL0Xg,Mathis et Gauthier,193000,33552516,441
2026-02-19,UCNiauGTV7XhkOpUAIXod4xA,Léo Duff,805000,63981909,320
2026-02-19,UCOyUCj6Wx9skJggzZFUDZyA,Unlock Talk,20500,2445224,370
2026-02-19,UCQigF3tZJJlt6o1_tkYKkNQ,KAPPA Studio,232000,58891947,126
2026-02-19,UCMc7IaTDRDtxftK9v0aXVqA,Yada 2.0,112000,16741427,206
2026-02-19,UCR-4Ge4NbqILG5HTTvs_nFQ,Lysandre_lbd,12200,5425986,322
2026-02-19,UCMwkAK-lhEeLld9xLiyKLMg,Captain Grochat,24800,2273531,108
2026-02-19,UCIaNSaws_Wv_eoUAmDbUK-Q,MT High Tech Deal's,2820,246444,71
2026-02-19,UCQZa27_VXLUowoMsYo6Y0Dw,bazze tv,23200,3250620,270
2026-02-19,UCP5-zNhWXk_LUPIJpxtrTnQ,Cowcotland,52600,23548690,4267
2026-02-19,UCL3y_psKbrdZ5FZo3dvVeEQ,Pafito,15500,8387775,96
2026-02-19,UCQwe6dSfilWUgNbgQ3NCQNg,C mon point de vue,3560,903170,62
2026-02-19,UCJLKCYMkCbOW9wzmeUj8dwQ,MEHDI’N TECH,59700,3250183,136
2026-02-19,UCGkFwY0mGku1M9_6M_NQ7Ig,Kylian Le Bris,3610,1804422,74
2026-02-19,UCPLnJmNrlcQzyi8QAP_dhJA,Dariusz Tech,126000,119126376,830
2026-02-19,UCPQsSFJurluaMOG1qL0Y7sA,PP World,448000,78031915,1040
2026-02-19,UCQvNFAufGf8mtN2_L8thysg,Journal du Geek,66400,31785738,2508
2026-02-19,UCJ4p_F-vCnEn5V5OtFN8Q3w,FrenchMakito,32700,3600224,99
2026-02-19,UCN6zUULSoitsLJB03jh_I0A,Le Futurologue,30600,2980104,308
2026-02-19,UCIu36vEY96BCwfYvz5ccucg,LDLC.com,27900,7211334,365
2026-02-19,UCNWE4ouC-BxzJ-Lomuuqb1Q,Isma(ël),4480,310884,45
2026-02-19,UCO14QTmfRbe9j9PTJsAhtLQ,PΔX,89300,12876347,502
2026-02-19,UCMWAxO0xGJxELkiX5_pEJNA,Pannacophone - Smartphone & Tech,91300,11580826,137
2026-02-19,UCQsb5TqYUeGWGpJFr8DMWsQ,ANONIMAL,613000,71346698,298
2026-02-19,UCNOUTy_TWRJzAaSfIGserkg,Nowtech Replay (Le Mug Nowtech),5400,814108,511
2026-02-19,UCKkFotHwcyYF1cn8sFcKvqw,MacGeneration,4940,4684216,586
2026-02-19,UCFdQm01R6HPdMw4oa6a0Ihw,Qasim,38400,17069934,204
2026-02-19,UCMWWgqykXE5exHk60TCZ-bw,Yukio_Clyks,27500,7467367,433
2026-02-19,UCFWds3GTyhvWpSF308RC1Eg,PcComponentesFR,649,250771,125
2026-02-19,UCOaX4zvPzmv0eBbUWOOOB_A,TopAchat,102000,19132067,701
2026-02-19,UCGMxP4yf3ixAAEKQc3d76gw,Arnaud,6390,1843065,149
2026-02-19,UCJPa4sr9B_mLjShfHhWi8yg,TECnaiche,13600,4690572,403
2026-02-19,UCJ3MlRSjtv2sT-rIDsFg0fw,Sam_VNR,5020,336748,67
2026-02-19,UCOCoKBUmALR6d7UW_s5zgrA,Arnaud C.,106000,6976196,317
2026-02-19,UCHRVeW3Z0ttSFk6xIfGW4lA,Nicorama,158000,13952024,287
2026-02-19,UCH6ppHEvV3_WIXEwmhv9HEg,Deus Ex Silicium,408000,28064682,140
2026-02-19,UCHgZ3SrY7FhB0KjFki50fEQ,Gabinks,1160,319460,154
2026-02-19,UCEPqgSzHj7vlJj5pGX9dDdA,Gilo & Alex,2320,132078,40
2026-02-19,UCPP-NkzSqMJ9ywhJkcgrpAw,Tech_Sama,214000,29430061,759
2026-02-19,UCHJb6-VCrzQqVQASN23OskQ,Jigfio Ti Super,19200,956133,69
2026-02-19,UCNzUonmxxvG-HIqOC3S7Thw,VAC - Vulgarisateur Apple et compagnie,79000,1550689,231
2026-02-19,UCLOAPb7ATQUs_nDs9ViLcMw,Benjamin Code,155000,13861848,382
2026-02-19,UCIorGsaWVmlkpNsngTQPDAg,Clubic,31800,10117981,1442
2026-02-19,UCHGvOgxAA_MFOH1yyhjcR-Q,ArtBen,327000,38250452,266
2026-02-19,UCOtM8pxxBIfwqu6e8mHgUEQ,TheiMika,12800,3590014,121
2026-02-19,UCFrfK9IFqO15S7C52DdnSog,GIGATOP,44100,15464796,1095
2026-02-19,UCb6bgt9GlMWk-gKrLLfXFLw,Julien Hick,11000,3292251,362
2026-02-19,UCaysddji-z_Za5b6EMmcc3g,Bien Chez Soi,52700,32731930,3011
2026-02-19,UCaHolOYkfcTdC0vTFAywzXw,LoKan Sardari,88300,18519256,987
2026-02-19,UCZ5qxuvquQABNtjcawNMowA,DaddyFamtech,125000,13658906,1430
2026-02-19,UCbwE_k9zALnzZRvkoyDhuzw,Jojo Le Geek,165000,25387924,593
2026-02-19,UCSGjkErS7A6LPBjESg56p7g,Tech Shorts,31900,11830501,199
2026-02-19,UCagQpz-WZtgbSp8Ry0XQ4Yw,Victor,3180,225322,51
2026-02-19,UCc7giV0qHsCNbhjV3_ZJ22w,Paul - Nakryum,107000,16741118,588
2026-02-19,UCa8Leo9o5Nnb-Cc1sWfT2HQ,MobileAddict,300000,44146951,420
2026-02-19,UCTOAKgwfqqCbOytF3RNGGVw,Monsieur GRrr,724000,147750752,1990
2026-02-19,UCT9QoBXRO1_z1f-Ud97RxPg,Norizon,320,26773,20
2026-02-19,UCR3uoYsbRO_S0wg2DaSlb8g,Wondershare Français,99700,16006655,1296
2026-02-19,UCRI5foOTNz6DuVz3SVQ1cMA,Tao Gassin,15100,1154609,54
2026-02-19,UCUaHJ0fTA-1theR8A8Polmw,BFM Tech,574000,232510180,8358
2026-02-19,UCUclUivgBePqnqDGQ3Jzu2Q,TOUKIWANTI,127000,22052927,853
2026-02-19,UCUanZckNyJODHBdqtMzYMpA,ORLM.tv / On refait le Mac,54900,13485256,1486
2026-02-19,UCUltPy138RvnbWX_FuUHtDA,MT High-Tech,22100,2928080,318
2026-02-19,UCTER7XOnDvSRbI2YxikLaVw,RTBF iXPé,262000,92553772,2478
2026-02-19,UCVrceZhsV6TRyVh3VhBFaKA,MOBICLICK,2360,1394448,207
2026-02-19,UCYmw-Y8TnRzO4COTBKEgUGg,Les Dénicheurs,20800,5942699,2998
2026-02-19,UCbqjtNeW9vbz6_gwOW5PybQ,KYIO,11400,5179993,402
2026-02-19,UCSPoCan8_9ELmqEVS2hUHPA,iVax,120000,20882952,487
2026-02-19,UCTKa4DGeCFeThot6rcRqNow,TechnoïdFR,21900,5481733,1727
2026-02-19,UCYU8ljh_pDcwqDMWZoJWqwA,RABBIN DES BOIS,360000,20228821,149
2026-02-19,UCaybrunQi8xWgPMgv1AYBHw,TheiCollection,1000000,219767739,1289
2026-02-19,UCYnvxJ-PKiGXo_tYXpWAC-w,Micode,1840000,122686932,85
2026-02-19,UCUT9pQQGw4ZEpv5hqrv-bZw,TonyTech,94600,11799518,764
2026-02-19,UCSGT2_DuhiJ1uV9dpRbXxug,Kulture ChroniK,168000,26297233,863
2026-02-19,UCZEdNvDcHUPEE7CDRpXnO6w,Cyril | Ctrl Bu,6040,865817,163
2026-02-19,UCTmHRe6W96WgYlUNxcokpVQ,Fitfitzone,1270,180915,18
2026-02-19,UCb0sWM7tMRaEgn_hpptqnxA,Mon iPad & Moi,764,41450,29
2026-02-19,UCTG26Ngiphy9TCOejxGfShQ,R-Tech,133,100604,61
2026-02-19,UCVwG9JHqGLfEO-4TkF-lf2g,Nowtech,441000,73356293,904
2026-02-19,UCRhyS_ylPQ5GWBl1lK92ftA,Léo - TechMaker,2220000,380174437,1538
2026-02-19,UCYWJ5aXwE7vyN-qtDT3uR4w,Top For Phone,148000,47129804,1643
2026-02-19,UCZsEJw8rwd0RWAga5dulOpg,Bon Plan High Tech,13700,4584337,344
2026-02-19,UCTE6xlfjGhlJ3pLVsg85-AQ,Amazon Promo Tech,1330,77045,517
2026-02-19,UCUbwQOAmLdZ9zPOOPFt25zQ,YanNick TECH,67900,17527890,1334
2026-02-19,UCUD3E77YRTGK3yPSDB6Kq5Q,Monsport06,193000,13205865,509
2026-02-19,UCXJ_vW2t0W5hY9hS8ePnpzw,Back Market France,22000,161540290,199
2026-02-19,UCWzO_6sTx_tzEi0pU_3L5dA,Kizuna Horizon,185,68276,11
2026-02-19,UCSvD1S5kHsr9tvD3gDXkPkQ,Techmo,98200,55413366,303
2026-02-19,UCX4A8obrGg1iX37R-fyBJ6w,Monde Tech,724,146418,143
2026-02-19,UC_FckuJiPXwA_nOEIoTsRZg,Fabien captain virtuality,12900,1804520,181
2026-02-19,UCURjynFkZicGPbIIaWO9vmQ,Benji TV,60900,14539668,251
2026-02-19,UCU8_onYYhNxwGUB3hA34C4Q,FrenchHardware,843000,169770761,943
2026-02-19,UCWedHS9qKebauVIK2J7383g,Underscore_,921000,115165124,201
2026-02-19,UCU_a5aoj_HzTMohx0JG_Z4A,GUILLAUME++,101000,9749138,300
2026-02-19,UCSYFVeBI66YqDhGrYKxiCUQ,Georges,2430,176015,43
2026-02-19,UC_dzE9mydhQuQ0NwmXByDtA,André Martin,389000,56275424,997
2026-02-19,UCeFfhz1vsSxxJY26VZHw19w,Selectos Tech,117000,31795804,597
2026-02-19,UCnnYqSNKKygemgmxC9PyLTw,Ludo Salenne,258000,16872915,425
2026-02-19,UCrs2S-Ilj6R6qhhXCiV5hsQ,Tech Live,18400,3173554,254
2026-02-19,UCiR9chjo9kIFMsCXgspFxqg,Braindegeek,75100,47683929,804
2026-02-19,UCeXhsPdO6bRK7ZycOeFdD8A,iTechNews,289000,2697219,80
2026-02-19,UClXUBKUsEdXpSl4mOr3Q3jw,Binbin Tech,14000,1618524,58
2026-02-19,UCo2fYdtvhyXW38WiLW_yg0Q,Charles Bolduc,1930,340536,172
2026-02-19,UCmUm6tw3Gz8dftSDy7Eep3A,Stéphane (Biggy Tech),34900,2965492,794
2026-02-19,UCfQxUIhFxt59kj0hK53rZGg,"nakan.ch, sport et technologies",28800,5791558,417
2026-02-19,UCpaI1FRY8EGK6mEAL7Wfr9w,Yosheez,130000,58902667,862
2026-02-19,UClnRNkdVq24iwIbc1O-hjlw,Yensing,21100,1297529,20
2026-02-19,UCqHcg3sjPv2mcGqL1B60bew,"Dbc iPhone, iPad, MacBook",32800,24194529,460
2026-02-19,UCfkiE_eKqeVWE0XhMNBMFdA,InfiniT,193,52151,160
2026-02-19,UCr7ZVUNJ9KyYD92xqfinGsQ,Jimtek,16200,1391311,138
2026-02-19,UCrSCIeCW1YuEviVZPVhEfGQ,Dorian GM,30300,6100600,272
2026-02-19,UCrGUPAX1w87ckAxUwu8JtOA,Team VRY,11500,6062083,421
2026-02-19,UCdTrm2PZ7Wwa7xF-LbGP0dQ,Le Showroom de l'Image et du Son,15400,14846061,2817
2026-02-19,UCpSRz-eAoiSW5kaHpI_3LjA,JOLI TECH,19,18128,498
2026-02-19,UCchpwieM3DswmDEnJ0MRq1A,Romain Lanéry,1050000,206148176,1694
2026-02-19,UCkS6jlQ4RJTCdkzVCU2-FSQ,GeekEtc,21800,6374834,643
2026-02-19,UChSBt06I1fa5FlDjbB0fChg,BenBraTeK,9610,1570318,60
2026-02-19,UCflWJq4cTuofmM-0G-GMUNQ,conseilguide,19300,6731629,1286
2026-02-19,UCrHCRJPuJJcINMMEETEYt4g,Le Petit Comparateur,16200,5757278,740
2026-02-19,UCf-DN6QjyyEbhuMWCoXdXQQ,Phonandroid,144000,26517976,840
2026-02-19,UCeUxAQ2j3OETAApTvBj5Scw,MoMo App,738000,46151237,911
2026-02-19,UCqC_p9Kw9pnvLvzr701beSg,Olivier Schmitt,178000,15345004,285
2026-02-19,UCdqC1GnhKs3aQw6j62uOvUw,Mister Perrier,57100,5080024,364
2026-02-19,UCpFq62uOig4n9jT3luIYUDQ,VZX,23000,9478813,147
2026-02-19,UChFaUrD7t1JQ0w7rObWhIRA,Millomaker,439000,54551994,86
2026-02-19,UCpt_q94CBCYar_Gmkb9G_aA,Tenorshare 4DDiG Français,24400,7695519,257
2026-02-19,UCe7R7Pt-bxNT7EE83NLsmFQ,Avis Express - Testeur High-Tech,273000,57997478,1706
2026-02-19,UCnJAGhDDEPdvY2g4ipf9PMQ,Elliott Pierret,88100,5611154,169
2026-02-19,UClQPWod8Gjgw7i51t7PYibQ,Sélection Futée,2270,222938,380
2026-02-19,UCm3QK_QNta9Mue2Q70gtzVw,Android plus,2660,460498,439
2026-02-19,UCfbwndxvM8tOtxN_GqU1R3Q,Lorenzo-high-tech,29400,4537930,965
2026-02-19,UCe7aMEBJH_sGJMCXWLCzeSA,TheFunTouch,1690,932588,170
2026-02-19,UCgoxc-VKU0cw9BcM9z_qokg,Frandroid,596000,201242009,2780
2026-02-19,UCgjhIdz3Uw9r-eMyML9M8FA,PIKATE,12400,1264548,123
2026-02-19,UCfc0cRoo8yYOzeuS89zpN-Q,Québec Test,302000,34902655,511
2026-02-19,UCrAiXFptzDmgQA6gUCOz9RQ,Meta Perso,14700,1091561,49
2026-02-19,UCoJ4gzwVvGNH5GNqiJoQAAA,Alex Reframe,131000,25050511,645
2026-02-19,UCfwLCsZhix155PAoFTBb-oQ,Mac4Ever,161000,53506212,1979
2026-02-19,UCqRSWOqkW_oelrdUN7KQ-aQ,Les Numériques,155000,64751210,3039
2026-02-19,UCqiGrF_OdWHHOs-eFe8O-ZA,Goli Tech,20,11785,487
2026-02-19,UCfLyhjpn3hzleNtgTGOQimA,Romain PIAUD,32000,7756388,593
2026-02-19,UCgWvhceGENT-dKBlgodnomQ,Les perdus Du numérique,12500,4143641,1995
2026-02-19,UCdSUuErbgIIfHCezyiXDCtQ,Guid0matic,14700,7165465,2875
2026-02-19,UCkQI4PEJfOY37DU_WLLzc5w,Dell Technologies France,2480,50755088,324
2026-02-19,UCptwuAv0XQHo1OQUSaO6NHw,Max Tech,1260000,448960053,2073
2026-02-19,UCrsiHZzr4IjuSjnvPy5rVUQ,Daddy Dtech,114000,12390269,404
2026-02-19,UCwZsbPUXohCN867pQzioGLw,Nicolas Barbet,15500,5753018,354
2026-02-19,UCtPzJInyqqt__Tn0EaUlaAw,Science Gaming,418000,398095489,1318
2026-02-19,UCrwtkeoBxPfhyde5eesmvyA,CieloTech,12800,14849613,221
2026-02-19,UCz-hlzLKQ__1nKXarSedtQA,HardwareFRA,33900,7125576,753
2026-02-19,UCuJtgmGNF_PvicQkf88t-5g,ChristoTech,315000,33405371,1397
2026-02-19,UCxpT79bmhxk50l8P50WG86w,Discoverdex,78700,24217636,478
2026-02-19,UCzxT0liRKM_xXnFYRZGiFHA,Acta - Swipe!,1130,259282,139
2026-02-19,UCyeoo6CDdAyYGyUvHWF0gSA,Garmin France,15300,55325674,1272
2026-02-19,UCwWgvJHw1mNRq_ry6VoPKEg,Yada,384000,43069892,537
2026-02-19,UCu6HC8ahaPWqqfSvic7nWyQ,Nightech,141000,35198404,517
2026-02-19,UCzICpbabqKwBTpb9XlWerjA,PassTech TV,681,127399,14
2026-02-19,UCsKrhME6clyYbibb4nzvgMA,Leasi,6,3746,42
2026-02-19,UCtmEbUFh18ZmtObT78ix9Yw,Tech and Shoot,30600,6686548,1321
2026-02-19,UCt3bV9VvoCrXILlR1Z6kGmQ,Rémi Lou,136000,82049035,1196
2026-02-19,UCssuk5-zaZn9vt0_HNj-Hug,VERBOZZ,474000,60889575,284
2026-02-19,UCvTqrD4wJGkFBwr8v6dO-Wg,Miennu Core,399,190645,38
2026-02-19,UCxnikUCVJLsD4GTbujlnmlQ,Comparatif Mobile,199,30095,252
2026-02-19,UCz6PEeVLG1TL6jMRTvSLm4g,Matt Talks Tech,784000,109327302,1521
2026-02-19,UCySZIa8Y4e6aSVg4CISXAOA,Mathieu Dos Santos,24900,4174904,1131
2026-02-19,UCuE3ei3NOnVjQUefjHUCF5Q,DiscoverID,377000,52031433,532
2026-02-19,UCv8L8SztjsNYT4FpX8g5ATw,INFOMAX Paris,10300,7642217,344
2026-02-19,UCwsQtHFlS-LKVn8xJ3TaupQ,Monsieur Pixel,10200,1259774,223
2026-02-19,UCs7Jg5KBsgiova4CrseuwIw,TheGrandTest,325000,45631040,1881
2026-02-19,UCuDNiVxL-Zfw0CBVQ4oOr8w,DealSmart FR,221,33618,25
2026-02-19,UCxej0ZiLbbeVrz3XQZjj-MA,Huawei Mobile France,27700,43716209,120
2026-02-20,UCDvCJx3pU8N-23ilB6tNMlg,mister gadget,4340,1624046,733
2026-02-20,UC69gruQfEHEQ4Qme0liJOdw,Ludo Tech,1800,809393,200
2026-02-20,UC7XxmEXw7wXgh259vYCSjkQ,Cmonavis 2 🇫🇷,10200,1281478,210
2026-02-20,UC0V8fUv0DB5Tq7uHdG7ixyw,W38,140000,61586454,1920
2026-02-20,UC-pdFydi9ooxEfATh3KoiIw,STEVEN,1100000,196966688,1508
2026-02-20,UC2XmvTlziz2LSXd_QKBwf8Q,Espritnewgen,72000,21822628,2952
2026-02-20,UC3aPRnneybmQcbEK-X-Qptg,GLG reviews,384000,32981328,1688
2026-02-20,UCCM6zpvTcgXeNqLmQ9swugQ,Selectos Lifestyle,13000,4531033,196
2026-02-20,UCDfGCQqgOKPYeiaG3I4vl4w,Marty,110000,22635579,886
2026-02-20,UC1F5QJFXcu1evMkYyXRGoaw,LoKan Sardari - Studio,12200,1501398,676
2026-02-20,UC1ndVn8sa4oTbW09P5ICOog,amazing mac TV,66100,18549234,1431
2026-02-20,UC65OszX3C9oYfNLU5AWjwYg,Aaron,2990,302499,32
2026-02-20,UC2HXhqg87yIWz152Ig9vkaQ,Tout Techno,32300,7167741,247
2026-02-20,UCDY3WI0HqdzNADtE6B-BmUw,MrG Tech,185000,28779478,584
2026-02-20,UC-2f97m_1UGWDogGudJcVJg,OtaXou,29400,3477172,370
2026-02-20,UCBqYyDusSFntU7k2UnFGsBA,Giga Content,24800,5206369,821
2026-02-20,UC4vD_Spv_zjcmyfHpnAwBNA,Ixar.,15700,2489786,187
2026-02-20,UC0AFqXyYs1z2Dxx5jtQBicQ,SkinnZer,44700,3626730,288
2026-02-20,UCC5xS4j2xUyGO2UfjFh5LsQ,Nooz,14900,2725962,620
2026-02-20,UCCUlTcDhcn72O8TiNfFJWWA,GLG video (JT Geek),70700,20292164,3361
2026-02-20,UC69qClfvKeB9WeyySg5iQrQ,Yohann Studio,4320,2298317,323
2026-02-20,UC3-dl8nKItitMxM9DNTDAfQ,Kang et ses PC,106000,27684058,145
2026-02-20,UCA_DfRJwb5U0S4UiiH3BtUg,Jérémy Dufour,77800,14863806,993
2026-02-20,UCE4qu22kCO225a91eERbxvA,Vivo Tech,14,8890,469
2026-02-20,UC5HtcZa4-moyfy6NTY7GHwA,TECHNO 24,503,215483,555
2026-02-20,UC7sFrgyGelEr6eny6_PsGXQ,Tom's Guide France,40200,45877305,488
2026-02-20,UC-g0NspJGvPdg_x7XIBNkNg,The Viewing Angle en Français,319,65611,22
2026-02-20,UCDBYphtxNDXGQe5eyHYZ6Fw,GUILLAUME,498000,65986547,882
2026-02-20,UCAOjk3Po21_t7L1MDHQ4-Og,FNK Hardware,249000,43290474,1239
2026-02-20,UCA25ZdZZF5XE6ihPE5pwfnw,Materiel.net,31800,12899525,575
2026-02-20,UC6joDErOGcFJC1vHNSfsYQg,01net,136000,48624320,1821
2026-02-20,UCB0ffaItcXwkgbVu8Hvq3Tw,QUENTIN,224000,43419671,1304
2026-02-20,UCAicNsMAZgbqPr_0QsnI1PA,Cobra.fr,6410,6953234,2149
2026-02-20,UC44qdJgVvPEaEaojOUZpp9A,Benjamin Code Plus,19300,657430,32
2026-02-20,UC08uERSqTFS3xSwXKMLrUVg,TECH TITANS,35700,10933829,243
2026-02-20,UC6jfhJWEAfako0XlKnA2UGQ,Timena TechGeek,64300,11483078,1014
2026-02-20,UC1N4EIilrmXhTEdu3h7tpPg,iPhone page,1040,187503,270
2026-02-20,UCAz-755tH3m8_BwaluzdJwQ,Numerama,221000,105548786,2128
2026-02-20,UC2lMzO7HzJ_jamFT762vfwA,Jon Rettinger en Français,339,62928,36
2026-02-20,UC66ysWRFWfg-V5RhnQN4wFg,Gadget Evolution,68100,8116256,81
2026-02-20,UCBOGe_x7aqQV4Ly5Rfa4iow,Les Tests de Cyril,31500,2645314,456
2026-02-20,UCB32y6dm508Hap4_Mn-ZnHQ,Presse-citron,91300,25787166,1443
2026-02-20,UC70eSjnRIGvRLCzT6K0SQSg,Device FR,2000,726668,920
2026-02-20,UC1wV5Kf18gVbL3bWH-tWKDw,Cmonavis 🇫🇷,62500,12555287,654
2026-02-20,UC0xLruy2ZFFpxR6ODgnhJXA,GadgetRevNow,160000,85417998,1199
2026-02-20,UC1WIj7YGywcVoRLS0zZu2RQ,TechDams,5390,1772219,22
2026-02-20,UC7rdUip5Q8R7Ki1haNbdwwg,SoloTech,254000,35267517,630
2026-02-20,UC4q3HKdMqzll3SvA2Lf7oAg,Thomas in Tech,73300,21455390,961
2026-02-20,UC3CBQLyxiC35oxJPoufLnMQ,Gizmo Rush,74000,174287320,1220
2026-02-20,UC0Cgi1uK0MWB5V_VtKkvi8g,La Geek News,3830,757960,164
2026-02-20,UCJ3MlRSjtv2sT-rIDsFg0fw,Sam_VNR,5040,343014,68
2026-02-20,UCEPqgSzHj7vlJj5pGX9dDdA,Gilo & Alex,2320,132167,40
2026-02-20,UCMc7IaTDRDtxftK9v0aXVqA,Yada 2.0,112000,16748007,206
2026-02-20,UCPLnJmNrlcQzyi8QAP_dhJA,Dariusz Tech,126000,119321479,831
2026-02-20,UCMWAxO0xGJxELkiX5_pEJNA,Pannacophone - Smartphone & Tech,91300,11585826,137
2026-02-20,UCL3y_psKbrdZ5FZo3dvVeEQ,Pafito,15500,8399042,96
2026-02-20,UCOyUCj6Wx9skJggzZFUDZyA,Unlock Talk,20500,2452124,372
2026-02-20,UCJPa4sr9B_mLjShfHhWi8yg,TECnaiche,13600,4693572,403
2026-02-20,UCOCoKBUmALR6d7UW_s5zgrA,Arnaud C.,106000,6978804,319
2026-02-20,UCIu36vEY96BCwfYvz5ccucg,LDLC.com,27900,7211476,365
2026-02-20,UCN6zUULSoitsLJB03jh_I0A,Le Futurologue,30700,2991297,308
2026-02-20,UCNOUTy_TWRJzAaSfIGserkg,Nowtech Replay (Le Mug Nowtech),5400,814246,512
2026-02-20,UCQvNFAufGf8mtN2_L8thysg,Journal du Geek,66400,31789642,2509
2026-02-20,UCIaNSaws_Wv_eoUAmDbUK-Q,MT High Tech Deal's,2820,246454,71
2026-02-20,UCQwe6dSfilWUgNbgQ3NCQNg,C mon point de vue,3560,903951,62
2026-02-20,UCHGvOgxAA_MFOH1yyhjcR-Q,ArtBen,327000,38253751,266
2026-02-20,UCIorGsaWVmlkpNsngTQPDAg,Clubic,31800,10165035,1443
2026-02-20,UCOm_kuKVb4ImX_DHpIgX_zg,Skinn's Tech Deals,1980,74213,18
2026-02-20,UCKkFotHwcyYF1cn8sFcKvqw,MacGeneration,4950,4693452,587
2026-02-20,UCH6ppHEvV3_WIXEwmhv9HEg,Deus Ex Silicium,408000,28067530,140
2026-02-20,UCGkFwY0mGku1M9_6M_NQ7Ig,Kylian Le Bris,3680,1840164,75
2026-02-20,UCGMxP4yf3ixAAEKQc3d76gw,Arnaud,6440,1849727,149
2026-02-20,UCOaX4zvPzmv0eBbUWOOOB_A,TopAchat,102000,19156964,701
2026-02-20,UCPQsSFJurluaMOG1qL0Y7sA,PP World,449000,78071223,1040
2026-02-20,UCFrfK9IFqO15S7C52DdnSog,GIGATOP,44200,15481588,1096
2026-02-20,UCQigF3tZJJlt6o1_tkYKkNQ,KAPPA Studio,232000,58932703,126
2026-02-20,UCMwkAK-lhEeLld9xLiyKLMg,Captain Grochat,24800,2363210,108
2026-02-20,UCHgZ3SrY7FhB0KjFki50fEQ,Gabinks,1160,321178,154
2026-02-20,UCJy0lX8ThZ7lCtst7JnegWQ,Jojol,2700000,612614637,2122
2026-02-20,UCFWds3GTyhvWpSF308RC1Eg,PcComponentesFR,649,251129,125
2026-02-20,UCHJb6-VCrzQqVQASN23OskQ,Jigfio Ti Super,19200,956713,70
2026-02-20,UCP5-zNhWXk_LUPIJpxtrTnQ,Cowcotland,52600,23551284,4267
2026-02-20,UCQsb5TqYUeGWGpJFr8DMWsQ,ANONIMAL,613000,71348317,298
2026-02-20,UCM6kUx3GI7lTQlqMBiumaEg,technofou,43300,1925731,90
2026-02-20,UCJLKCYMkCbOW9wzmeUj8dwQ,MEHDI’N TECH,59700,3253206,136
2026-02-20,UCLOAPb7ATQUs_nDs9ViLcMw,Benjamin Code,155000,13863987,383
2026-02-20,UCR-4Ge4NbqILG5HTTvs_nFQ,Lysandre_lbd,12200,5438353,322
2026-02-20,UCJ4p_F-vCnEn5V5OtFN8Q3w,FrenchMakito,32700,3601252,99
2026-02-20,UCNiauGTV7XhkOpUAIXod4xA,Léo Duff,807000,64151721,320
2026-02-20,UCPP-NkzSqMJ9ywhJkcgrpAw,Tech_Sama,214000,29435841,759
2026-02-20,UCNzUonmxxvG-HIqOC3S7Thw,VAC - Vulgarisateur Apple et compagnie,79100,1552306,231
2026-02-20,UCQSA6pCffm7epqxFqouL0Xg,Mathis et Gauthier,193000,33575584,441
2026-02-20,UCGjKSSIpN7aYQluu04kPrsA,Brandon Le Proktor,308000,45042203,405
2026-02-20,UCHRVeW3Z0ttSFk6xIfGW4lA,Nicorama,158000,13961391,287
2026-02-20,UCMWWgqykXE5exHk60TCZ-bw,Yukio_Clyks,27500,7472368,434
2026-02-20,UCO14QTmfRbe9j9PTJsAhtLQ,PΔX,89300,12883832,502
2026-02-20,UCQZa27_VXLUowoMsYo6Y0Dw,bazze tv,23200,3258345,270
2026-02-20,UCNWE4ouC-BxzJ-Lomuuqb1Q,Isma(ël),4490,311190,45
2026-02-20,UCFdQm01R6HPdMw4oa6a0Ihw,Qasim,38400,17078392,204
2026-02-20,UCOtM8pxxBIfwqu6e8mHgUEQ,TheiMika,12800,3590367,121
2026-02-20,UCSGjkErS7A6LPBjESg56p7g,Tech Shorts,31900,11840712,199
2026-02-20,UCUclUivgBePqnqDGQ3Jzu2Q,TOUKIWANTI,128000,22160099,853
2026-02-20,UCZEdNvDcHUPEE7CDRpXnO6w,Cyril | Ctrl Bu,6040,870488,163
2026-02-20,UCaybrunQi8xWgPMgv1AYBHw,TheiCollection,1000000,219789680,1289
2026-02-20,UCTG26Ngiphy9TCOejxGfShQ,R-Tech,133,101048,61
2026-02-20,UCWedHS9qKebauVIK2J7383g,Underscore_,921000,115220360,201
2026-02-20,UCYWJ5aXwE7vyN-qtDT3uR4w,Top For Phone,148000,47130307,1643
2026-02-20,UCUanZckNyJODHBdqtMzYMpA,ORLM.tv / On refait le Mac,54900,13495087,1485
2026-02-20,UCTmHRe6W96WgYlUNxcokpVQ,Fitfitzone,1280,181754,18
2026-02-20,UCU_a5aoj_HzTMohx0JG_Z4A,GUILLAUME++,101000,9753076,300
2026-02-20,UCUbwQOAmLdZ9zPOOPFt25zQ,YanNick TECH,68000,17552768,1335
2026-02-20,UCRhyS_ylPQ5GWBl1lK92ftA,Léo - TechMaker,2220000,381029839,1539
2026-02-20,UCTOAKgwfqqCbOytF3RNGGVw,Monsieur GRrr,724000,147788987,1990
2026-02-20,UCb6bgt9GlMWk-gKrLLfXFLw,Julien Hick,11000,3296000,362
2026-02-20,UCUltPy138RvnbWX_FuUHtDA,MT High-Tech,22100,2929727,318
2026-02-20,UCSvD1S5kHsr9tvD3gDXkPkQ,Techmo,98300,55590314,303
2026-02-20,UCSYFVeBI66YqDhGrYKxiCUQ,Georges,2430,176616,43
2026-02-20,UCTER7XOnDvSRbI2YxikLaVw,RTBF iXPé,262000,92611297,2480
2026-02-20,UCWzO_6sTx_tzEi0pU_3L5dA,Kizuna Horizon,185,68294,11
2026-02-20,UCbwE_k9zALnzZRvkoyDhuzw,Jojo Le Geek,165000,25391719,593
2026-02-20,UCUD3E77YRTGK3yPSDB6Kq5Q,Monsport06,193000,13208685,509
2026-02-20,UCZ5qxuvquQABNtjcawNMowA,DaddyFamtech,125000,13675653,1431
2026-02-20,UCURjynFkZicGPbIIaWO9vmQ,Benji TV,60900,14544916,251
2026-02-20,UCYmw-Y8TnRzO4COTBKEgUGg,Les Dénicheurs,20800,5948966,3000
2026-02-20,UCT9QoBXRO1_z1f-Ud97RxPg,Norizon,322,26826,20
2026-02-20,UC_FckuJiPXwA_nOEIoTsRZg,Fabien captain virtuality,12900,1805166,181
2026-02-20,UCc7giV0qHsCNbhjV3_ZJ22w,Paul - Nakryum,107000,16782288,588
2026-02-20,UCTE6xlfjGhlJ3pLVsg85-AQ,Amazon Promo Tech,1330,77222,517
2026-02-20,UCaysddji-z_Za5b6EMmcc3g,Bien Chez Soi,52700,32742524,793
2026-02-20,UCVrceZhsV6TRyVh3VhBFaKA,MOBICLICK,2380,1414661,208
2026-02-20,UCaHolOYkfcTdC0vTFAywzXw,LoKan Sardari,88300,18533431,987
2026-02-20,UCXJ_vW2t0W5hY9hS8ePnpzw,Back Market France,22000,161541557,200
2026-02-20,UCa8Leo9o5Nnb-Cc1sWfT2HQ,MobileAddict,300000,44150669,420
2026-02-20,UCSPoCan8_9ELmqEVS2hUHPA,iVax,120000,20888781,487
2026-02-20,UCagQpz-WZtgbSp8Ry0XQ4Yw,Victor,3190,225880,51
2026-02-20,UCYnvxJ-PKiGXo_tYXpWAC-w,Micode,1840000,122738248,85
2026-02-20,UCRI5foOTNz6DuVz3SVQ1cMA,Tao Gassin,15200,1158605,54
2026-02-20,UCbqjtNeW9vbz6_gwOW5PybQ,KYIO,11500,5196726,402
2026-02-20,UCSGT2_DuhiJ1uV9dpRbXxug,Kulture ChroniK,168000,26318948,863
2026-02-20,UCZsEJw8rwd0RWAga5dulOpg,Bon Plan High Tech,13700,4585562,344
2026-02-20,UCYU8ljh_pDcwqDMWZoJWqwA,RABBIN DES BOIS,360000,20229656,149
2026-02-20,UCU8_onYYhNxwGUB3hA34C4Q,FrenchHardware,844000,169891558,943
2026-02-20,UCR3uoYsbRO_S0wg2DaSlb8g,Wondershare Français,99800,16020656,1296
2026-02-20,UCb0sWM7tMRaEgn_hpptqnxA,Mon iPad & Moi,768,41668,29
2026-02-20,UCTKa4DGeCFeThot6rcRqNow,TechnoïdFR,21900,5482555,1728
2026-02-20,UCVwG9JHqGLfEO-4TkF-lf2g,Nowtech,441000,73413055,905
2026-02-20,UCX4A8obrGg1iX37R-fyBJ6w,Monde Tech,726,146858,144
2026-02-20,UCUaHJ0fTA-1theR8A8Polmw,BFM Tech,574000,232528026,8362
2026-02-20,UC_dzE9mydhQuQ0NwmXByDtA,André Martin,390000,56330062,1000
2026-02-20,UCUT9pQQGw4ZEpv5hqrv-bZw,TonyTech,94800,11807340,766
2026-02-20,UCeFfhz1vsSxxJY26VZHw19w,Selectos Tech,117000,31797619,597
2026-02-20,UCfwLCsZhix155PAoFTBb-oQ,Mac4Ever,161000,53555632,1980
2026-02-20,UCpSRz-eAoiSW5kaHpI_3LjA,JOLI TECH,19,18367,498
2026-02-20,UCmUm6tw3Gz8dftSDy7Eep3A,Stéphane (Biggy Tech),35000,2966267,794
2026-02-20,UCgjhIdz3Uw9r-eMyML9M8FA,PIKATE,12500,1267534,123
2026-02-20,UCdqC1GnhKs3aQw6j62uOvUw,Mister Perrier,57100,5080252,364
2026-02-20,UCflWJq4cTuofmM-0G-GMUNQ,conseilguide,19300,6734249,1286
2026-02-20,UCeXhsPdO6bRK7ZycOeFdD8A,iTechNews,289000,2706151,80
2026-02-20,UCrs2S-Ilj6R6qhhXCiV5hsQ,Tech Live,18400,3174737,254
2026-02-20,UCdSUuErbgIIfHCezyiXDCtQ,Guid0matic,14700,7167324,2878
2026-02-20,UCfQxUIhFxt59kj0hK53rZGg,"nakan.ch, sport et technologies",28800,5796516,417
2026-02-20,UCkQI4PEJfOY37DU_WLLzc5w,Dell Technologies France,2480,50755143,324
2026-02-20,UCnnYqSNKKygemgmxC9PyLTw,Ludo Salenne,258000,16876732,425
2026-02-20,UCrsiHZzr4IjuSjnvPy5rVUQ,Daddy Dtech,114000,12390598,404
2026-02-20,UCrAiXFptzDmgQA6gUCOz9RQ,Meta Perso,14700,1091874,49
2026-02-20,UCqC_p9Kw9pnvLvzr701beSg,Olivier Schmitt,178000,15357423,285
2026-02-20,UCnJAGhDDEPdvY2g4ipf9PMQ,Elliott Pierret,88400,5621221,170
2026-02-20,UCe7aMEBJH_sGJMCXWLCzeSA,TheFunTouch,1690,932590,170
2026-02-20,UCo2fYdtvhyXW38WiLW_yg0Q,Charles Bolduc,1930,340710,172
2026-02-20,UCfkiE_eKqeVWE0XhMNBMFdA,InfiniT,193,52262,160
2026-02-20,UCfc0cRoo8yYOzeuS89zpN-Q,Québec Test,302000,34932777,511
2026-02-20,UChSBt06I1fa5FlDjbB0fChg,BenBraTeK,9610,1571067,61
2026-02-20,UClnRNkdVq24iwIbc1O-hjlw,Yensing,21100,1299185,20
2026-02-20,UCr7ZVUNJ9KyYD92xqfinGsQ,Jimtek,16300,1395016,138
2026-02-20,UCpFq62uOig4n9jT3luIYUDQ,VZX,23000,9480215,147
2026-02-20,UCe7R7Pt-bxNT7EE83NLsmFQ,Avis Express - Testeur High-Tech,273000,58005589,1706
2026-02-20,UCrSCIeCW1YuEviVZPVhEfGQ,Dorian GM,30300,6110032,272
2026-02-20,UCdTrm2PZ7Wwa7xF-LbGP0dQ,Le Showroom de l'Image et du Son,15400,14847421,2817
2026-02-20,UCpt_q94CBCYar_Gmkb9G_aA,Tenorshare 4DDiG Français,24400,7699031,257
2026-02-20,UClXUBKUsEdXpSl4mOr3Q3jw,Binbin Tech,14100,1620244,58
2026-02-20,UCgWvhceGENT-dKBlgodnomQ,Les perdus Du numérique,12500,4146857,1997
2026-02-20,UCoJ4gzwVvGNH5GNqiJoQAAA,Alex Reframe,131000,25051962,645
2026-02-20,UCrHCRJPuJJcINMMEETEYt4g,Le Petit Comparateur,16200,5760052,741
2026-02-20,UCiR9chjo9kIFMsCXgspFxqg,Braindegeek,75100,47736943,806
2026-02-20,UCfLyhjpn3hzleNtgTGOQimA,Romain PIAUD,32000,7768463,593
2026-02-20,UCchpwieM3DswmDEnJ0MRq1A,Romain Lanéry,1050000,206183433,1695
2026-02-20,UCpaI1FRY8EGK6mEAL7Wfr9w,Yosheez,130000,58916415,863
2026-02-20,UChFaUrD7t1JQ0w7rObWhIRA,Millomaker,440000,54626897,86
2026-02-20,UCqHcg3sjPv2mcGqL1B60bew,"Dbc iPhone, iPad, MacBook",32900,24318267,461
2026-02-20,UCkS6jlQ4RJTCdkzVCU2-FSQ,GeekEtc,21800,6381128,643
2026-02-20,UCf-DN6QjyyEbhuMWCoXdXQQ,Phonandroid,144000,26520129,840
2026-02-20,UCm3QK_QNta9Mue2Q70gtzVw,Android plus,2660,460742,440
2026-02-20,UCqRSWOqkW_oelrdUN7KQ-aQ,Les Numériques,155000,64773053,3039
2026-02-20,UCfbwndxvM8tOtxN_GqU1R3Q,Lorenzo-high-tech,29400,4541118,965
2026-02-20,UCptwuAv0XQHo1OQUSaO6NHw,Max Tech,1260000,449028550,2073
2026-02-20,UCgoxc-VKU0cw9BcM9z_qokg,Frandroid,596000,201332177,2783
2026-02-20,UCqiGrF_OdWHHOs-eFe8O-ZA,Goli Tech,21,11899,491
2026-02-20,UCrGUPAX1w87ckAxUwu8JtOA,Team VRY,11500,6066418,421
2026-02-20,UCeUxAQ2j3OETAApTvBj5Scw,MoMo App,738000,46160444,911
2026-02-20,UClQPWod8Gjgw7i51t7PYibQ,Sélection Futée,2270,224463,380
2026-02-20,UCzICpbabqKwBTpb9XlWerjA,PassTech TV,681,127407,14
2026-02-20,UCssuk5-zaZn9vt0_HNj-Hug,VERBOZZ,474000,60906062,284
2026-02-20,UCxej0ZiLbbeVrz3XQZjj-MA,Huawei Mobile France,27700,43716222,120
2026-02-20,UCuDNiVxL-Zfw0CBVQ4oOr8w,DealSmart FR,222,33870,25
2026-02-20,UCwsQtHFlS-LKVn8xJ3TaupQ,Monsieur Pixel,10200,1261825,224
2026-02-20,UCz-hlzLKQ__1nKXarSedtQA,HardwareFRA,33900,7129547,753
2026-02-20,UCs7Jg5KBsgiova4CrseuwIw,TheGrandTest,325000,45685838,1881
2026-02-20,UCyeoo6CDdAyYGyUvHWF0gSA,Garmin France,15300,55589555,1274
2026-02-20,UCvTqrD4wJGkFBwr8v6dO-Wg,Miennu Core,401,191009,38
2026-02-20,UCtPzJInyqqt__Tn0EaUlaAw,Science Gaming,419000,398521040,1317
2026-02-20,UCySZIa8Y4e6aSVg4CISXAOA,Mathieu Dos Santos,24900,4183580,1132
2026-02-20,UCtmEbUFh18ZmtObT78ix9Yw,Tech and Shoot,30600,6689607,1321
2026-02-20,UCrwtkeoBxPfhyde5eesmvyA,CieloTech,12800,14931902,221
2026-02-20,UCzxT0liRKM_xXnFYRZGiFHA,Acta - Swipe!,1130,260694,139
2026-02-20,UCwZsbPUXohCN867pQzioGLw,Nicolas Barbet,15500,5761684,354
2026-02-20,UCz6PEeVLG1TL6jMRTvSLm4g,Matt Talks Tech,784000,109451203,1522
2026-02-20,UCsKrhME6clyYbibb4nzvgMA,Leasi,6,3750,42
2026-02-20,UCu6HC8ahaPWqqfSvic7nWyQ,Nightech,141000,35249321,516
2026-02-20,UCuJtgmGNF_PvicQkf88t-5g,ChristoTech,316000,33409123,1398
2026-02-20,UCwWgvJHw1mNRq_ry6VoPKEg,Yada,384000,43084263,537
2026-02-20,UCv8L8SztjsNYT4FpX8g5ATw,INFOMAX Paris,10300,7676395,344
2026-02-20,UCt3bV9VvoCrXILlR1Z6kGmQ,Rémi Lou,136000,82173150,1197
2026-02-20,UCxpT79bmhxk50l8P50WG86w,Discoverdex,78700,24232771,478
2026-02-20,UCuE3ei3NOnVjQUefjHUCF5Q,DiscoverID,377000,52044037,532
2026-02-20,UCxnikUCVJLsD4GTbujlnmlQ,Comparatif Mobile,199,30201,252
2026-02-21,UC0xLruy2ZFFpxR6ODgnhJXA,GadgetRevNow,160000,85623733,1200
2026-02-21,UC1ndVn8sa4oTbW09P5ICOog,amazing mac TV,66100,18551621,1431
2026-02-21,UC3aPRnneybmQcbEK-X-Qptg,GLG reviews,386000,32997226,1688
2026-02-21,UCDBYphtxNDXGQe5eyHYZ6Fw,GUILLAUME,498000,65998312,883
2026-02-21,UCCUlTcDhcn72O8TiNfFJWWA,GLG video (JT Geek),70700,20292965,3361
2026-02-21,UC69gruQfEHEQ4Qme0liJOdw,Ludo Tech,1800,810108,201
2026-02-21,UCC5xS4j2xUyGO2UfjFh5LsQ,Nooz,15000,2738904,620
2026-02-21,UC7XxmEXw7wXgh259vYCSjkQ,Cmonavis 2 🇫🇷,10200,1282809,210
2026-02-21,UC6jfhJWEAfako0XlKnA2UGQ,Timena TechGeek,64300,11485404,1014
2026-02-21,UCDY3WI0HqdzNADtE6B-BmUw,MrG Tech,185000,28784512,584
2026-02-21,UCAz-755tH3m8_BwaluzdJwQ,Numerama,221000,105834692,2131
2026-02-21,UCAOjk3Po21_t7L1MDHQ4-Og,FNK Hardware,249000,43295178,1240
2026-02-21,UCA25ZdZZF5XE6ihPE5pwfnw,Materiel.net,31800,12903526,576
2026-02-21,UC44qdJgVvPEaEaojOUZpp9A,Benjamin Code Plus,19400,660757,32
2026-02-21,UC2HXhqg87yIWz152Ig9vkaQ,Tout Techno,32300,7174501,247
2026-02-21,UC4q3HKdMqzll3SvA2Lf7oAg,Thomas in Tech,73300,21468151,962
2026-02-21,UCDvCJx3pU8N-23ilB6tNMlg,mister gadget,4340,1625092,733
2026-02-21,UCB32y6dm508Hap4_Mn-ZnHQ,Presse-citron,91300,25792012,1443
2026-02-21,UCA_DfRJwb5U0S4UiiH3BtUg,Jérémy Dufour,77900,14874479,994
2026-02-21,UC66ysWRFWfg-V5RhnQN4wFg,Gadget Evolution,68800,8240186,81
2026-02-21,UC3-dl8nKItitMxM9DNTDAfQ,Kang et ses PC,107000,28130387,145
2026-02-21,UC4vD_Spv_zjcmyfHpnAwBNA,Ixar.,15800,2492555,187
2026-02-21,UC69qClfvKeB9WeyySg5iQrQ,Yohann Studio,4320,2300845,323
2026-02-21,UCBqYyDusSFntU7k2UnFGsBA,Giga Content,24800,5212173,822
2026-02-21,UC1wV5Kf18gVbL3bWH-tWKDw,Cmonavis 🇫🇷,62500,12559702,655
2026-02-21,UCAicNsMAZgbqPr_0QsnI1PA,Cobra.fr,6410,6955037,2149
2026-02-21,UCBOGe_x7aqQV4Ly5Rfa4iow,Les Tests de Cyril,31500,2647113,456
2026-02-21,UCDfGCQqgOKPYeiaG3I4vl4w,Marty,110000,22643707,886
2026-02-21,UC0Cgi1uK0MWB5V_VtKkvi8g,La Geek News,3830,758361,164
2026-02-21,UC-g0NspJGvPdg_x7XIBNkNg,The Viewing Angle en Français,320,65921,22
2026-02-21,UC-2f97m_1UGWDogGudJcVJg,OtaXou,29400,3485835,370
2026-02-21,UCE4qu22kCO225a91eERbxvA,Vivo Tech,15,8932,469
2026-02-21,UCCM6zpvTcgXeNqLmQ9swugQ,Selectos Lifestyle,13000,4532305,196
2026-02-21,UC7sFrgyGelEr6eny6_PsGXQ,Tom's Guide France,40200,45878109,488
2026-02-21,UC0AFqXyYs1z2Dxx5jtQBicQ,SkinnZer,44700,3626864,288
2026-02-21,UC5HtcZa4-moyfy6NTY7GHwA,TECHNO 24,508,216039,555
2026-02-21,UC65OszX3C9oYfNLU5AWjwYg,Aaron,2990,302640,32
2026-02-21,UC70eSjnRIGvRLCzT6K0SQSg,Device FR,2010,729306,922
2026-02-21,UC7rdUip5Q8R7Ki1haNbdwwg,SoloTech,254000,35271944,630
2026-02-21,UC3CBQLyxiC35oxJPoufLnMQ,Gizmo Rush,74200,174783715,1224
2026-02-21,UC0V8fUv0DB5Tq7uHdG7ixyw,W38,140000,61586639,1920
2026-02-21,UC2lMzO7HzJ_jamFT762vfwA,Jon Rettinger en Français,340,63352,36
2026-02-21,UC1N4EIilrmXhTEdu3h7tpPg,iPhone page,1050,187743,270
2026-02-21,UC08uERSqTFS3xSwXKMLrUVg,TECH TITANS,35800,10975492,243
2026-02-21,UC1F5QJFXcu1evMkYyXRGoaw,LoKan Sardari - Studio,12300,1502185,676
2026-02-21,UC6joDErOGcFJC1vHNSfsYQg,01net,136000,48657169,1822
2026-02-21,UC2XmvTlziz2LSXd_QKBwf8Q,Espritnewgen,72000,21826354,2956
2026-02-21,UCB0ffaItcXwkgbVu8Hvq3Tw,QUENTIN,224000,43423165,1305
2026-02-21,UC1WIj7YGywcVoRLS0zZu2RQ,TechDams,5390,1775211,22
2026-02-21,UC-pdFydi9ooxEfATh3KoiIw,STEVEN,1100000,196984888,1508
2026-02-21,UCH6ppHEvV3_WIXEwmhv9HEg,Deus Ex Silicium,408000,28070507,140
2026-02-21,UCHRVeW3Z0ttSFk6xIfGW4lA,Nicorama,158000,13971729,287
2026-02-21,UCJy0lX8ThZ7lCtst7JnegWQ,Jojol,2700000,612689488,2123
2026-02-21,UCQwe6dSfilWUgNbgQ3NCQNg,C mon point de vue,3560,904771,62
2026-02-21,UCGkFwY0mGku1M9_6M_NQ7Ig,Kylian Le Bris,3740,1889067,75
2026-02-21,UCHJb6-VCrzQqVQASN23OskQ,Jigfio Ti Super,19200,961801,70
2026-02-21,UCOtM8pxxBIfwqu6e8mHgUEQ,TheiMika,12800,3590756,121
2026-02-21,UCJ3MlRSjtv2sT-rIDsFg0fw,Sam_VNR,5120,356688,68
2026-02-21,UCHgZ3SrY7FhB0KjFki50fEQ,Gabinks,1160,321612,154
2026-02-21,UCMWWgqykXE5exHk60TCZ-bw,Yukio_Clyks,27500,7477588,434
2026-02-21,UCHGvOgxAA_MFOH1yyhjcR-Q,ArtBen,327000,38257264,266
2026-02-21,UCFdQm01R6HPdMw4oa6a0Ihw,Qasim,38400,17087569,204
2026-02-21,UCQigF3tZJJlt6o1_tkYKkNQ,KAPPA Studio,232000,58975060,126
2026-02-21,UCJPa4sr9B_mLjShfHhWi8yg,TECnaiche,13600,4696890,403
2026-02-21,UCO14QTmfRbe9j9PTJsAhtLQ,PΔX,89300,12889418,503
2026-02-21,UCIaNSaws_Wv_eoUAmDbUK-Q,MT High Tech Deal's,2820,246472,71
2026-02-21,UCPQsSFJurluaMOG1qL0Y7sA,PP World,449000,78094606,1040
2026-02-21,UCR-4Ge4NbqILG5HTTvs_nFQ,Lysandre_lbd,12300,5446968,323
2026-02-21,UCMwkAK-lhEeLld9xLiyKLMg,Captain Grochat,24800,2415624,108
2026-02-21,UCNOUTy_TWRJzAaSfIGserkg,Nowtech Replay (Le Mug Nowtech),5400,816037,514
2026-02-21,UCQsb5TqYUeGWGpJFr8DMWsQ,ANONIMAL,613000,71349993,298
2026-02-21,UCM6kUx3GI7lTQlqMBiumaEg,technofou,43300,1925814,90
2026-02-21,UCPP-NkzSqMJ9ywhJkcgrpAw,Tech_Sama,214000,29440714,759
2026-02-21,UCIorGsaWVmlkpNsngTQPDAg,Clubic,31900,10198902,1444
2026-02-21,UCGjKSSIpN7aYQluu04kPrsA,Brandon Le Proktor,308000,45049724,405
2026-02-21,UCL3y_psKbrdZ5FZo3dvVeEQ,Pafito,15500,8409986,96
2026-02-21,UCIu36vEY96BCwfYvz5ccucg,LDLC.com,27900,7211662,365
2026-02-21,UCJLKCYMkCbOW9wzmeUj8dwQ,MEHDI’N TECH,59700,3254337,136
2026-02-21,UCKkFotHwcyYF1cn8sFcKvqw,MacGeneration,4950,4701429,588
2026-02-21,UCOyUCj6Wx9skJggzZFUDZyA,Unlock Talk,20500,2454198,374
2026-02-21,UCFrfK9IFqO15S7C52DdnSog,GIGATOP,44200,15497658,1098
2026-02-21,UCGMxP4yf3ixAAEKQc3d76gw,Arnaud,6480,1857469,149
2026-02-21,UCFWds3GTyhvWpSF308RC1Eg,PcComponentesFR,649,251627,126
2026-02-21,UCQSA6pCffm7epqxFqouL0Xg,Mathis et Gauthier,194000,33590826,441
2026-02-21,UCNiauGTV7XhkOpUAIXod4xA,Léo Duff,808000,64249965,320
2026-02-21,UCNzUonmxxvG-HIqOC3S7Thw,VAC - Vulgarisateur Apple et compagnie,79200,1553650,232
2026-02-21,UCOaX4zvPzmv0eBbUWOOOB_A,TopAchat,102000,19184187,701
2026-02-21,UCNWE4ouC-BxzJ-Lomuuqb1Q,Isma(ël),4490,311602,45
2026-02-21,UCLOAPb7ATQUs_nDs9ViLcMw,Benjamin Code,155000,13895110,383
2026-02-21,UCMWAxO0xGJxELkiX5_pEJNA,Pannacophone - Smartphone & Tech,91300,11591053,137
2026-02-21,UCQvNFAufGf8mtN2_L8thysg,Journal du Geek,66400,31793125,2509
2026-02-21,UCOCoKBUmALR6d7UW_s5zgrA,Arnaud C.,107000,6983424,319
2026-02-21,UCQZa27_VXLUowoMsYo6Y0Dw,bazze tv,23300,3262460,270
2026-02-21,UCOm_kuKVb4ImX_DHpIgX_zg,Skinn's Tech Deals,1980,74247,18
2026-02-21,UCN6zUULSoitsLJB03jh_I0A,Le Futurologue,30700,3000844,309
2026-02-21,UCJ4p_F-vCnEn5V5OtFN8Q3w,FrenchMakito,32700,3602201,99
2026-02-21,UCPLnJmNrlcQzyi8QAP_dhJA,Dariusz Tech,126000,119583098,832
2026-02-21,UCP5-zNhWXk_LUPIJpxtrTnQ,Cowcotland,52600,23553515,4268
2026-02-21,UCEPqgSzHj7vlJj5pGX9dDdA,Gilo & Alex,2330,132257,40
2026-02-21,UCMc7IaTDRDtxftK9v0aXVqA,Yada 2.0,112000,16755605,206
2026-02-21,UCTG26Ngiphy9TCOejxGfShQ,R-Tech,134,101468,61
2026-02-21,UCSGjkErS7A6LPBjESg56p7g,Tech Shorts,31900,11848809,199
2026-02-21,UCYnvxJ-PKiGXo_tYXpWAC-w,Micode,1840000,122795836,85
2026-02-21,UCbwE_k9zALnzZRvkoyDhuzw,Jojo Le Geek,165000,25396089,593
2026-02-21,UCSvD1S5kHsr9tvD3gDXkPkQ,Techmo,98500,55813683,303
2026-02-21,UCU_a5aoj_HzTMohx0JG_Z4A,GUILLAUME++,101000,9756841,300
2026-02-21,UCUanZckNyJODHBdqtMzYMpA,ORLM.tv / On refait le Mac,54900,13502548,1489
2026-02-21,UCTmHRe6W96WgYlUNxcokpVQ,Fitfitzone,1280,182527,18
2026-02-21,UCUbwQOAmLdZ9zPOOPFt25zQ,YanNick TECH,68100,17579613,1336
2026-02-21,UCTER7XOnDvSRbI2YxikLaVw,RTBF iXPé,262000,92677893,2484
2026-02-21,UCSPoCan8_9ELmqEVS2hUHPA,iVax,120000,20897871,487
2026-02-21,UCYU8ljh_pDcwqDMWZoJWqwA,RABBIN DES BOIS,360000,20230354,149
2026-02-21,UCZ5qxuvquQABNtjcawNMowA,DaddyFamtech,126000,13691363,1432
2026-02-21,UCVrceZhsV6TRyVh3VhBFaKA,MOBICLICK,2380,1428840,208
2026-02-21,UCTOAKgwfqqCbOytF3RNGGVw,Monsieur GRrr,724000,147820578,1990
2026-02-21,UCRI5foOTNz6DuVz3SVQ1cMA,Tao Gassin,15300,1162297,54
2026-02-21,UCT9QoBXRO1_z1f-Ud97RxPg,Norizon,322,26900,20
2026-02-21,UCb6bgt9GlMWk-gKrLLfXFLw,Julien Hick,11000,3299118,362
2026-02-21,UCSGT2_DuhiJ1uV9dpRbXxug,Kulture ChroniK,168000,26342583,863
2026-02-21,UCb0sWM7tMRaEgn_hpptqnxA,Mon iPad & Moi,771,41854,29
2026-02-21,UCagQpz-WZtgbSp8Ry0XQ4Yw,Victor,3190,226384,51
2026-02-21,UCYmw-Y8TnRzO4COTBKEgUGg,Les Dénicheurs,20800,5956245,3002
2026-02-21,UCVwG9JHqGLfEO-4TkF-lf2g,Nowtech,441000,73498218,905
2026-02-21,UCUclUivgBePqnqDGQ3Jzu2Q,TOUKIWANTI,129000,22277089,854
2026-02-21,UCa8Leo9o5Nnb-Cc1sWfT2HQ,MobileAddict,300000,44154862,421
2026-02-21,UCaybrunQi8xWgPMgv1AYBHw,TheiCollection,1000000,219812332,1289
2026-02-21,UCaysddji-z_Za5b6EMmcc3g,Bien Chez Soi,52700,1921989,796
2026-02-21,UCWzO_6sTx_tzEi0pU_3L5dA,Kizuna Horizon,185,68313,11
2026-02-21,UCc7giV0qHsCNbhjV3_ZJ22w,Paul - Nakryum,107000,16816634,588
2026-02-21,UCU8_onYYhNxwGUB3hA34C4Q,FrenchHardware,844000,170020887,943
2026-02-21,UCUD3E77YRTGK3yPSDB6Kq5Q,Monsport06,193000,13211832,509
2026-02-21,UCUT9pQQGw4ZEpv5hqrv-bZw,TonyTech,94900,11823325,768
2026-02-21,UC_dzE9mydhQuQ0NwmXByDtA,André Martin,391000,56389226,1001
2026-02-21,UCR3uoYsbRO_S0wg2DaSlb8g,Wondershare Français,99800,16035551,1296
2026-02-21,UCTKa4DGeCFeThot6rcRqNow,TechnoïdFR,21900,5483340,1728
2026-02-21,UCUltPy138RvnbWX_FuUHtDA,MT High-Tech,22100,2930864,318
2026-02-21,UCaHolOYkfcTdC0vTFAywzXw,LoKan Sardari,88400,18545871,988
2026-02-21,UCURjynFkZicGPbIIaWO9vmQ,Benji TV,60900,14550205,251
2026-02-21,UCZsEJw8rwd0RWAga5dulOpg,Bon Plan High Tech,13700,4586876,344
2026-02-21,UCX4A8obrGg1iX37R-fyBJ6w,Monde Tech,727,147892,145
2026-02-21,UCXJ_vW2t0W5hY9hS8ePnpzw,Back Market France,22000,161542919,200
2026-02-21,UCYWJ5aXwE7vyN-qtDT3uR4w,Top For Phone,148000,47130866,1643
2026-02-21,UCRhyS_ylPQ5GWBl1lK92ftA,Léo - TechMaker,2220000,381926528,1539
2026-02-21,UCTE6xlfjGhlJ3pLVsg85-AQ,Amazon Promo Tech,1330,77457,517
2026-02-21,UCZEdNvDcHUPEE7CDRpXnO6w,Cyril | Ctrl Bu,6050,872913,163
2026-02-21,UCbqjtNeW9vbz6_gwOW5PybQ,KYIO,11500,5215187,402
2026-02-21,UCUaHJ0fTA-1theR8A8Polmw,BFM Tech,574000,232558611,8366
2026-02-21,UC_FckuJiPXwA_nOEIoTsRZg,Fabien captain virtuality,12900,1805792,181
2026-02-21,UCSYFVeBI66YqDhGrYKxiCUQ,Georges,2440,176880,43
2026-02-21,UCWedHS9qKebauVIK2J7383g,Underscore_,921000,115274733,201
2026-02-21,UCrAiXFptzDmgQA6gUCOz9RQ,Meta Perso,14700,1092132,49
2026-02-21,UCeXhsPdO6bRK7ZycOeFdD8A,iTechNews,289000,2715074,80
2026-02-21,UCfQxUIhFxt59kj0hK53rZGg,"nakan.ch, sport et technologies",28900,5799936,417
2026-02-21,UCqRSWOqkW_oelrdUN7KQ-aQ,Les Numériques,155000,64786935,3040
2026-02-21,UCr7ZVUNJ9KyYD92xqfinGsQ,Jimtek,16300,1398242,139
2026-02-21,UCrs2S-Ilj6R6qhhXCiV5hsQ,Tech Live,18400,3176052,255
2026-02-21,UCqiGrF_OdWHHOs-eFe8O-ZA,Goli Tech,21,12006,493
2026-02-21,UCrGUPAX1w87ckAxUwu8JtOA,Team VRY,11500,6070542,421
2026-02-21,UCiR9chjo9kIFMsCXgspFxqg,Braindegeek,75100,47797175,806
2026-02-21,UCe7aMEBJH_sGJMCXWLCzeSA,TheFunTouch,1690,932594,170
2026-02-21,UCdSUuErbgIIfHCezyiXDCtQ,Guid0matic,14700,7170575,2879
2026-02-21,UCfbwndxvM8tOtxN_GqU1R3Q,Lorenzo-high-tech,29400,4544059,965
2026-02-21,UCkQI4PEJfOY37DU_WLLzc5w,Dell Technologies France,2480,50755195,324
2026-02-21,UCqC_p9Kw9pnvLvzr701beSg,Olivier Schmitt,178000,15369825,285
2026-02-21,UCqHcg3sjPv2mcGqL1B60bew,"Dbc iPhone, iPad, MacBook",33100,24416107,462
2026-02-21,UCpSRz-eAoiSW5kaHpI_3LjA,JOLI TECH,20,18536,504
2026-02-21,UCkS6jlQ4RJTCdkzVCU2-FSQ,GeekEtc,21900,6387238,643
2026-02-21,UCnnYqSNKKygemgmxC9PyLTw,Ludo Salenne,258000,16880779,425
2026-02-21,UCgoxc-VKU0cw9BcM9z_qokg,Frandroid,596000,201514145,2786
2026-02-21,UClXUBKUsEdXpSl4mOr3Q3jw,Binbin Tech,14100,1622075,58
2026-02-21,UClnRNkdVq24iwIbc1O-hjlw,Yensing,21100,1300876,20
2026-02-21,UCo2fYdtvhyXW38WiLW_yg0Q,Charles Bolduc,1930,340872,172
2026-02-21,UCgjhIdz3Uw9r-eMyML9M8FA,PIKATE,12500,1270628,123
2026-02-21,UCfc0cRoo8yYOzeuS89zpN-Q,Québec Test,302000,34957307,511
2026-02-21,UCnJAGhDDEPdvY2g4ipf9PMQ,Elliott Pierret,88600,5640761,170
2026-02-21,UCdqC1GnhKs3aQw6j62uOvUw,Mister Perrier,57100,5080537,364
2026-02-21,UCgWvhceGENT-dKBlgodnomQ,Les perdus Du numérique,12500,4149080,2000
2026-02-21,UCoJ4gzwVvGNH5GNqiJoQAAA,Alex Reframe,131000,25053550,645
2026-02-21,UClQPWod8Gjgw7i51t7PYibQ,Sélection Futée,2270,226013,381
2026-02-21,UCfwLCsZhix155PAoFTBb-oQ,Mac4Ever,161000,53584729,1981
2026-02-21,UCfLyhjpn3hzleNtgTGOQimA,Romain PIAUD,32100,7777892,593
2026-02-21,UChFaUrD7t1JQ0w7rObWhIRA,Millomaker,440000,54704440,86
2026-02-21,UCmUm6tw3Gz8dftSDy7Eep3A,Stéphane (Biggy Tech),34900,2967121,794
2026-02-21,UCeFfhz1vsSxxJY26VZHw19w,Selectos Tech,117000,31799572,597
2026-02-21,UCm3QK_QNta9Mue2Q70gtzVw,Android plus,2670,461003,440
2026-02-21,UCeUxAQ2j3OETAApTvBj5Scw,MoMo App,738000,46170214,912
2026-02-21,UCf-DN6QjyyEbhuMWCoXdXQQ,Phonandroid,144000,26522432,841
2026-02-21,UCpt_q94CBCYar_Gmkb9G_aA,Tenorshare 4DDiG Français,24500,7702832,258
2026-02-21,UCrSCIeCW1YuEviVZPVhEfGQ,Dorian GM,30300,6120721,272
2026-02-21,UChSBt06I1fa5FlDjbB0fChg,BenBraTeK,9610,1572211,61
2026-02-21,UCe7R7Pt-bxNT7EE83NLsmFQ,Avis Express - Testeur High-Tech,273000,58014434,1706
2026-02-21,UCfkiE_eKqeVWE0XhMNBMFdA,InfiniT,192,52371,160
2026-02-21,UCflWJq4cTuofmM-0G-GMUNQ,conseilguide,19300,6737272,1286
2026-02-21,UCrsiHZzr4IjuSjnvPy5rVUQ,Daddy Dtech,114000,12390968,404
2026-02-21,UCpaI1FRY8EGK6mEAL7Wfr9w,Yosheez,130000,58933827,864
2026-02-21,UCptwuAv0XQHo1OQUSaO6NHw,Max Tech,1260000,449091247,2073
2026-02-21,UCrHCRJPuJJcINMMEETEYt4g,Le Petit Comparateur,16200,5762986,741
2026-02-21,UCpFq62uOig4n9jT3luIYUDQ,VZX,23000,9481593,147
2026-02-21,UCdTrm2PZ7Wwa7xF-LbGP0dQ,Le Showroom de l'Image et du Son,15400,14848878,2817
2026-02-21,UCchpwieM3DswmDEnJ0MRq1A,Romain Lanéry,1050000,206228370,1696
2026-02-21,UCu6HC8ahaPWqqfSvic7nWyQ,Nightech,141000,35324618,516
2026-02-21,UCvTqrD4wJGkFBwr8v6dO-Wg,Miennu Core,401,191195,38
2026-02-21,UCrwtkeoBxPfhyde5eesmvyA,CieloTech,12800,14996470,221
2026-02-21,UCsKrhME6clyYbibb4nzvgMA,Leasi,6,3757,42
2026-02-21,UCt3bV9VvoCrXILlR1Z6kGmQ,Rémi Lou,136000,82278674,1197
2026-02-21,UCwsQtHFlS-LKVn8xJ3TaupQ,Monsieur Pixel,10200,1264627,224
2026-02-21,UCyeoo6CDdAyYGyUvHWF0gSA,Garmin France,15300,55897225,1275
2026-02-21,UCuJtgmGNF_PvicQkf88t-5g,ChristoTech,317000,33432699,1399
2026-02-21,UCxej0ZiLbbeVrz3XQZjj-MA,Huawei Mobile France,27700,43716250,120
2026-02-21,UCzxT0liRKM_xXnFYRZGiFHA,Acta - Swipe!,1140,261135,140
2026-02-21,UCssuk5-zaZn9vt0_HNj-Hug,VERBOZZ,474000,60924650,284
2026-02-21,UCwWgvJHw1mNRq_ry6VoPKEg,Yada,384000,43099523,537
2026-02-21,UCz-hlzLKQ__1nKXarSedtQA,HardwareFRA,33900,7133614,754
2026-02-21,UCs7Jg5KBsgiova4CrseuwIw,TheGrandTest,325000,45745379,1882
2026-02-21,UCtPzJInyqqt__Tn0EaUlaAw,Science Gaming,419000,398942227,1318
2026-02-21,UCz6PEeVLG1TL6jMRTvSLm4g,Matt Talks Tech,784000,109563076,1523
2026-02-21,UCxpT79bmhxk50l8P50WG86w,Discoverdex,78800,24249473,479
2026-02-21,UCzICpbabqKwBTpb9XlWerjA,PassTech TV,681,127419,14
2026-02-21,UCuE3ei3NOnVjQUefjHUCF5Q,DiscoverID,377000,52050764,532
2026-02-21,UCtmEbUFh18ZmtObT78ix9Yw,Tech and Shoot,30600,6692913,1322
2026-02-21,UCuDNiVxL-Zfw0CBVQ4oOr8w,DealSmart FR,224,34069,26
2026-02-21,UCxnikUCVJLsD4GTbujlnmlQ,Comparatif Mobile,201,30322,252
2026-02-21,UCySZIa8Y4e6aSVg4CISXAOA,Mathieu Dos Santos,25000,4189367,1132
2026-02-21,UCv8L8SztjsNYT4FpX8g5ATw,INFOMAX Paris,10300,7734414,345
2026-02-21,UCwZsbPUXohCN867pQzioGLw,Nicolas Barbet,15500,5765651,354
2026-02-22,UC1ndVn8sa4oTbW09P5ICOog,amazing mac TV,66100,18553712,1431
2026-02-22,UC0AFqXyYs1z2Dxx5jtQBicQ,SkinnZer,44700,3627206,288
2026-02-22,UC69qClfvKeB9WeyySg5iQrQ,Yohann Studio,4330,2302066,322
2026-02-22,UC1N4EIilrmXhTEdu3h7tpPg,iPhone page,1050,187925,271
2026-02-22,UC-g0NspJGvPdg_x7XIBNkNg,The Viewing Angle en Français,321,66159,22
2026-02-22,UCB0ffaItcXwkgbVu8Hvq3Tw,QUENTIN,224000,43426519,1305
2026-02-22,UCAz-755tH3m8_BwaluzdJwQ,Numerama,221000,105961949,2133
2026-02-22,UCC5xS4j2xUyGO2UfjFh5LsQ,Nooz,15100,2746617,620
2026-02-22,UC7sFrgyGelEr6eny6_PsGXQ,Tom's Guide France,40200,45878836,488
2026-02-22,UC2lMzO7HzJ_jamFT762vfwA,Jon Rettinger en Français,340,63701,36
2026-02-22,UCDvCJx3pU8N-23ilB6tNMlg,mister gadget,4340,1626247,733
2026-02-22,UC6joDErOGcFJC1vHNSfsYQg,01net,136000,48683422,1822
2026-02-22,UC2XmvTlziz2LSXd_QKBwf8Q,Espritnewgen,72000,21829676,2957
2026-02-22,UC1F5QJFXcu1evMkYyXRGoaw,LoKan Sardari - Studio,12300,1502817,676
2026-02-22,UCAOjk3Po21_t7L1MDHQ4-Og,FNK Hardware,249000,43299294,1239
2026-02-22,UCCUlTcDhcn72O8TiNfFJWWA,GLG video (JT Geek),70700,20293637,3361
2026-02-22,UC-2f97m_1UGWDogGudJcVJg,OtaXou,29400,3490012,370
2026-02-22,UCDY3WI0HqdzNADtE6B-BmUw,MrG Tech,185000,28786913,584
2026-02-22,UCBqYyDusSFntU7k2UnFGsBA,Giga Content,24800,5217073,823
2026-02-22,UC66ysWRFWfg-V5RhnQN4wFg,Gadget Evolution,69400,8336669,80
2026-02-22,UC-pdFydi9ooxEfATh3KoiIw,STEVEN,1100000,197002101,1508
2026-02-22,UCDfGCQqgOKPYeiaG3I4vl4w,Marty,110000,22650450,886
2026-02-22,UC0V8fUv0DB5Tq7uHdG7ixyw,W38,140000,61586822,1920
2026-02-22,UC3CBQLyxiC35oxJPoufLnMQ,Gizmo Rush,74400,175291443,1227
2026-02-22,UC7rdUip5Q8R7Ki1haNbdwwg,SoloTech,254000,35276579,630
2026-02-22,UCAicNsMAZgbqPr_0QsnI1PA,Cobra.fr,6420,6956219,2149
2026-02-22,UC1wV5Kf18gVbL3bWH-tWKDw,Cmonavis 🇫🇷,62500,12563840,656
2026-02-22,UC65OszX3C9oYfNLU5AWjwYg,Aaron,2990,303105,32
2026-02-22,UCBOGe_x7aqQV4Ly5Rfa4iow,Les Tests de Cyril,31600,2648744,456
2026-02-22,UCE4qu22kCO225a91eERbxvA,Vivo Tech,15,9047,469
2026-02-22,UC7XxmEXw7wXgh259vYCSjkQ,Cmonavis 2 🇫🇷,10200,1284091,210
2026-02-22,UCDBYphtxNDXGQe5eyHYZ6Fw,GUILLAUME,498000,66009258,883
2026-02-22,UC70eSjnRIGvRLCzT6K0SQSg,Device FR,2020,731547,924
2026-02-22,UCA_DfRJwb5U0S4UiiH3BtUg,Jérémy Dufour,77900,14885670,995
2026-02-22,UC3-dl8nKItitMxM9DNTDAfQ,Kang et ses PC,107000,28446946,145
2026-02-22,UC3aPRnneybmQcbEK-X-Qptg,GLG reviews,387000,33012392,1688
2026-02-22,UC6jfhJWEAfako0XlKnA2UGQ,Timena TechGeek,64300,11487660,1014
2026-02-22,UC4vD_Spv_zjcmyfHpnAwBNA,Ixar.,15800,2494945,187
2026-02-22,UCCM6zpvTcgXeNqLmQ9swugQ,Selectos Lifestyle,13000,4533546,196
2026-02-22,UCA25ZdZZF5XE6ihPE5pwfnw,Materiel.net,31800,12908556,577
2026-02-22,UC08uERSqTFS3xSwXKMLrUVg,TECH TITANS,35800,11015294,243
2026-02-22,UC2HXhqg87yIWz152Ig9vkaQ,Tout Techno,32400,7181046,247
2026-02-22,UCB32y6dm508Hap4_Mn-ZnHQ,Presse-citron,91300,25796206,1443
2026-02-22,UC1WIj7YGywcVoRLS0zZu2RQ,TechDams,5390,1778238,22
2026-02-22,UC0Cgi1uK0MWB5V_VtKkvi8g,La Geek News,3830,759132,164
2026-02-22,UC5HtcZa4-moyfy6NTY7GHwA,TECHNO 24,515,218397,556
2026-02-22,UC69gruQfEHEQ4Qme0liJOdw,Ludo Tech,1800,810704,201
2026-02-22,UC44qdJgVvPEaEaojOUZpp9A,Benjamin Code Plus,19400,662503,32
2026-02-22,UC0xLruy2ZFFpxR6ODgnhJXA,GadgetRevNow,160000,85815875,1202
2026-02-22,UC4q3HKdMqzll3SvA2Lf7oAg,Thomas in Tech,73400,21478991,961
2026-02-22,UCPLnJmNrlcQzyi8QAP_dhJA,Dariusz Tech,126000,119814386,831
2026-02-22,UCHJb6-VCrzQqVQASN23OskQ,Jigfio Ti Super,19200,963063,70
2026-02-22,UCIu36vEY96BCwfYvz5ccucg,LDLC.com,27900,7211817,365
2026-02-22,UCMWAxO0xGJxELkiX5_pEJNA,Pannacophone - Smartphone & Tech,91300,11596000,137
2026-02-22,UCL3y_psKbrdZ5FZo3dvVeEQ,Pafito,15500,8418715,96
2026-02-22,UCJLKCYMkCbOW9wzmeUj8dwQ,MEHDI’N TECH,59700,3255490,136
2026-02-22,UCOaX4zvPzmv0eBbUWOOOB_A,TopAchat,102000,19208466,701
2026-02-22,UCQSA6pCffm7epqxFqouL0Xg,Mathis et Gauthier,194000,33603661,441
2026-02-22,UCNzUonmxxvG-HIqOC3S7Thw,VAC - Vulgarisateur Apple et compagnie,79400,1556388,231
2026-02-22,UCNiauGTV7XhkOpUAIXod4xA,Léo Duff,809000,64305324,320
2026-02-22,UCQsb5TqYUeGWGpJFr8DMWsQ,ANONIMAL,613000,71351405,298
2026-02-22,UCOm_kuKVb4ImX_DHpIgX_zg,Skinn's Tech Deals,1980,74375,18
2026-02-22,UCGkFwY0mGku1M9_6M_NQ7Ig,Kylian Le Bris,3800,1933109,76
2026-02-22,UCNWE4ouC-BxzJ-Lomuuqb1Q,Isma(ël),4490,311855,45
2026-02-22,UCJPa4sr9B_mLjShfHhWi8yg,TECnaiche,13600,4700148,403
2026-02-22,UCFWds3GTyhvWpSF308RC1Eg,PcComponentesFR,651,251898,126
2026-02-22,UCN6zUULSoitsLJB03jh_I0A,Le Futurologue,30800,3006807,310
2026-02-22,UCQvNFAufGf8mtN2_L8thysg,Journal du Geek,66400,31795385,2509
2026-02-22,UCGMxP4yf3ixAAEKQc3d76gw,Arnaud,6500,1861564,149
2026-02-22,UCP5-zNhWXk_LUPIJpxtrTnQ,Cowcotland,52600,23555461,4268
2026-02-22,UCM6kUx3GI7lTQlqMBiumaEg,technofou,43300,1925904,90
2026-02-22,UCJy0lX8ThZ7lCtst7JnegWQ,Jojol,2700000,612754325,2124
2026-02-22,UCJ4p_F-vCnEn5V5OtFN8Q3w,FrenchMakito,32700,3603055,99
2026-02-22,UCPP-NkzSqMJ9ywhJkcgrpAw,Tech_Sama,214000,29444669,759
2026-02-22,UCOtM8pxxBIfwqu6e8mHgUEQ,TheiMika,12800,3591109,121
2026-02-22,UCMwkAK-lhEeLld9xLiyKLMg,Captain Grochat,24800,2429039,108
2026-02-22,UCR-4Ge4NbqILG5HTTvs_nFQ,Lysandre_lbd,12300,5451453,323
2026-02-22,UCQZa27_VXLUowoMsYo6Y0Dw,bazze tv,23300,3265690,270
2026-02-22,UCIorGsaWVmlkpNsngTQPDAg,Clubic,31900,10216920,1444
2026-02-22,UCNOUTy_TWRJzAaSfIGserkg,Nowtech Replay (Le Mug Nowtech),5400,816426,514
2026-02-22,UCOyUCj6Wx9skJggzZFUDZyA,Unlock Talk,20500,2461481,372
2026-02-22,UCFrfK9IFqO15S7C52DdnSog,GIGATOP,44300,15514133,1097
2026-02-22,UCMc7IaTDRDtxftK9v0aXVqA,Yada 2.0,112000,16761570,206
2026-02-22,UCPQsSFJurluaMOG1qL0Y7sA,PP World,449000,78111614,1040
2026-02-22,UCQwe6dSfilWUgNbgQ3NCQNg,C mon point de vue,3570,905624,62
2026-02-22,UCOCoKBUmALR6d7UW_s5zgrA,Arnaud C.,107000,6987152,319
2026-02-22,UCMWWgqykXE5exHk60TCZ-bw,Yukio_Clyks,27500,7481329,433
2026-02-22,UCEPqgSzHj7vlJj5pGX9dDdA,Gilo & Alex,2330,132355,40
2026-02-22,UCHGvOgxAA_MFOH1yyhjcR-Q,ArtBen,327000,38260575,266
2026-02-22,UCGjKSSIpN7aYQluu04kPrsA,Brandon Le Proktor,308000,45056204,405
2026-02-22,UCO14QTmfRbe9j9PTJsAhtLQ,PΔX,89300,12893733,502
2026-02-22,UCFdQm01R6HPdMw4oa6a0Ihw,Qasim,38400,17095945,204
2026-02-22,UCIaNSaws_Wv_eoUAmDbUK-Q,MT High Tech Deal's,2820,246492,71
2026-02-22,UCJ3MlRSjtv2sT-rIDsFg0fw,Sam_VNR,5290,389318,68
2026-02-22,UCHRVeW3Z0ttSFk6xIfGW4lA,Nicorama,158000,13980572,287
2026-02-22,UCKkFotHwcyYF1cn8sFcKvqw,MacGeneration,4950,4705609,588
2026-02-22,UCHgZ3SrY7FhB0KjFki50fEQ,Gabinks,1160,322979,154
2026-02-22,UCQigF3tZJJlt6o1_tkYKkNQ,KAPPA Studio,233000,59014583,126
2026-02-22,UCH6ppHEvV3_WIXEwmhv9HEg,Deus Ex Silicium,409000,28073158,140
2026-02-22,UCLOAPb7ATQUs_nDs9ViLcMw,Benjamin Code,155000,13902753,383
2026-02-22,UCX4A8obrGg1iX37R-fyBJ6w,Monde Tech,727,148606,144
2026-02-22,UCSvD1S5kHsr9tvD3gDXkPkQ,Techmo,98700,56000199,303
2026-02-22,UCYU8ljh_pDcwqDMWZoJWqwA,RABBIN DES BOIS,360000,20231031,149
2026-02-22,UCUanZckNyJODHBdqtMzYMpA,ORLM.tv / On refait le Mac,54900,13509218,1490
2026-02-22,UCSYFVeBI66YqDhGrYKxiCUQ,Georges,2470,177549,44
2026-02-22,UCTE6xlfjGhlJ3pLVsg85-AQ,Amazon Promo Tech,1330,77711,517
2026-02-22,UCb6bgt9GlMWk-gKrLLfXFLw,Julien Hick,11000,3301620,362
2026-02-22,UCbwE_k9zALnzZRvkoyDhuzw,Jojo Le Geek,165000,25400467,593
2026-02-22,UCVrceZhsV6TRyVh3VhBFaKA,MOBICLICK,2390,1431671,209
2026-02-22,UCZEdNvDcHUPEE7CDRpXnO6w,Cyril | Ctrl Bu,6050,875103,163
2026-02-22,UCT9QoBXRO1_z1f-Ud97RxPg,Norizon,322,26956,20
2026-02-22,UCSGjkErS7A6LPBjESg56p7g,Tech Shorts,31900,11856389,199
2026-02-22,UCRI5foOTNz6DuVz3SVQ1cMA,Tao Gassin,15300,1165512,54
2026-02-22,UCYnvxJ-PKiGXo_tYXpWAC-w,Micode,1840000,122849593,85
2026-02-22,UCZsEJw8rwd0RWAga5dulOpg,Bon Plan High Tech,13700,4588202,344
2026-02-22,UCbqjtNeW9vbz6_gwOW5PybQ,KYIO,11500,5239806,403
2026-02-22,UC_dzE9mydhQuQ0NwmXByDtA,André Martin,391000,56438939,1002
2026-02-22,UCWzO_6sTx_tzEi0pU_3L5dA,Kizuna Horizon,185,68338,11
2026-02-22,UCUD3E77YRTGK3yPSDB6Kq5Q,Monsport06,193000,13214822,510
2026-02-22,UCTG26Ngiphy9TCOejxGfShQ,R-Tech,136,101595,61
2026-02-22,UCYWJ5aXwE7vyN-qtDT3uR4w,Top For Phone,148000,47131533,1643
2026-02-22,UC_FckuJiPXwA_nOEIoTsRZg,Fabien captain virtuality,12900,1806326,181
2026-02-22,UCRhyS_ylPQ5GWBl1lK92ftA,Léo - TechMaker,2220000,382665029,1540
2026-02-22,UCTKa4DGeCFeThot6rcRqNow,TechnoïdFR,21900,5483953,1728
2026-02-22,UCXJ_vW2t0W5hY9hS8ePnpzw,Back Market France,22000,161544084,200
2026-02-22,UCaHolOYkfcTdC0vTFAywzXw,LoKan Sardari,88400,18559020,987
2026-02-22,UCVwG9JHqGLfEO-4TkF-lf2g,Nowtech,442000,73550562,905
2026-02-22,UCUaHJ0fTA-1theR8A8Polmw,BFM Tech,574000,232586716,8367
2026-02-22,UCZ5qxuvquQABNtjcawNMowA,DaddyFamtech,126000,13706189,1431
2026-02-22,UCU8_onYYhNxwGUB3hA34C4Q,FrenchHardware,844000,170137573,943
2026-02-22,UCUbwQOAmLdZ9zPOOPFt25zQ,YanNick TECH,68100,17604076,1338
2026-02-22,UCYmw-Y8TnRzO4COTBKEgUGg,Les Dénicheurs,20800,5963387,3004
2026-02-22,UCR3uoYsbRO_S0wg2DaSlb8g,Wondershare Français,99800,16049410,1296
2026-02-22,UCSGT2_DuhiJ1uV9dpRbXxug,Kulture ChroniK,168000,26365083,863
2026-02-22,UCb0sWM7tMRaEgn_hpptqnxA,Mon iPad & Moi,775,42010,29
2026-02-22,UCWedHS9qKebauVIK2J7383g,Underscore_,921000,115318196,201
2026-02-22,UCaysddji-z_Za5b6EMmcc3g,Bien Chez Soi,52800,1931328,799
2026-02-22,UCagQpz-WZtgbSp8Ry0XQ4Yw,Victor,3190,226803,52
2026-02-22,UCUT9pQQGw4ZEpv5hqrv-bZw,TonyTech,94900,11837499,769
2026-02-22,UCTmHRe6W96WgYlUNxcokpVQ,Fitfitzone,1280,183362,18
2026-02-22,UCU_a5aoj_HzTMohx0JG_Z4A,GUILLAUME++,101000,9759503,301
2026-02-22,UCSPoCan8_9ELmqEVS2hUHPA,iVax,120000,20906610,487
2026-02-22,UCa8Leo9o5Nnb-Cc1sWfT2HQ,MobileAddict,300000,44159097,420
2026-02-22,UCURjynFkZicGPbIIaWO9vmQ,Benji TV,60900,14555245,251
2026-02-22,UCUclUivgBePqnqDGQ3Jzu2Q,TOUKIWANTI,130000,22402142,854
2026-02-22,UCUltPy138RvnbWX_FuUHtDA,MT High-Tech,22100,2931857,318
2026-02-22,UCaybrunQi8xWgPMgv1AYBHw,TheiCollection,1000000,219833950,1289
2026-02-22,UCc7giV0qHsCNbhjV3_ZJ22w,Paul - Nakryum,107000,16829254,588
2026-02-22,UCTOAKgwfqqCbOytF3RNGGVw,Monsieur GRrr,724000,147850162,1990
2026-02-22,UCTER7XOnDvSRbI2YxikLaVw,RTBF iXPé,262000,92730970,2486
2026-02-22,UCfkiE_eKqeVWE0XhMNBMFdA,InfiniT,192,52479,160
2026-02-22,UChSBt06I1fa5FlDjbB0fChg,BenBraTeK,9610,1572973,60
2026-02-22,UCdqC1GnhKs3aQw6j62uOvUw,Mister Perrier,57100,5080810,364
2026-02-22,UCgWvhceGENT-dKBlgodnomQ,Les perdus Du numérique,12500,4151016,1995
2026-02-22,UCpaI1FRY8EGK6mEAL7Wfr9w,Yosheez,130000,58951154,865
2026-02-22,UClnRNkdVq24iwIbc1O-hjlw,Yensing,21100,1302515,20
2026-02-22,UCnnYqSNKKygemgmxC9PyLTw,Ludo Salenne,258000,16884146,425
2026-02-22,UCflWJq4cTuofmM-0G-GMUNQ,conseilguide,19300,6740135,1286
2026-02-22,UCrs2S-Ilj6R6qhhXCiV5hsQ,Tech Live,18400,3177361,255
2026-02-22,UCmUm6tw3Gz8dftSDy7Eep3A,Stéphane (Biggy Tech),34900,2967823,794
2026-02-22,UCrHCRJPuJJcINMMEETEYt4g,Le Petit Comparateur,16200,5766086,740
2026-02-22,UCe7aMEBJH_sGJMCXWLCzeSA,TheFunTouch,1690,932595,170
2026-02-22,UCpSRz-eAoiSW5kaHpI_3LjA,JOLI TECH,20,18713,504
2026-02-22,UCnJAGhDDEPdvY2g4ipf9PMQ,Elliott Pierret,88800,5653251,170
2026-02-22,UCchpwieM3DswmDEnJ0MRq1A,Romain Lanéry,1050000,206263712,1697
2026-02-22,UCrGUPAX1w87ckAxUwu8JtOA,Team VRY,11500,6073942,421
2026-02-22,UClXUBKUsEdXpSl4mOr3Q3jw,Binbin Tech,14100,1623775,58
2026-02-22,UCrSCIeCW1YuEviVZPVhEfGQ,Dorian GM,30400,6130328,272
2026-02-22,UCqiGrF_OdWHHOs-eFe8O-ZA,Goli Tech,21,12045,493
2026-02-22,UCfbwndxvM8tOtxN_GqU1R3Q,Lorenzo-high-tech,29400,4546792,966
2026-02-22,UCkS6jlQ4RJTCdkzVCU2-FSQ,GeekEtc,21900,6393145,643
2026-02-22,UCoJ4gzwVvGNH5GNqiJoQAAA,Alex Reframe,131000,25055031,645
2026-02-22,UCgoxc-VKU0cw9BcM9z_qokg,Frandroid,596000,201611383,2787
2026-02-22,UCpt_q94CBCYar_Gmkb9G_aA,Tenorshare 4DDiG Français,24500,7705591,257
2026-02-22,UCptwuAv0XQHo1OQUSaO6NHw,Max Tech,1260000,449145943,2073
2026-02-22,UCeFfhz1vsSxxJY26VZHw19w,Selectos Tech,117000,31801497,597
2026-02-22,UCo2fYdtvhyXW38WiLW_yg0Q,Charles Bolduc,1930,341046,172
2026-02-22,UCdTrm2PZ7Wwa7xF-LbGP0dQ,Le Showroom de l'Image et du Son,15400,14850396,2817
2026-02-22,UCrAiXFptzDmgQA6gUCOz9RQ,Meta Perso,14700,1092366,49
2026-02-22,UCqRSWOqkW_oelrdUN7KQ-aQ,Les Numériques,155000,64798753,3040
2026-02-22,UCkQI4PEJfOY37DU_WLLzc5w,Dell Technologies France,2480,50755224,324
2026-02-22,UCfwLCsZhix155PAoFTBb-oQ,Mac4Ever,161000,53611814,1983
2026-02-22,UCdSUuErbgIIfHCezyiXDCtQ,Guid0matic,14700,7172609,2881
2026-02-22,UCfc0cRoo8yYOzeuS89zpN-Q,Québec Test,302000,34978683,511
2026-02-22,UCfQxUIhFxt59kj0hK53rZGg,"nakan.ch, sport et technologies",28900,5802754,417
2026-02-22,UCeUxAQ2j3OETAApTvBj5Scw,MoMo App,738000,46180070,913
2026-02-22,UCqHcg3sjPv2mcGqL1B60bew,"Dbc iPhone, iPad, MacBook",33200,24485427,463
2026-02-22,UCe7R7Pt-bxNT7EE83NLsmFQ,Avis Express - Testeur High-Tech,273000,58023309,1707
2026-02-22,UCgjhIdz3Uw9r-eMyML9M8FA,PIKATE,12600,1273744,123
2026-02-22,UCm3QK_QNta9Mue2Q70gtzVw,Android plus,2660,461247,440
2026-02-22,UCeXhsPdO6bRK7ZycOeFdD8A,iTechNews,289000,2723905,80
2026-02-22,UCiR9chjo9kIFMsCXgspFxqg,Braindegeek,75100,47847711,806
2026-02-22,UCqC_p9Kw9pnvLvzr701beSg,Olivier Schmitt,178000,15381353,285
2026-02-22,UClQPWod8Gjgw7i51t7PYibQ,Sélection Futée,2280,227471,381
2026-02-22,UCrsiHZzr4IjuSjnvPy5rVUQ,Daddy Dtech,114000,12391326,404
2026-02-22,UCfLyhjpn3hzleNtgTGOQimA,Romain PIAUD,32100,7786557,593
2026-02-22,UCf-DN6QjyyEbhuMWCoXdXQQ,Phonandroid,144000,26524578,841
2026-02-22,UChFaUrD7t1JQ0w7rObWhIRA,Millomaker,440000,54767185,86
2026-02-22,UCpFq62uOig4n9jT3luIYUDQ,VZX,23000,9482982,147
2026-02-22,UCr7ZVUNJ9KyYD92xqfinGsQ,Jimtek,16300,1417965,139
2026-02-22,UCsKrhME6clyYbibb4nzvgMA,Leasi,6,3763,42
2026-02-22,UCzICpbabqKwBTpb9XlWerjA,PassTech TV,681,127423,14
2026-02-22,UCs7Jg5KBsgiova4CrseuwIw,TheGrandTest,325000,45801146,1883
2026-02-22,UCv8L8SztjsNYT4FpX8g5ATw,INFOMAX Paris,10300,7783274,345
2026-02-22,UCyeoo6CDdAyYGyUvHWF0gSA,Garmin France,15300,56169840,1272
2026-02-22,UCwWgvJHw1mNRq_ry6VoPKEg,Yada,384000,43113287,537
2026-02-22,UCtPzJInyqqt__Tn0EaUlaAw,Science Gaming,419000,399432494,1320
2026-02-22,UCuE3ei3NOnVjQUefjHUCF5Q,DiscoverID,377000,52055744,532
2026-02-22,UCuDNiVxL-Zfw0CBVQ4oOr8w,DealSmart FR,224,34225,25
2026-02-22,UCssuk5-zaZn9vt0_HNj-Hug,VERBOZZ,474000,60942337,284
2026-02-22,UCtmEbUFh18ZmtObT78ix9Yw,Tech and Shoot,30600,6696310,1323
2026-02-22,UCvTqrD4wJGkFBwr8v6dO-Wg,Miennu Core,401,191366,38
2026-02-22,UCz-hlzLKQ__1nKXarSedtQA,HardwareFRA,33900,7137406,755
2026-02-22,UCu6HC8ahaPWqqfSvic7nWyQ,Nightech,141000,35368775,517
2026-02-22,UCuJtgmGNF_PvicQkf88t-5g,ChristoTech,317000,33436761,1398
2026-02-22,UCxej0ZiLbbeVrz3XQZjj-MA,Huawei Mobile France,27700,43716295,120
2026-02-22,UCz6PEeVLG1TL6jMRTvSLm4g,Matt Talks Tech,785000,109697442,1525
2026-02-22,UCt3bV9VvoCrXILlR1Z6kGmQ,Rémi Lou,136000,82364487,1197
2026-02-22,UCrwtkeoBxPfhyde5eesmvyA,CieloTech,12900,15046004,221
2026-02-22,UCxnikUCVJLsD4GTbujlnmlQ,Comparatif Mobile,201,30444,252
2026-02-22,UCzxT0liRKM_xXnFYRZGiFHA,Acta - Swipe!,1140,261445,140
2026-02-22,UCwsQtHFlS-LKVn8xJ3TaupQ,Monsieur Pixel,10200,1266758,224
2026-02-22,UCwZsbPUXohCN867pQzioGLw,Nicolas Barbet,15500,5769148,354
2026-02-22,UCxpT79bmhxk50l8P50WG86w,Discoverdex,78900,24261854,479
2026-02-22,UCySZIa8Y4e6aSVg4CISXAOA,Mathieu Dos Santos,25000,4193009,1131
2026-02-23,UCB32y6dm508Hap4_Mn-ZnHQ,Presse-citron,91300,25800801,1443
2026-02-23,UCC5xS4j2xUyGO2UfjFh5LsQ,Nooz,15200,2749300,621
2026-02-23,UC5HtcZa4-moyfy6NTY7GHwA,TECHNO 24,528,219933,556
2026-02-23,UC7rdUip5Q8R7Ki1haNbdwwg,SoloTech,254000,35282131,631
2026-02-23,UCB0ffaItcXwkgbVu8Hvq3Tw,QUENTIN,224000,43427853,1305
2026-02-23,UC7sFrgyGelEr6eny6_PsGXQ,Tom's Guide France,40200,45879818,488
2026-02-23,UC3CBQLyxiC35oxJPoufLnMQ,Gizmo Rush,74600,175887016,1231
2026-02-23,UCAz-755tH3m8_BwaluzdJwQ,Numerama,221000,106077355,2129
2026-02-23,UC0Cgi1uK0MWB5V_VtKkvi8g,La Geek News,3830,760869,165
2026-02-23,UC70eSjnRIGvRLCzT6K0SQSg,Device FR,2020,733997,927
2026-02-23,UC66ysWRFWfg-V5RhnQN4wFg,Gadget Evolution,70100,8455079,82
2026-02-23,UC0xLruy2ZFFpxR6ODgnhJXA,GadgetRevNow,160000,86042645,1203
2026-02-23,UC2lMzO7HzJ_jamFT762vfwA,Jon Rettinger en Français,341,64055,37
2026-02-23,UC0V8fUv0DB5Tq7uHdG7ixyw,W38,140000,61587058,1920
2026-02-23,UC69gruQfEHEQ4Qme0liJOdw,Ludo Tech,1800,811321,201
2026-02-23,UC6jfhJWEAfako0XlKnA2UGQ,Timena TechGeek,64300,11490372,1014
2026-02-23,UC3-dl8nKItitMxM9DNTDAfQ,Kang et ses PC,108000,28703662,145
2026-02-23,UC4q3HKdMqzll3SvA2Lf7oAg,Thomas in Tech,73400,21491857,961
2026-02-23,UCCM6zpvTcgXeNqLmQ9swugQ,Selectos Lifestyle,13000,4535243,196
2026-02-23,UCBOGe_x7aqQV4Ly5Rfa4iow,Les Tests de Cyril,31600,2650924,456
2026-02-23,UCDfGCQqgOKPYeiaG3I4vl4w,Marty,110000,22659761,886
2026-02-23,UC-2f97m_1UGWDogGudJcVJg,OtaXou,29400,3495312,370
2026-02-23,UCCUlTcDhcn72O8TiNfFJWWA,GLG video (JT Geek),70700,20294578,3361
2026-02-23,UC1N4EIilrmXhTEdu3h7tpPg,iPhone page,1050,188158,270
2026-02-23,UCDvCJx3pU8N-23ilB6tNMlg,mister gadget,4340,1627489,733
2026-02-23,UCDY3WI0HqdzNADtE6B-BmUw,MrG Tech,185000,28792237,584
2026-02-23,UC3aPRnneybmQcbEK-X-Qptg,GLG reviews,389000,33028785,1688
2026-02-23,UC4vD_Spv_zjcmyfHpnAwBNA,Ixar.,15800,2497985,187
2026-02-23,UC2HXhqg87yIWz152Ig9vkaQ,Tout Techno,32400,7189864,248
2026-02-23,UCA_DfRJwb5U0S4UiiH3BtUg,Jérémy Dufour,77900,14899822,997
2026-02-23,UC08uERSqTFS3xSwXKMLrUVg,TECH TITANS,35900,11062557,243
2026-02-23,UCAOjk3Po21_t7L1MDHQ4-Og,FNK Hardware,249000,43304182,1241
2026-02-23,UCA25ZdZZF5XE6ihPE5pwfnw,Materiel.net,31800,12916614,577
2026-02-23,UC7XxmEXw7wXgh259vYCSjkQ,Cmonavis 2 🇫🇷,10200,1285781,210
2026-02-23,UC44qdJgVvPEaEaojOUZpp9A,Benjamin Code Plus,19400,665148,32
2026-02-23,UC2XmvTlziz2LSXd_QKBwf8Q,Espritnewgen,72000,21833663,2956
2026-02-23,UC-pdFydi9ooxEfATh3KoiIw,STEVEN,1100000,197008913,1508
2026-02-23,UC1ndVn8sa4oTbW09P5ICOog,amazing mac TV,66100,18556167,1431
2026-02-23,UCE4qu22kCO225a91eERbxvA,Vivo Tech,15,9152,469
2026-02-23,UC1WIj7YGywcVoRLS0zZu2RQ,TechDams,5400,1781846,22
2026-02-23,UCAicNsMAZgbqPr_0QsnI1PA,Cobra.fr,6420,6957595,2149
2026-02-23,UC1F5QJFXcu1evMkYyXRGoaw,LoKan Sardari - Studio,12300,1503778,676
2026-02-23,UCDBYphtxNDXGQe5eyHYZ6Fw,GUILLAUME,498000,66022814,882
2026-02-23,UC-g0NspJGvPdg_x7XIBNkNg,The Viewing Angle en Français,324,66455,23
2026-02-23,UCBqYyDusSFntU7k2UnFGsBA,Giga Content,24800,5222003,822
2026-02-23,UC6joDErOGcFJC1vHNSfsYQg,01net,136000,48698554,1823
2026-02-23,UC0AFqXyYs1z2Dxx5jtQBicQ,SkinnZer,44700,3627506,288
2026-02-23,UC65OszX3C9oYfNLU5AWjwYg,Aaron,2990,303477,32
2026-02-23,UC69qClfvKeB9WeyySg5iQrQ,Yohann Studio,4330,2302551,322
2026-02-23,UC1wV5Kf18gVbL3bWH-tWKDw,Cmonavis 🇫🇷,62500,12569286,654
2026-02-23,UCQigF3tZJJlt6o1_tkYKkNQ,KAPPA Studio,233000,59072450,126
2026-02-23,UCQvNFAufGf8mtN2_L8thysg,Journal du Geek,66400,31798347,2509
2026-02-23,UCMWWgqykXE5exHk60TCZ-bw,Yukio_Clyks,27500,7485258,434
2026-02-23,UCH6ppHEvV3_WIXEwmhv9HEg,Deus Ex Silicium,409000,28076395,140
2026-02-23,UCPP-NkzSqMJ9ywhJkcgrpAw,Tech_Sama,214000,29449203,759
2026-02-23,UCO14QTmfRbe9j9PTJsAhtLQ,PΔX,89300,12898739,502
2026-02-23,UCHJb6-VCrzQqVQASN23OskQ,Jigfio Ti Super,19200,964533,70
2026-02-23,UCNWE4ouC-BxzJ-Lomuuqb1Q,Isma(ël),4500,311991,45
2026-02-23,UCHRVeW3Z0ttSFk6xIfGW4lA,Nicorama,158000,13992127,288
2026-02-23,UCOaX4zvPzmv0eBbUWOOOB_A,TopAchat,102000,19237348,701
2026-02-23,UCNzUonmxxvG-HIqOC3S7Thw,VAC - Vulgarisateur Apple et compagnie,79500,1559111,231
2026-02-23,UCGjKSSIpN7aYQluu04kPrsA,Brandon Le Proktor,308000,45058831,405
2026-02-23,UCHGvOgxAA_MFOH1yyhjcR-Q,ArtBen,327000,38264871,266
2026-02-23,UCQZa27_VXLUowoMsYo6Y0Dw,bazze tv,23300,3269614,270
2026-02-23,UCMc7IaTDRDtxftK9v0aXVqA,Yada 2.0,112000,16769978,206
2026-02-23,UCQwe6dSfilWUgNbgQ3NCQNg,C mon point de vue,3570,906673,62
2026-02-23,UCPLnJmNrlcQzyi8QAP_dhJA,Dariusz Tech,126000,120083941,831
2026-02-23,UCMwkAK-lhEeLld9xLiyKLMg,Captain Grochat,24800,2435750,108
2026-02-23,UCNOUTy_TWRJzAaSfIGserkg,Nowtech Replay (Le Mug Nowtech),5400,816662,514
2026-02-23,UCPQsSFJurluaMOG1qL0Y7sA,PP World,449000,78132287,1041
2026-02-23,UCJ4p_F-vCnEn5V5OtFN8Q3w,FrenchMakito,32700,3604252,99
2026-02-23,UCEPqgSzHj7vlJj5pGX9dDdA,Gilo & Alex,2330,132456,40
2026-02-23,UCIu36vEY96BCwfYvz5ccucg,LDLC.com,27900,7211968,365
2026-02-23,UCIorGsaWVmlkpNsngTQPDAg,Clubic,31900,10224477,1444
2026-02-23,UCNiauGTV7XhkOpUAIXod4xA,Léo Duff,810000,64345875,320
2026-02-23,UCFrfK9IFqO15S7C52DdnSog,GIGATOP,44300,15531905,1097
2026-02-23,UCJ3MlRSjtv2sT-rIDsFg0fw,Sam_VNR,5350,413801,69
2026-02-23,UCJy0lX8ThZ7lCtst7JnegWQ,Jojol,2700000,612827143,2125
2026-02-23,UCL3y_psKbrdZ5FZo3dvVeEQ,Pafito,15500,8432821,96
2026-02-23,UCGMxP4yf3ixAAEKQc3d76gw,Arnaud,6510,1865384,150
2026-02-23,UCOCoKBUmALR6d7UW_s5zgrA,Arnaud C.,107000,6988022,320
2026-02-23,UCIaNSaws_Wv_eoUAmDbUK-Q,MT High Tech Deal's,2820,246520,71
2026-02-23,UCM6kUx3GI7lTQlqMBiumaEg,technofou,43300,1926028,90
2026-02-23,UCQsb5TqYUeGWGpJFr8DMWsQ,ANONIMAL,613000,71352092,298
2026-02-23,UCHgZ3SrY7FhB0KjFki50fEQ,Gabinks,1160,324082,154
2026-02-23,UCGkFwY0mGku1M9_6M_NQ7Ig,Kylian Le Bris,3930,1977187,77
2026-02-23,UCQSA6pCffm7epqxFqouL0Xg,Mathis et Gauthier,194000,33607924,441
2026-02-23,UCJLKCYMkCbOW9wzmeUj8dwQ,MEHDI’N TECH,59700,3256847,136
2026-02-23,UCN6zUULSoitsLJB03jh_I0A,Le Futurologue,30900,3014411,310
2026-02-23,UCOtM8pxxBIfwqu6e8mHgUEQ,TheiMika,12800,3591244,121
2026-02-23,UCFWds3GTyhvWpSF308RC1Eg,PcComponentesFR,652,252234,126
2026-02-23,UCOm_kuKVb4ImX_DHpIgX_zg,Skinn's Tech Deals,1980,74494,18
2026-02-23,UCKkFotHwcyYF1cn8sFcKvqw,MacGeneration,4950,4708835,588
2026-02-23,UCR-4Ge4NbqILG5HTTvs_nFQ,Lysandre_lbd,12300,5456306,324
2026-02-23,UCOyUCj6Wx9skJggzZFUDZyA,Unlock Talk,20600,2465893,376
2026-02-23,UCJPa4sr9B_mLjShfHhWi8yg,TECnaiche,13600,4704076,403
2026-02-23,UCLOAPb7ATQUs_nDs9ViLcMw,Benjamin Code,155000,13909076,383
2026-02-23,UCFdQm01R6HPdMw4oa6a0Ihw,Qasim,38400,17108674,204
2026-02-23,UCMWAxO0xGJxELkiX5_pEJNA,Pannacophone - Smartphone & Tech,91300,11602601,137
2026-02-23,UCP5-zNhWXk_LUPIJpxtrTnQ,Cowcotland,52600,23557948,4268
2026-02-23,UCUD3E77YRTGK3yPSDB6Kq5Q,Monsport06,193000,13218317,510
2026-02-23,UCTG26Ngiphy9TCOejxGfShQ,R-Tech,138,101971,61
2026-02-23,UCWedHS9qKebauVIK2J7383g,Underscore_,921000,115365641,201
2026-02-23,UCagQpz-WZtgbSp8Ry0XQ4Yw,Victor,3210,227399,52
2026-02-23,UCUltPy138RvnbWX_FuUHtDA,MT High-Tech,22100,2932298,319
2026-02-23,UCaysddji-z_Za5b6EMmcc3g,Bien Chez Soi,52800,1943434,802
2026-02-23,UCTmHRe6W96WgYlUNxcokpVQ,Fitfitzone,1280,183641,18
2026-02-23,UC_FckuJiPXwA_nOEIoTsRZg,Fabien captain virtuality,12900,1807043,183
2026-02-23,UCSvD1S5kHsr9tvD3gDXkPkQ,Techmo,98800,56174219,303
2026-02-23,UCc7giV0qHsCNbhjV3_ZJ22w,Paul - Nakryum,107000,16837944,588
2026-02-23,UCYU8ljh_pDcwqDMWZoJWqwA,RABBIN DES BOIS,360000,20231405,149
2026-02-23,UCTE6xlfjGhlJ3pLVsg85-AQ,Amazon Promo Tech,1330,77994,517
2026-02-23,UCTKa4DGeCFeThot6rcRqNow,TechnoïdFR,21900,5484597,1728
2026-02-23,UCTER7XOnDvSRbI2YxikLaVw,RTBF iXPé,262000,92751338,2487
2026-02-23,UCUanZckNyJODHBdqtMzYMpA,ORLM.tv / On refait le Mac,54900,13509702,1490
2026-02-23,UCT9QoBXRO1_z1f-Ud97RxPg,Norizon,324,27045,20
2026-02-23,UCZ5qxuvquQABNtjcawNMowA,DaddyFamtech,127000,13711516,1433
2026-02-23,UCRI5foOTNz6DuVz3SVQ1cMA,Tao Gassin,15400,1169686,54
2026-02-23,UCRhyS_ylPQ5GWBl1lK92ftA,Léo - TechMaker,2220000,383442211,1541
2026-02-23,UCb0sWM7tMRaEgn_hpptqnxA,Mon iPad & Moi,778,42227,29
2026-02-23,UCTOAKgwfqqCbOytF3RNGGVw,Monsieur GRrr,724000,147884023,1990
2026-02-23,UCVrceZhsV6TRyVh3VhBFaKA,MOBICLICK,2400,1434418,210
2026-02-23,UCaHolOYkfcTdC0vTFAywzXw,LoKan Sardari,88400,18571574,988
2026-02-23,UCb6bgt9GlMWk-gKrLLfXFLw,Julien Hick,11100,3304435,362
2026-02-23,UCU8_onYYhNxwGUB3hA34C4Q,FrenchHardware,844000,170287261,943
2026-02-23,UCSGjkErS7A6LPBjESg56p7g,Tech Shorts,31900,11858404,199
2026-02-23,UCYmw-Y8TnRzO4COTBKEgUGg,Les Dénicheurs,20800,5973090,3006
2026-02-23,UCX4A8obrGg1iX37R-fyBJ6w,Monde Tech,731,149346,146
2026-02-23,UCSYFVeBI66YqDhGrYKxiCUQ,Georges,2480,177798,44
2026-02-23,UCURjynFkZicGPbIIaWO9vmQ,Benji TV,60900,14561878,251
2026-02-23,UCSGT2_DuhiJ1uV9dpRbXxug,Kulture ChroniK,168000,26392590,863
2026-02-23,UCUT9pQQGw4ZEpv5hqrv-bZw,TonyTech,94900,11864591,773
2026-02-23,UCR3uoYsbRO_S0wg2DaSlb8g,Wondershare Français,99900,16053952,1296
2026-02-23,UCUbwQOAmLdZ9zPOOPFt25zQ,YanNick TECH,68200,17632626,1339
2026-02-23,UCUclUivgBePqnqDGQ3Jzu2Q,TOUKIWANTI,131000,22539507,855
2026-02-23,UCaybrunQi8xWgPMgv1AYBHw,TheiCollection,1000000,219862288,1289
2026-02-23,UCZsEJw8rwd0RWAga5dulOpg,Bon Plan High Tech,13700,4589770,344
2026-02-23,UCVwG9JHqGLfEO-4TkF-lf2g,Nowtech,442000,73591600,905
2026-02-23,UCUaHJ0fTA-1theR8A8Polmw,BFM Tech,574000,232604527,8365
2026-02-23,UCYnvxJ-PKiGXo_tYXpWAC-w,Micode,1840000,122874001,85
2026-02-23,UCa8Leo9o5Nnb-Cc1sWfT2HQ,MobileAddict,300000,44164400,420
2026-02-23,UCbqjtNeW9vbz6_gwOW5PybQ,KYIO,11500,5247786,403
2026-02-23,UCYWJ5aXwE7vyN-qtDT3uR4w,Top For Phone,148000,47132269,1643
2026-02-23,UCbwE_k9zALnzZRvkoyDhuzw,Jojo Le Geek,165000,25405762,593
2026-02-23,UCU_a5aoj_HzTMohx0JG_Z4A,GUILLAUME++,101000,9763636,301
2026-02-23,UCXJ_vW2t0W5hY9hS8ePnpzw,Back Market France,22000,161545401,200
2026-02-23,UCWzO_6sTx_tzEi0pU_3L5dA,Kizuna Horizon,186,68362,11
2026-02-23,UCSPoCan8_9ELmqEVS2hUHPA,iVax,120000,20915948,487
2026-02-23,UCZEdNvDcHUPEE7CDRpXnO6w,Cyril | Ctrl Bu,6050,877461,163
2026-02-23,UC_dzE9mydhQuQ0NwmXByDtA,André Martin,392000,56494640,1004
2026-02-23,UCpt_q94CBCYar_Gmkb9G_aA,Tenorshare 4DDiG Français,24500,7708842,258
2026-02-23,UCgjhIdz3Uw9r-eMyML9M8FA,PIKATE,12700,1277204,124
2026-02-23,UCeFfhz1vsSxxJY26VZHw19w,Selectos Tech,117000,31802142,597
2026-02-23,UCdSUuErbgIIfHCezyiXDCtQ,Guid0matic,14700,7175133,2886
2026-02-23,UCnJAGhDDEPdvY2g4ipf9PMQ,Elliott Pierret,89000,5668713,170
2026-02-23,UCo2fYdtvhyXW38WiLW_yg0Q,Charles Bolduc,1930,341273,172
2026-02-23,UCqiGrF_OdWHHOs-eFe8O-ZA,Goli Tech,21,12242,493
2026-02-23,UClXUBKUsEdXpSl4mOr3Q3jw,Binbin Tech,14100,1625969,58
2026-02-23,UCrAiXFptzDmgQA6gUCOz9RQ,Meta Perso,14700,1092715,50
2026-02-23,UCdTrm2PZ7Wwa7xF-LbGP0dQ,Le Showroom de l'Image et du Son,15400,14852198,2817
2026-02-23,UCdqC1GnhKs3aQw6j62uOvUw,Mister Perrier,57100,5081056,364
2026-02-23,UCm3QK_QNta9Mue2Q70gtzVw,Android plus,2670,461316,441
2026-02-23,UCrHCRJPuJJcINMMEETEYt4g,Le Petit Comparateur,16200,5766964,741
2026-02-23,UCkQI4PEJfOY37DU_WLLzc5w,Dell Technologies France,2480,50755247,324
2026-02-23,UCchpwieM3DswmDEnJ0MRq1A,Romain Lanéry,1050000,206289320,1699
2026-02-23,UCfQxUIhFxt59kj0hK53rZGg,"nakan.ch, sport et technologies",28900,5806017,417
2026-02-23,UCe7R7Pt-bxNT7EE83NLsmFQ,Avis Express - Testeur High-Tech,273000,58035333,1707
2026-02-23,UCfc0cRoo8yYOzeuS89zpN-Q,Québec Test,303000,35005164,512
2026-02-23,UCrsiHZzr4IjuSjnvPy5rVUQ,Daddy Dtech,114000,12391717,404
2026-02-23,UCpaI1FRY8EGK6mEAL7Wfr9w,Yosheez,130000,58973790,865
2026-02-23,UCe7aMEBJH_sGJMCXWLCzeSA,TheFunTouch,1690,932600,170
2026-02-23,UCoJ4gzwVvGNH5GNqiJoQAAA,Alex Reframe,131000,25056911,645
2026-02-23,UCiR9chjo9kIFMsCXgspFxqg,Braindegeek,75100,47903517,806
2026-02-23,UCfwLCsZhix155PAoFTBb-oQ,Mac4Ever,161000,53646669,1987
2026-02-23,UCfbwndxvM8tOtxN_GqU1R3Q,Lorenzo-high-tech,29400,4547716,967
2026-02-23,UCpFq62uOig4n9jT3luIYUDQ,VZX,23000,9483669,147
2026-02-23,UCrs2S-Ilj6R6qhhXCiV5hsQ,Tech Live,18400,3178872,255
2026-02-23,UCqC_p9Kw9pnvLvzr701beSg,Olivier Schmitt,178000,15393192,285
2026-02-23,UCfkiE_eKqeVWE0XhMNBMFdA,InfiniT,192,52618,160
2026-02-23,UCrSCIeCW1YuEviVZPVhEfGQ,Dorian GM,30400,6134680,272
2026-02-23,UCeUxAQ2j3OETAApTvBj5Scw,MoMo App,738000,46191781,913
2026-02-23,UClnRNkdVq24iwIbc1O-hjlw,Yensing,21100,1304590,20
2026-02-23,UCqRSWOqkW_oelrdUN7KQ-aQ,Les Numériques,155000,64812412,3040
2026-02-23,UCmUm6tw3Gz8dftSDy7Eep3A,Stéphane (Biggy Tech),34900,2968627,795
2026-02-23,UCf-DN6QjyyEbhuMWCoXdXQQ,Phonandroid,144000,26527026,841
2026-02-23,UCfLyhjpn3hzleNtgTGOQimA,Romain PIAUD,32200,7797833,594
2026-02-23,UCkS6jlQ4RJTCdkzVCU2-FSQ,GeekEtc,21900,6395644,643
2026-02-23,UCnnYqSNKKygemgmxC9PyLTw,Ludo Salenne,258000,16888086,425
2026-02-23,UCrGUPAX1w87ckAxUwu8JtOA,Team VRY,11500,6075216,421
2026-02-23,UCeXhsPdO6bRK7ZycOeFdD8A,iTechNews,289000,2733252,80
2026-02-23,UCr7ZVUNJ9KyYD92xqfinGsQ,Jimtek,16400,1459014,139
2026-02-23,UChSBt06I1fa5FlDjbB0fChg,BenBraTeK,9620,1573250,61
2026-02-23,UChFaUrD7t1JQ0w7rObWhIRA,Millomaker,440000,54849525,86
2026-02-23,UCgWvhceGENT-dKBlgodnomQ,Les perdus Du numérique,12500,4152857,1995
2026-02-23,UCpSRz-eAoiSW5kaHpI_3LjA,JOLI TECH,20,18777,504
2026-02-23,UCgoxc-VKU0cw9BcM9z_qokg,Frandroid,596000,201830204,2787
2026-02-23,UClQPWod8Gjgw7i51t7PYibQ,Sélection Futée,2290,229299,382
2026-02-23,UCptwuAv0XQHo1OQUSaO6NHw,Max Tech,1260000,449208933,2073
2026-02-23,UCqHcg3sjPv2mcGqL1B60bew,"Dbc iPhone, iPad, MacBook",33300,24569251,464
2026-02-23,UCflWJq4cTuofmM-0G-GMUNQ,conseilguide,19300,6741013,1286
2026-02-23,UCz6PEeVLG1TL6jMRTvSLm4g,Matt Talks Tech,785000,109868078,1522
2026-02-23,UCt3bV9VvoCrXILlR1Z6kGmQ,Rémi Lou,136000,82440003,1199
2026-02-23,UCuDNiVxL-Zfw0CBVQ4oOr8w,DealSmart FR,226,34424,25
2026-02-23,UCsKrhME6clyYbibb4nzvgMA,Leasi,6,3773,42
2026-02-23,UCwsQtHFlS-LKVn8xJ3TaupQ,Monsieur Pixel,10300,1269259,225
2026-02-23,UCrwtkeoBxPfhyde5eesmvyA,CieloTech,12900,15121554,222
2026-02-23,UCxej0ZiLbbeVrz3XQZjj-MA,Huawei Mobile France,27700,43716338,120
2026-02-23,UCtPzJInyqqt__Tn0EaUlaAw,Science Gaming,419000,400098836,1321
2026-02-23,UCtmEbUFh18ZmtObT78ix9Yw,Tech and Shoot,30600,6697314,1324
2026-02-23,UCv8L8SztjsNYT4FpX8g5ATw,INFOMAX Paris,10300,7821294,344
2026-02-23,UCzxT0liRKM_xXnFYRZGiFHA,Acta - Swipe!,1140,261632,140
2026-02-23,UCuJtgmGNF_PvicQkf88t-5g,ChristoTech,318000,33441996,1398
2026-02-23,UCySZIa8Y4e6aSVg4CISXAOA,Mathieu Dos Santos,25000,4194260,1131
2026-02-23,UCs7Jg5KBsgiova4CrseuwIw,TheGrandTest,325000,45873533,1883
2026-02-23,UCu6HC8ahaPWqqfSvic7nWyQ,Nightech,142000,35425870,518
2026-02-23,UCvTqrD4wJGkFBwr8v6dO-Wg,Miennu Core,401,191630,38
2026-02-23,UCwWgvJHw1mNRq_ry6VoPKEg,Yada,384000,43131464,537
2026-02-23,UCxnikUCVJLsD4GTbujlnmlQ,Comparatif Mobile,201,30581,252
2026-02-23,UCuE3ei3NOnVjQUefjHUCF5Q,DiscoverID,377000,52061938,532
2026-02-23,UCxpT79bmhxk50l8P50WG86w,Discoverdex,78900,24275624,479
2026-02-23,UCz-hlzLKQ__1nKXarSedtQA,HardwareFRA,33900,7142303,755
2026-02-23,UCyeoo6CDdAyYGyUvHWF0gSA,Garmin France,15300,56484362,1275
2026-02-23,UCwZsbPUXohCN867pQzioGLw,Nicolas Barbet,15500,5773321,354
2026-02-23,UCzICpbabqKwBTpb9XlWerjA,PassTech TV,681,127437,14
2026-02-23,UCssuk5-zaZn9vt0_HNj-Hug,VERBOZZ,474000,60964272,284
2026-02-24,UCAicNsMAZgbqPr_0QsnI1PA,Cobra.fr,6420,6958242,2151
2026-02-24,UC66ysWRFWfg-V5RhnQN4wFg,Gadget Evolution,70600,8527958,82
2026-02-24,UCDvCJx3pU8N-23ilB6tNMlg,mister gadget,4340,1628304,733
2026-02-24,UC7rdUip5Q8R7Ki1haNbdwwg,SoloTech,254000,35285030,630
2026-02-24,UCAz-755tH3m8_BwaluzdJwQ,Numerama,221000,106113647,2137
2026-02-24,UC0Cgi1uK0MWB5V_VtKkvi8g,La Geek News,3840,761441,165
2026-02-24,UCAOjk3Po21_t7L1MDHQ4-Og,FNK Hardware,249000,43306751,1241
2026-02-24,UCC5xS4j2xUyGO2UfjFh5LsQ,Nooz,15200,2758682,620
2026-02-24,UC1WIj7YGywcVoRLS0zZu2RQ,TechDams,5400,1783800,22
2026-02-24,UC6jfhJWEAfako0XlKnA2UGQ,Timena TechGeek,64300,11492021,1014
2026-02-24,UC4q3HKdMqzll3SvA2Lf7oAg,Thomas in Tech,73400,21498687,963
2026-02-24,UCE4qu22kCO225a91eERbxvA,Vivo Tech,15,9226,469
2026-02-24,UC3CBQLyxiC35oxJPoufLnMQ,Gizmo Rush,74800,176295721,1234
2026-02-24,UCBOGe_x7aqQV4Ly5Rfa4iow,Les Tests de Cyril,31600,2652211,457
2026-02-24,UC65OszX3C9oYfNLU5AWjwYg,Aaron,2990,303661,32
2026-02-24,UCA25ZdZZF5XE6ihPE5pwfnw,Materiel.net,31800,12919623,575
2026-02-24,UC2XmvTlziz2LSXd_QKBwf8Q,Espritnewgen,72000,21835946,2956
2026-02-24,UC6joDErOGcFJC1vHNSfsYQg,01net,136000,48705366,1823
2026-02-24,UC1ndVn8sa4oTbW09P5ICOog,amazing mac TV,66100,18557594,1432
2026-02-24,UC5HtcZa4-moyfy6NTY7GHwA,TECHNO 24,530,220610,558
2026-02-24,UCBqYyDusSFntU7k2UnFGsBA,Giga Content,24900,5224372,825
2026-02-24,UC0AFqXyYs1z2Dxx5jtQBicQ,SkinnZer,44700,3627696,288
2026-02-24,UC-2f97m_1UGWDogGudJcVJg,OtaXou,29400,3497534,370
2026-02-24,UC70eSjnRIGvRLCzT6K0SQSg,Device FR,2020,735377,930
2026-02-24,UCDfGCQqgOKPYeiaG3I4vl4w,Marty,110000,22664688,887
2026-02-24,UC7sFrgyGelEr6eny6_PsGXQ,Tom's Guide France,40200,45880246,488
2026-02-24,UC69gruQfEHEQ4Qme0liJOdw,Ludo Tech,1800,811629,202
2026-02-24,UC2lMzO7HzJ_jamFT762vfwA,Jon Rettinger en Français,343,64323,37
2026-02-24,UCDY3WI0HqdzNADtE6B-BmUw,MrG Tech,185000,28793422,584
2026-02-24,UCCM6zpvTcgXeNqLmQ9swugQ,Selectos Lifestyle,13000,4536112,196
2026-02-24,UC69qClfvKeB9WeyySg5iQrQ,Yohann Studio,4320,2304289,323
2026-02-24,UC1F5QJFXcu1evMkYyXRGoaw,LoKan Sardari - Studio,12300,1504254,676
2026-02-24,UCCUlTcDhcn72O8TiNfFJWWA,GLG video (JT Geek),70700,20295131,3361
2026-02-24,UCB32y6dm508Hap4_Mn-ZnHQ,Presse-citron,91300,25804291,1443
2026-02-24,UCDBYphtxNDXGQe5eyHYZ6Fw,GUILLAUME,498000,66030732,884
2026-02-24,UC3-dl8nKItitMxM9DNTDAfQ,Kang et ses PC,108000,28798244,145
2026-02-24,UC3aPRnneybmQcbEK-X-Qptg,GLG reviews,391000,33040539,1688
2026-02-24,UC0xLruy2ZFFpxR6ODgnhJXA,GadgetRevNow,161000,86188858,1204
2026-02-24,UC1N4EIilrmXhTEdu3h7tpPg,iPhone page,1050,188301,272
2026-02-24,UC4vD_Spv_zjcmyfHpnAwBNA,Ixar.,15800,2499605,187
2026-02-24,UCB0ffaItcXwkgbVu8Hvq3Tw,QUENTIN,224000,43433137,1306
2026-02-24,UC-pdFydi9ooxEfATh3KoiIw,STEVEN,1100000,197036710,1508
2026-02-24,UC44qdJgVvPEaEaojOUZpp9A,Benjamin Code Plus,19400,666775,33
2026-02-24,UC2HXhqg87yIWz152Ig9vkaQ,Tout Techno,32400,7194472,248
2026-02-24,UC7XxmEXw7wXgh259vYCSjkQ,Cmonavis 2 🇫🇷,10200,1286625,210
2026-02-24,UC-g0NspJGvPdg_x7XIBNkNg,The Viewing Angle en Français,330,66639,23
2026-02-24,UC08uERSqTFS3xSwXKMLrUVg,TECH TITANS,35900,11093360,244
2026-02-24,UC0V8fUv0DB5Tq7uHdG7ixyw,W38,140000,61587190,1920
2026-02-24,UC1wV5Kf18gVbL3bWH-tWKDw,Cmonavis 🇫🇷,62600,12572351,658
2026-02-24,UCA_DfRJwb5U0S4UiiH3BtUg,Jérémy Dufour,78000,14908209,998
2026-02-24,UCQsb5TqYUeGWGpJFr8DMWsQ,ANONIMAL,613000,71354664,298
2026-02-24,UCGMxP4yf3ixAAEKQc3d76gw,Arnaud,6530,1867298,150
2026-02-24,UCIaNSaws_Wv_eoUAmDbUK-Q,MT High Tech Deal's,2820,246536,71
2026-02-24,UCMWWgqykXE5exHk60TCZ-bw,Yukio_Clyks,27500,7487622,434
2026-02-24,UCP5-zNhWXk_LUPIJpxtrTnQ,Cowcotland,52600,23559205,4269
2026-02-24,UCJy0lX8ThZ7lCtst7JnegWQ,Jojol,2700000,612858972,2122
2026-02-24,UCNiauGTV7XhkOpUAIXod4xA,Léo Duff,810000,64367491,320
2026-02-24,UCNOUTy_TWRJzAaSfIGserkg,Nowtech Replay (Le Mug Nowtech),5400,816806,514
2026-02-24,UCPLnJmNrlcQzyi8QAP_dhJA,Dariusz Tech,127000,120262951,833
2026-02-24,UCJPa4sr9B_mLjShfHhWi8yg,TECnaiche,13600,4706205,403
2026-02-24,UCFWds3GTyhvWpSF308RC1Eg,PcComponentesFR,653,252465,127
2026-02-24,UCNWE4ouC-BxzJ-Lomuuqb1Q,Isma(ël),4500,312610,45
2026-02-24,UCEPqgSzHj7vlJj5pGX9dDdA,Gilo & Alex,2330,132509,40
2026-02-24,UCR-4Ge4NbqILG5HTTvs_nFQ,Lysandre_lbd,12300,5458378,324
2026-02-24,UCIu36vEY96BCwfYvz5ccucg,LDLC.com,27900,7212070,365
2026-02-24,UCHGvOgxAA_MFOH1yyhjcR-Q,ArtBen,327000,38267140,266
2026-02-24,UCHRVeW3Z0ttSFk6xIfGW4lA,Nicorama,158000,13999328,288
2026-02-24,UCH6ppHEvV3_WIXEwmhv9HEg,Deus Ex Silicium,409000,28077940,140
2026-02-24,UCOaX4zvPzmv0eBbUWOOOB_A,TopAchat,102000,19255116,702
2026-02-24,UCOm_kuKVb4ImX_DHpIgX_zg,Skinn's Tech Deals,1980,74552,19
2026-02-24,UCHJb6-VCrzQqVQASN23OskQ,Jigfio Ti Super,19200,965111,70
2026-02-24,UCFdQm01R6HPdMw4oa6a0Ihw,Qasim,38500,17115144,205
2026-02-24,UCO14QTmfRbe9j9PTJsAhtLQ,PΔX,89300,12901612,502
2026-02-24,UCJ4p_F-vCnEn5V5OtFN8Q3w,FrenchMakito,32700,3604834,99
2026-02-24,UCMWAxO0xGJxELkiX5_pEJNA,Pannacophone - Smartphone & Tech,91400,11606352,137
2026-02-24,UCM6kUx3GI7lTQlqMBiumaEg,technofou,43300,1926118,90
2026-02-24,UCMwkAK-lhEeLld9xLiyKLMg,Captain Grochat,24800,2439383,108
2026-02-24,UCQvNFAufGf8mtN2_L8thysg,Journal du Geek,66400,31799780,2510
2026-02-24,UCMc7IaTDRDtxftK9v0aXVqA,Yada 2.0,112000,16775603,206
2026-02-24,UCGjKSSIpN7aYQluu04kPrsA,Brandon Le Proktor,308000,45070390,405
2026-02-24,UCQSA6pCffm7epqxFqouL0Xg,Mathis et Gauthier,194000,33624075,441
2026-02-24,UCFrfK9IFqO15S7C52DdnSog,GIGATOP,44400,15542260,1100
2026-02-24,UCQZa27_VXLUowoMsYo6Y0Dw,bazze tv,23300,3271643,270
2026-02-24,UCPP-NkzSqMJ9ywhJkcgrpAw,Tech_Sama,214000,29451850,759
2026-02-24,UCJ3MlRSjtv2sT-rIDsFg0fw,Sam_VNR,5390,418599,70
2026-02-24,UCGkFwY0mGku1M9_6M_NQ7Ig,Kylian Le Bris,4040,2001042,77
2026-02-24,UCQwe6dSfilWUgNbgQ3NCQNg,C mon point de vue,3570,907266,62
2026-02-24,UCN6zUULSoitsLJB03jh_I0A,Le Futurologue,31000,3019962,311
2026-02-24,UCLOAPb7ATQUs_nDs9ViLcMw,Benjamin Code,156000,13912883,383
2026-02-24,UCOCoKBUmALR6d7UW_s5zgrA,Arnaud C.,107000,6997051,321
2026-02-24,UCQigF3tZJJlt6o1_tkYKkNQ,KAPPA Studio,233000,59102242,126
2026-02-24,UCJLKCYMkCbOW9wzmeUj8dwQ,MEHDI’N TECH,59700,3257565,136
2026-02-24,UCNzUonmxxvG-HIqOC3S7Thw,VAC - Vulgarisateur Apple et compagnie,79600,1561311,232
2026-02-24,UCL3y_psKbrdZ5FZo3dvVeEQ,Pafito,15500,8440873,96
2026-02-24,UCHgZ3SrY7FhB0KjFki50fEQ,Gabinks,1160,324667,154
2026-02-24,UCIorGsaWVmlkpNsngTQPDAg,Clubic,31900,10227007,1445
2026-02-24,UCOyUCj6Wx9skJggzZFUDZyA,Unlock Talk,20600,2468004,376
2026-02-24,UCKkFotHwcyYF1cn8sFcKvqw,MacGeneration,4950,4709495,587
2026-02-24,UCPQsSFJurluaMOG1qL0Y7sA,PP World,449000,78142092,1040
2026-02-24,UCOtM8pxxBIfwqu6e8mHgUEQ,TheiMika,12800,3591825,121
2026-02-24,UCSGT2_DuhiJ1uV9dpRbXxug,Kulture ChroniK,168000,26407459,863
2026-02-24,UCYmw-Y8TnRzO4COTBKEgUGg,Les Dénicheurs,20800,5978771,3008
2026-02-24,UC_FckuJiPXwA_nOEIoTsRZg,Fabien captain virtuality,12900,1807422,183
2026-02-24,UCUclUivgBePqnqDGQ3Jzu2Q,TOUKIWANTI,132000,22631298,853
2026-02-24,UCTE6xlfjGhlJ3pLVsg85-AQ,Amazon Promo Tech,1330,78133,517
2026-02-24,UCZsEJw8rwd0RWAga5dulOpg,Bon Plan High Tech,13700,4591074,344
2026-02-24,UCUD3E77YRTGK3yPSDB6Kq5Q,Monsport06,193000,13220909,511
2026-02-24,UCbqjtNeW9vbz6_gwOW5PybQ,KYIO,11500,5275564,402
2026-02-24,UCURjynFkZicGPbIIaWO9vmQ,Benji TV,60900,14565327,251
2026-02-24,UCagQpz-WZtgbSp8Ry0XQ4Yw,Victor,3220,227728,52
2026-02-24,UCT9QoBXRO1_z1f-Ud97RxPg,Norizon,324,27124,20
2026-02-24,UCTmHRe6W96WgYlUNxcokpVQ,Fitfitzone,1280,185097,18
2026-02-24,UCTKa4DGeCFeThot6rcRqNow,TechnoïdFR,21900,5485002,1728
2026-02-24,UCSPoCan8_9ELmqEVS2hUHPA,iVax,120000,20930462,488
2026-02-24,UCSvD1S5kHsr9tvD3gDXkPkQ,Techmo,98900,56286005,303
2026-02-24,UCbwE_k9zALnzZRvkoyDhuzw,Jojo Le Geek,165000,25408658,593
2026-02-24,UCU8_onYYhNxwGUB3hA34C4Q,FrenchHardware,844000,170354800,943
2026-02-24,UCUbwQOAmLdZ9zPOOPFt25zQ,YanNick TECH,68200,17649284,1340
2026-02-24,UCUT9pQQGw4ZEpv5hqrv-bZw,TonyTech,94900,11871332,775
2026-02-24,UCb0sWM7tMRaEgn_hpptqnxA,Mon iPad & Moi,783,42353,29
2026-02-24,UCU_a5aoj_HzTMohx0JG_Z4A,GUILLAUME++,101000,9766220,302
2026-02-24,UCb6bgt9GlMWk-gKrLLfXFLw,Julien Hick,11100,3306059,362
2026-02-24,UCSYFVeBI66YqDhGrYKxiCUQ,Georges,2490,178272,43
2026-02-24,UCRI5foOTNz6DuVz3SVQ1cMA,Tao Gassin,15400,1171977,54
2026-02-24,UCWzO_6sTx_tzEi0pU_3L5dA,Kizuna Horizon,187,68380,11
2026-02-24,UCTG26Ngiphy9TCOejxGfShQ,R-Tech,138,102745,61
2026-02-24,UCYnvxJ-PKiGXo_tYXpWAC-w,Micode,1840000,122948716,85
2026-02-24,UCXJ_vW2t0W5hY9hS8ePnpzw,Back Market France,22000,161546369,200
2026-02-24,UCa8Leo9o5Nnb-Cc1sWfT2HQ,MobileAddict,300000,44167203,420
2026-02-24,UCTER7XOnDvSRbI2YxikLaVw,RTBF iXPé,262000,92830849,2490
2026-02-24,UCWedHS9qKebauVIK2J7383g,Underscore_,921000,115393459,201
2026-02-24,UCYU8ljh_pDcwqDMWZoJWqwA,RABBIN DES BOIS,360000,20232438,149
2026-02-24,UCR3uoYsbRO_S0wg2DaSlb8g,Wondershare Français,99900,16078019,1296
2026-02-24,UCUltPy138RvnbWX_FuUHtDA,MT High-Tech,22100,2933840,319
2026-02-24,UCRhyS_ylPQ5GWBl1lK92ftA,Léo - TechMaker,2230000,384110578,1542
2026-02-24,UC_dzE9mydhQuQ0NwmXByDtA,André Martin,392000,56526161,1005
2026-02-24,UCc7giV0qHsCNbhjV3_ZJ22w,Paul - Nakryum,107000,16842162,590
2026-02-24,UCUanZckNyJODHBdqtMzYMpA,ORLM.tv / On refait le Mac,54900,13519938,1491
2026-02-24,UCZ5qxuvquQABNtjcawNMowA,DaddyFamtech,127000,13732547,1434
2026-02-24,UCVwG9JHqGLfEO-4TkF-lf2g,Nowtech,442000,73612433,906
2026-02-24,UCYWJ5aXwE7vyN-qtDT3uR4w,Top For Phone,148000,47132657,1643
2026-02-24,UCX4A8obrGg1iX37R-fyBJ6w,Monde Tech,733,149932,147
2026-02-24,UCUaHJ0fTA-1theR8A8Polmw,BFM Tech,574000,232614123,8365
2026-02-24,UCaybrunQi8xWgPMgv1AYBHw,TheiCollection,1000000,219876613,1289
2026-02-24,UCSGjkErS7A6LPBjESg56p7g,Tech Shorts,31900,11866504,200
2026-02-24,UCTOAKgwfqqCbOytF3RNGGVw,Monsieur GRrr,724000,147901829,1991
2026-02-24,UCVrceZhsV6TRyVh3VhBFaKA,MOBICLICK,2400,1435225,211
2026-02-24,UCZEdNvDcHUPEE7CDRpXnO6w,Cyril | Ctrl Bu,6060,878774,163
2026-02-24,UCaysddji-z_Za5b6EMmcc3g,Bien Chez Soi,52800,1949815,805
2026-02-24,UCaHolOYkfcTdC0vTFAywzXw,LoKan Sardari,88500,18580235,988
2026-02-24,UCgWvhceGENT-dKBlgodnomQ,Les perdus Du numérique,12500,4153797,2006
2026-02-24,UCfkiE_eKqeVWE0XhMNBMFdA,InfiniT,192,52684,161
2026-02-24,UChFaUrD7t1JQ0w7rObWhIRA,Millomaker,441000,54886699,86
2026-02-24,UCptwuAv0XQHo1OQUSaO6NHw,Max Tech,1260000,449246169,2073
2026-02-24,UCpFq62uOig4n9jT3luIYUDQ,VZX,23000,9486385,147
2026-02-24,UCeXhsPdO6bRK7ZycOeFdD8A,iTechNews,289000,2739413,80
2026-02-24,UCgjhIdz3Uw9r-eMyML9M8FA,PIKATE,12700,1278858,124
2026-02-24,UCrGUPAX1w87ckAxUwu8JtOA,Team VRY,11500,6079807,421
2026-02-24,UCrSCIeCW1YuEviVZPVhEfGQ,Dorian GM,30400,6150888,272
2026-02-24,UCnJAGhDDEPdvY2g4ipf9PMQ,Elliott Pierret,89200,5678132,170
2026-02-24,UCpt_q94CBCYar_Gmkb9G_aA,Tenorshare 4DDiG Français,24500,7711265,260
2026-02-24,UCflWJq4cTuofmM-0G-GMUNQ,conseilguide,19300,6745691,1286
2026-02-24,UCeFfhz1vsSxxJY26VZHw19w,Selectos Tech,117000,31805489,597
2026-02-24,UCf-DN6QjyyEbhuMWCoXdXQQ,Phonandroid,144000,26528582,840
2026-02-24,UCpaI1FRY8EGK6mEAL7Wfr9w,Yosheez,130000,58993504,866
2026-02-24,UCiR9chjo9kIFMsCXgspFxqg,Braindegeek,75100,47939545,807
2026-02-24,UCoJ4gzwVvGNH5GNqiJoQAAA,Alex Reframe,131000,25058044,645
2026-02-24,UCfQxUIhFxt59kj0hK53rZGg,"nakan.ch, sport et technologies",29000,5807714,417
2026-02-24,UCrHCRJPuJJcINMMEETEYt4g,Le Petit Comparateur,16200,5772038,741
2026-02-24,UCdqC1GnhKs3aQw6j62uOvUw,Mister Perrier,57100,5081300,364
2026-02-24,UCm3QK_QNta9Mue2Q70gtzVw,Android plus,2670,461679,442
2026-02-24,UCkQI4PEJfOY37DU_WLLzc5w,Dell Technologies France,2480,50755311,324
2026-02-24,UCe7R7Pt-bxNT7EE83NLsmFQ,Avis Express - Testeur High-Tech,273000,58041555,1708
2026-02-24,UCqC_p9Kw9pnvLvzr701beSg,Olivier Schmitt,178000,15401988,285
2026-02-24,UCdTrm2PZ7Wwa7xF-LbGP0dQ,Le Showroom de l'Image et du Son,15400,14853358,2817
2026-02-24,UCrsiHZzr4IjuSjnvPy5rVUQ,Daddy Dtech,114000,12391971,405
2026-02-24,UCdSUuErbgIIfHCezyiXDCtQ,Guid0matic,14700,7176474,2889
2026-02-24,UCpSRz-eAoiSW5kaHpI_3LjA,JOLI TECH,20,19107,498
2026-02-24,UCqHcg3sjPv2mcGqL1B60bew,"Dbc iPhone, iPad, MacBook",33300,24589998,461
2026-02-24,UCqRSWOqkW_oelrdUN7KQ-aQ,Les Numériques,155000,64819262,3042
2026-02-24,UCrs2S-Ilj6R6qhhXCiV5hsQ,Tech Live,18400,3179716,256
2026-02-24,UCkS6jlQ4RJTCdkzVCU2-FSQ,GeekEtc,21900,6404771,644
2026-02-24,UCo2fYdtvhyXW38WiLW_yg0Q,Charles Bolduc,1930,341378,172
2026-02-24,UCe7aMEBJH_sGJMCXWLCzeSA,TheFunTouch,1690,932604,170
2026-02-24,UCmUm6tw3Gz8dftSDy7Eep3A,Stéphane (Biggy Tech),34900,2969275,795
2026-02-24,UCrAiXFptzDmgQA6gUCOz9RQ,Meta Perso,14700,1092905,50
2026-02-24,UCfLyhjpn3hzleNtgTGOQimA,Romain PIAUD,32200,7803627,594
2026-02-24,UClXUBKUsEdXpSl4mOr3Q3jw,Binbin Tech,14100,1627278,58
2026-02-24,UCnnYqSNKKygemgmxC9PyLTw,Ludo Salenne,258000,16891003,425
2026-02-24,UChSBt06I1fa5FlDjbB0fChg,BenBraTeK,9620,1574570,61
2026-02-24,UCfwLCsZhix155PAoFTBb-oQ,Mac4Ever,161000,53660074,1990
2026-02-24,UCr7ZVUNJ9KyYD92xqfinGsQ,Jimtek,16500,1488440,139
2026-02-24,UCqiGrF_OdWHHOs-eFe8O-ZA,Goli Tech,21,12313,491
2026-02-24,UClQPWod8Gjgw7i51t7PYibQ,Sélection Futée,2290,230573,382
2026-02-24,UCfbwndxvM8tOtxN_GqU1R3Q,Lorenzo-high-tech,29400,4552064,968
2026-02-24,UCeUxAQ2j3OETAApTvBj5Scw,MoMo App,738000,46198968,911
2026-02-24,UCfc0cRoo8yYOzeuS89zpN-Q,Québec Test,303000,35020314,512
2026-02-24,UClnRNkdVq24iwIbc1O-hjlw,Yensing,21100,1305749,20
2026-02-24,UCchpwieM3DswmDEnJ0MRq1A,Romain Lanéry,1050000,206303483,1700
2026-02-24,UCgoxc-VKU0cw9BcM9z_qokg,Frandroid,596000,201875209,2790
2026-02-24,UCz-hlzLKQ__1nKXarSedtQA,HardwareFRA,33900,7144835,753
2026-02-24,UCssuk5-zaZn9vt0_HNj-Hug,VERBOZZ,474000,60976411,284
2026-02-24,UCxej0ZiLbbeVrz3XQZjj-MA,Huawei Mobile France,27700,43716358,120
2026-02-24,UCzxT0liRKM_xXnFYRZGiFHA,Acta - Swipe!,1140,261727,139
2026-02-24,UCrwtkeoBxPfhyde5eesmvyA,CieloTech,12900,15164230,222
2026-02-24,UCwWgvJHw1mNRq_ry6VoPKEg,Yada,384000,43141067,537
2026-02-24,UCwZsbPUXohCN867pQzioGLw,Nicolas Barbet,15600,5775449,355
2026-02-24,UCs7Jg5KBsgiova4CrseuwIw,TheGrandTest,325000,45901527,1881
2026-02-24,UCtPzJInyqqt__Tn0EaUlaAw,Science Gaming,420000,400418309,1323
2026-02-24,UCySZIa8Y4e6aSVg4CISXAOA,Mathieu Dos Santos,25000,4199663,1134
2026-02-24,UCv8L8SztjsNYT4FpX8g5ATw,INFOMAX Paris,10300,7848964,346
2026-02-24,UCtmEbUFh18ZmtObT78ix9Yw,Tech and Shoot,30700,6702693,1321
2026-02-24,UCxnikUCVJLsD4GTbujlnmlQ,Comparatif Mobile,201,30656,252
2026-02-24,UCwsQtHFlS-LKVn8xJ3TaupQ,Monsieur Pixel,10300,1270475,224
2026-02-24,UCu6HC8ahaPWqqfSvic7nWyQ,Nightech,142000,35455620,518
2026-02-24,UCzICpbabqKwBTpb9XlWerjA,PassTech TV,681,127438,14
2026-02-24,UCt3bV9VvoCrXILlR1Z6kGmQ,Rémi Lou,136000,82480425,1200
2026-02-24,UCvTqrD4wJGkFBwr8v6dO-Wg,Miennu Core,401,191727,38
2026-02-24,UCxpT79bmhxk50l8P50WG86w,Discoverdex,78900,24282285,478
2026-02-24,UCuDNiVxL-Zfw0CBVQ4oOr8w,DealSmart FR,226,34531,27
2026-02-24,UCz6PEeVLG1TL6jMRTvSLm4g,Matt Talks Tech,786000,109954404,1528
2026-02-24,UCuE3ei3NOnVjQUefjHUCF5Q,DiscoverID,377000,52065564,532
2026-02-24,UCuJtgmGNF_PvicQkf88t-5g,ChristoTech,318000,33445483,1398
2026-02-24,UCyeoo6CDdAyYGyUvHWF0gSA,Garmin France,15300,56703119,1276
2026-02-24,UCsKrhME6clyYbibb4nzvgMA,Leasi,6,3776,42
2026-02-25,UC3aPRnneybmQcbEK-X-Qptg,GLG reviews,392000,33051096,1688
2026-02-25,UCC5xS4j2xUyGO2UfjFh5LsQ,Nooz,15300,2764663,622
2026-02-25,UC2XmvTlziz2LSXd_QKBwf8Q,Espritnewgen,72000,21839222,2957
2026-02-25,UCDvCJx3pU8N-23ilB6tNMlg,mister gadget,4340,1629317,733
2026-02-25,UC69qClfvKeB9WeyySg5iQrQ,Yohann Studio,4320,2305600,323
2026-02-25,UC4vD_Spv_zjcmyfHpnAwBNA,Ixar.,15800,2501837,187
2026-02-25,UCDBYphtxNDXGQe5eyHYZ6Fw,GUILLAUME,498000,66058060,884
2026-02-25,UC7rdUip5Q8R7Ki1haNbdwwg,SoloTech,254000,35289337,630
2026-02-25,UCA_DfRJwb5U0S4UiiH3BtUg,Jérémy Dufour,78000,14928125,999
2026-02-25,UC5HtcZa4-moyfy6NTY7GHwA,TECHNO 24,529,222832,560
2026-02-25,UC1F5QJFXcu1evMkYyXRGoaw,LoKan Sardari - Studio,12300,1504993,676
2026-02-25,UCDfGCQqgOKPYeiaG3I4vl4w,Marty,110000,22677536,888
2026-02-25,UC44qdJgVvPEaEaojOUZpp9A,Benjamin Code Plus,19500,676611,33
2026-02-25,UCAicNsMAZgbqPr_0QsnI1PA,Cobra.fr,6420,6959209,2153
2026-02-25,UC0Cgi1uK0MWB5V_VtKkvi8g,La Geek News,3830,763690,164
2026-02-25,UC1wV5Kf18gVbL3bWH-tWKDw,Cmonavis 🇫🇷,62600,12586944,654
2026-02-25,UC-pdFydi9ooxEfATh3KoiIw,STEVEN,1100000,197053779,1508
2026-02-25,UCA25ZdZZF5XE6ihPE5pwfnw,Materiel.net,31800,12926776,575
2026-02-25,UC69gruQfEHEQ4Qme0liJOdw,Ludo Tech,1800,812902,204
2026-02-25,UC-g0NspJGvPdg_x7XIBNkNg,The Viewing Angle en Français,332,68816,22
2026-02-25,UC6jfhJWEAfako0XlKnA2UGQ,Timena TechGeek,64300,11494328,1014
2026-02-25,UC7sFrgyGelEr6eny6_PsGXQ,Tom's Guide France,40100,45880963,488
2026-02-25,UCB0ffaItcXwkgbVu8Hvq3Tw,QUENTIN,224000,43445380,1307
2026-02-25,UCAz-755tH3m8_BwaluzdJwQ,Numerama,221000,106291121,2142
2026-02-25,UC08uERSqTFS3xSwXKMLrUVg,TECH TITANS,36000,11139774,244
2026-02-25,UC4q3HKdMqzll3SvA2Lf7oAg,Thomas in Tech,73500,21512264,963
2026-02-25,UCCUlTcDhcn72O8TiNfFJWWA,GLG video (JT Geek),70700,20295858,3361
2026-02-25,UC0xLruy2ZFFpxR6ODgnhJXA,GadgetRevNow,161000,86404787,1206
2026-02-25,UC1N4EIilrmXhTEdu3h7tpPg,iPhone page,1050,188546,273
2026-02-25,UC1ndVn8sa4oTbW09P5ICOog,amazing mac TV,66100,18564611,1433
2026-02-25,UC0AFqXyYs1z2Dxx5jtQBicQ,SkinnZer,44700,3627954,288
2026-02-25,UC0V8fUv0DB5Tq7uHdG7ixyw,W38,140000,61587413,1920
2026-02-25,UCAOjk3Po21_t7L1MDHQ4-Og,FNK Hardware,249000,43327066,1239
2026-02-25,UCB32y6dm508Hap4_Mn-ZnHQ,Presse-citron,91300,25808094,1444
2026-02-25,UC6joDErOGcFJC1vHNSfsYQg,01net,136000,48725799,1821
2026-02-25,UC3-dl8nKItitMxM9DNTDAfQ,Kang et ses PC,108000,28902605,145
2026-02-25,UC1WIj7YGywcVoRLS0zZu2RQ,TechDams,5400,1786674,22
2026-02-25,UC65OszX3C9oYfNLU5AWjwYg,Aaron,2990,303959,32
2026-02-25,UC3CBQLyxiC35oxJPoufLnMQ,Gizmo Rush,75000,176880738,1238
2026-02-25,UC70eSjnRIGvRLCzT6K0SQSg,Device FR,2030,737519,933
2026-02-25,UC2HXhqg87yIWz152Ig9vkaQ,Tout Techno,32400,7201384,249
2026-02-25,UCCM6zpvTcgXeNqLmQ9swugQ,Selectos Lifestyle,13000,4537433,196
2026-02-25,UCBqYyDusSFntU7k2UnFGsBA,Giga Content,24900,5230693,826
2026-02-25,UC7XxmEXw7wXgh259vYCSjkQ,Cmonavis 2 🇫🇷,10300,1287948,210
2026-02-25,UC2lMzO7HzJ_jamFT762vfwA,Jon Rettinger en Français,345,64840,38
2026-02-25,UC66ysWRFWfg-V5RhnQN4wFg,Gadget Evolution,70900,8609329,81
2026-02-25,UCDY3WI0HqdzNADtE6B-BmUw,MrG Tech,185000,28795303,585
2026-02-25,UC-2f97m_1UGWDogGudJcVJg,OtaXou,29500,3500462,370
2026-02-25,UCBOGe_x7aqQV4Ly5Rfa4iow,Les Tests de Cyril,31600,2654567,457
2026-02-25,UCE4qu22kCO225a91eERbxvA,Vivo Tech,15,9306,469
2026-02-25,UCR-4Ge4NbqILG5HTTvs_nFQ,Lysandre_lbd,12300,5470527,325
2026-02-25,UCHJb6-VCrzQqVQASN23OskQ,Jigfio Ti Super,19200,965666,70
2026-02-25,UCQZa27_VXLUowoMsYo6Y0Dw,bazze tv,23300,3274424,270
2026-02-25,UCOCoKBUmALR6d7UW_s5zgrA,Arnaud C.,107000,7001498,319
2026-02-25,UCM6kUx3GI7lTQlqMBiumaEg,technofou,43300,1926241,90
2026-02-25,UCQwe6dSfilWUgNbgQ3NCQNg,C mon point de vue,3570,907621,62
2026-02-25,UCEPqgSzHj7vlJj5pGX9dDdA,Gilo & Alex,2330,132619,40
2026-02-25,UCO14QTmfRbe9j9PTJsAhtLQ,PΔX,89400,12915140,504
2026-02-25,UCFdQm01R6HPdMw4oa6a0Ihw,Qasim,38500,17151987,205
2026-02-25,UCQvNFAufGf8mtN2_L8thysg,Journal du Geek,66400,31803923,2512
2026-02-25,UCNOUTy_TWRJzAaSfIGserkg,Nowtech Replay (Le Mug Nowtech),5400,816980,515
2026-02-25,UCOtM8pxxBIfwqu6e8mHgUEQ,TheiMika,12800,3592178,121
2026-02-25,UCFrfK9IFqO15S7C52DdnSog,GIGATOP,44400,15567455,1100
2026-02-25,UCP5-zNhWXk_LUPIJpxtrTnQ,Cowcotland,52600,23562712,4269
2026-02-25,UCQigF3tZJJlt6o1_tkYKkNQ,KAPPA Studio,233000,59147057,126
2026-02-25,UCJ4p_F-vCnEn5V5OtFN8Q3w,FrenchMakito,32700,3605822,99
2026-02-25,UCQSA6pCffm7epqxFqouL0Xg,Mathis et Gauthier,194000,33635176,441
2026-02-25,UCHGvOgxAA_MFOH1yyhjcR-Q,ArtBen,327000,38270588,266
2026-02-25,UCL3y_psKbrdZ5FZo3dvVeEQ,Pafito,15500,8453435,96
2026-02-25,UCJy0lX8ThZ7lCtst7JnegWQ,Jojol,2700000,613118300,2122
2026-02-25,UCJLKCYMkCbOW9wzmeUj8dwQ,MEHDI’N TECH,59700,3258551,136
2026-02-25,UCNWE4ouC-BxzJ-Lomuuqb1Q,Isma(ël),4500,313005,45
2026-02-25,UCMWWgqykXE5exHk60TCZ-bw,Yukio_Clyks,27500,7490788,434
2026-02-25,UCQsb5TqYUeGWGpJFr8DMWsQ,ANONIMAL,613000,71356412,298
2026-02-25,UCMWAxO0xGJxELkiX5_pEJNA,Pannacophone - Smartphone & Tech,91400,11611560,137
2026-02-25,UCMwkAK-lhEeLld9xLiyKLMg,Captain Grochat,24800,2455021,108
2026-02-25,UCOm_kuKVb4ImX_DHpIgX_zg,Skinn's Tech Deals,1980,75811,19
2026-02-25,UCH6ppHEvV3_WIXEwmhv9HEg,Deus Ex Silicium,409000,28080343,140
2026-02-25,UCNzUonmxxvG-HIqOC3S7Thw,VAC - Vulgarisateur Apple et compagnie,79800,1563686,232
2026-02-25,UCHgZ3SrY7FhB0KjFki50fEQ,Gabinks,1170,325442,155
2026-02-25,UCOaX4zvPzmv0eBbUWOOOB_A,TopAchat,102000,19300304,703
2026-02-25,UCIaNSaws_Wv_eoUAmDbUK-Q,MT High Tech Deal's,2820,246547,71
2026-02-25,UCHRVeW3Z0ttSFk6xIfGW4lA,Nicorama,158000,14015177,287
2026-02-25,UCIu36vEY96BCwfYvz5ccucg,LDLC.com,27900,7212218,365
2026-02-25,UCPP-NkzSqMJ9ywhJkcgrpAw,Tech_Sama,214000,29455606,760
2026-02-25,UCIorGsaWVmlkpNsngTQPDAg,Clubic,31900,10231842,1445
2026-02-25,UCNiauGTV7XhkOpUAIXod4xA,Léo Duff,811000,64401592,320
2026-02-25,UCMc7IaTDRDtxftK9v0aXVqA,Yada 2.0,112000,16782272,206
2026-02-25,UCJ3MlRSjtv2sT-rIDsFg0fw,Sam_VNR,5400,429480,68
2026-02-25,UCGkFwY0mGku1M9_6M_NQ7Ig,Kylian Le Bris,4100,2073731,78
2026-02-25,UCGjKSSIpN7aYQluu04kPrsA,Brandon Le Proktor,308000,45077947,405
2026-02-25,UCJPa4sr9B_mLjShfHhWi8yg,TECnaiche,13600,4709412,403
2026-02-25,UCFWds3GTyhvWpSF308RC1Eg,PcComponentesFR,654,255540,127
2026-02-25,UCPLnJmNrlcQzyi8QAP_dhJA,Dariusz Tech,127000,120513107,833
2026-02-25,UCPQsSFJurluaMOG1qL0Y7sA,PP World,449000,78173825,1042
2026-02-25,UCLOAPb7ATQUs_nDs9ViLcMw,Benjamin Code,156000,13917368,383
2026-02-25,UCKkFotHwcyYF1cn8sFcKvqw,MacGeneration,4960,4710301,589
2026-02-25,UCOyUCj6Wx9skJggzZFUDZyA,Unlock Talk,20600,2486186,372
2026-02-25,UCGMxP4yf3ixAAEKQc3d76gw,Arnaud,6530,1873379,149
2026-02-25,UCN6zUULSoitsLJB03jh_I0A,Le Futurologue,31100,3041991,311
2026-02-25,UCYU8ljh_pDcwqDMWZoJWqwA,RABBIN DES BOIS,360000,20233097,149
2026-02-25,UCa8Leo9o5Nnb-Cc1sWfT2HQ,MobileAddict,300000,44188605,420
2026-02-25,UCUD3E77YRTGK3yPSDB6Kq5Q,Monsport06,193000,13227060,511
2026-02-25,UCVrceZhsV6TRyVh3VhBFaKA,MOBICLICK,2410,1439077,212
2026-02-25,UCUbwQOAmLdZ9zPOOPFt25zQ,YanNick TECH,68300,17685978,1341
2026-02-25,UCaybrunQi8xWgPMgv1AYBHw,TheiCollection,1000000,219897459,1289
2026-02-25,UCTG26Ngiphy9TCOejxGfShQ,R-Tech,138,103162,61
2026-02-25,UCSGT2_DuhiJ1uV9dpRbXxug,Kulture ChroniK,168000,26428323,863
2026-02-25,UCZsEJw8rwd0RWAga5dulOpg,Bon Plan High Tech,13700,4592450,344
2026-02-25,UCagQpz-WZtgbSp8Ry0XQ4Yw,Victor,3230,228906,51
2026-02-25,UCbqjtNeW9vbz6_gwOW5PybQ,KYIO,11600,5310367,404
2026-02-25,UCRhyS_ylPQ5GWBl1lK92ftA,Léo - TechMaker,2230000,385152755,1543
2026-02-25,UCWedHS9qKebauVIK2J7383g,Underscore_,921000,115433200,201
2026-02-25,UCX4A8obrGg1iX37R-fyBJ6w,Monde Tech,734,150337,148
2026-02-25,UCU_a5aoj_HzTMohx0JG_Z4A,GUILLAUME++,101000,9782963,300
2026-02-25,UCXJ_vW2t0W5hY9hS8ePnpzw,Back Market France,22000,161547553,200
2026-02-25,UC_dzE9mydhQuQ0NwmXByDtA,André Martin,392000,56606157,1006
2026-02-25,UCZEdNvDcHUPEE7CDRpXnO6w,Cyril | Ctrl Bu,6060,880346,163
2026-02-25,UCUanZckNyJODHBdqtMzYMpA,ORLM.tv / On refait le Mac,54900,13535525,1492
2026-02-25,UCTKa4DGeCFeThot6rcRqNow,TechnoïdFR,21900,5485567,1728
2026-02-25,UCUaHJ0fTA-1theR8A8Polmw,BFM Tech,574000,232630759,8370
2026-02-25,UCbwE_k9zALnzZRvkoyDhuzw,Jojo Le Geek,165000,25412705,593
2026-02-25,UCSPoCan8_9ELmqEVS2hUHPA,iVax,120000,20956119,488
2026-02-25,UCb6bgt9GlMWk-gKrLLfXFLw,Julien Hick,11100,3308152,362
2026-02-25,UC_FckuJiPXwA_nOEIoTsRZg,Fabien captain virtuality,12900,1809361,181
2026-02-25,UCZ5qxuvquQABNtjcawNMowA,DaddyFamtech,127000,13744548,1434
2026-02-25,UCTOAKgwfqqCbOytF3RNGGVw,Monsieur GRrr,724000,147927614,1991
2026-02-25,UCTE6xlfjGhlJ3pLVsg85-AQ,Amazon Promo Tech,1330,78324,517
2026-02-25,UCURjynFkZicGPbIIaWO9vmQ,Benji TV,61000,14570476,251
2026-02-25,UCc7giV0qHsCNbhjV3_ZJ22w,Paul - Nakryum,107000,16848994,590
2026-02-25,UCYWJ5aXwE7vyN-qtDT3uR4w,Top For Phone,148000,47133220,1643
2026-02-25,UCR3uoYsbRO_S0wg2DaSlb8g,Wondershare Français,100000,16093286,1296
2026-02-25,UCUclUivgBePqnqDGQ3Jzu2Q,TOUKIWANTI,133000,22771747,856
2026-02-25,UCaysddji-z_Za5b6EMmcc3g,Bien Chez Soi,52800,1959054,808
2026-02-25,UCSGjkErS7A6LPBjESg56p7g,Tech Shorts,31900,11875039,200
2026-02-25,UCSYFVeBI66YqDhGrYKxiCUQ,Georges,2490,183662,43
2026-02-25,UCWzO_6sTx_tzEi0pU_3L5dA,Kizuna Horizon,187,68407,11
2026-02-25,UCVwG9JHqGLfEO-4TkF-lf2g,Nowtech,442000,73651288,907
2026-02-25,UCUT9pQQGw4ZEpv5hqrv-bZw,TonyTech,94900,11883195,778
2026-02-25,UCYnvxJ-PKiGXo_tYXpWAC-w,Micode,1840000,123001308,85
2026-02-25,UCb0sWM7tMRaEgn_hpptqnxA,Mon iPad & Moi,787,42526,29
2026-02-25,UCRI5foOTNz6DuVz3SVQ1cMA,Tao Gassin,15500,1175447,54
2026-02-25,UCSvD1S5kHsr9tvD3gDXkPkQ,Techmo,99100,56428968,303
2026-02-25,UCTmHRe6W96WgYlUNxcokpVQ,Fitfitzone,1290,185500,18
2026-02-25,UCT9QoBXRO1_z1f-Ud97RxPg,Norizon,325,27194,20
2026-02-25,UCaHolOYkfcTdC0vTFAywzXw,LoKan Sardari,88500,18589614,989
2026-02-25,UCUltPy138RvnbWX_FuUHtDA,MT High-Tech,22100,2935598,318
2026-02-25,UCYmw-Y8TnRzO4COTBKEgUGg,Les Dénicheurs,20900,5986509,3010
2026-02-25,UCU8_onYYhNxwGUB3hA34C4Q,FrenchHardware,845000,170461633,944
2026-02-25,UCTER7XOnDvSRbI2YxikLaVw,RTBF iXPé,262000,93082757,2492
2026-02-25,UCr7ZVUNJ9KyYD92xqfinGsQ,Jimtek,16500,1520071,140
2026-02-25,UCgWvhceGENT-dKBlgodnomQ,Les perdus Du numérique,12500,4156170,2008
2026-02-25,UClQPWod8Gjgw7i51t7PYibQ,Sélection Futée,2290,232214,380
2026-02-25,UCgoxc-VKU0cw9BcM9z_qokg,Frandroid,596000,202092549,2792
2026-02-25,UChFaUrD7t1JQ0w7rObWhIRA,Millomaker,441000,54941061,86
2026-02-25,UCe7R7Pt-bxNT7EE83NLsmFQ,Avis Express - Testeur High-Tech,273000,58051927,1708
2026-02-25,UCpSRz-eAoiSW5kaHpI_3LjA,JOLI TECH,20,19301,498
2026-02-25,UCeUxAQ2j3OETAApTvBj5Scw,MoMo App,738000,46216475,911
2026-02-25,UCeXhsPdO6bRK7ZycOeFdD8A,iTechNews,289000,2748192,78
2026-02-25,UCnnYqSNKKygemgmxC9PyLTw,Ludo Salenne,258000,16895232,425
2026-02-25,UCchpwieM3DswmDEnJ0MRq1A,Romain Lanéry,1050000,206384549,1701
2026-02-25,UCqC_p9Kw9pnvLvzr701beSg,Olivier Schmitt,178000,15408216,285
2026-02-25,UCfLyhjpn3hzleNtgTGOQimA,Romain PIAUD,32200,7826005,595
2026-02-25,UCkS6jlQ4RJTCdkzVCU2-FSQ,GeekEtc,21900,6411540,644
2026-02-25,UCpaI1FRY8EGK6mEAL7Wfr9w,Yosheez,130000,59106884,867
2026-02-25,UCrSCIeCW1YuEviVZPVhEfGQ,Dorian GM,30400,6162415,273
2026-02-25,UCgjhIdz3Uw9r-eMyML9M8FA,PIKATE,12800,1282198,123
2026-02-25,UCfc0cRoo8yYOzeuS89zpN-Q,Québec Test,303000,35042622,511
2026-02-25,UCfQxUIhFxt59kj0hK53rZGg,"nakan.ch, sport et technologies",29000,5810283,417
2026-02-25,UCqHcg3sjPv2mcGqL1B60bew,"Dbc iPhone, iPad, MacBook",33400,24636881,468
2026-02-25,UCoJ4gzwVvGNH5GNqiJoQAAA,Alex Reframe,131000,25059687,645
2026-02-25,UCkQI4PEJfOY37DU_WLLzc5w,Dell Technologies France,2480,50755344,324
2026-02-25,UClXUBKUsEdXpSl4mOr3Q3jw,Binbin Tech,14100,1629320,59
2026-02-25,UCdSUuErbgIIfHCezyiXDCtQ,Guid0matic,14700,7179115,2892
2026-02-25,UCnJAGhDDEPdvY2g4ipf9PMQ,Elliott Pierret,89400,5690606,170
2026-02-25,UCflWJq4cTuofmM-0G-GMUNQ,conseilguide,19300,6748594,1287
2026-02-25,UChSBt06I1fa5FlDjbB0fChg,BenBraTeK,9630,1575371,61
2026-02-25,UCpt_q94CBCYar_Gmkb9G_aA,Tenorshare 4DDiG Français,24500,7715583,260
2026-02-25,UCpFq62uOig4n9jT3luIYUDQ,VZX,23000,9488197,148
2026-02-25,UCo2fYdtvhyXW38WiLW_yg0Q,Charles Bolduc,1930,341588,172
2026-02-25,UCdTrm2PZ7Wwa7xF-LbGP0dQ,Le Showroom de l'Image et du Son,15400,14854820,2817
2026-02-25,UCrsiHZzr4IjuSjnvPy5rVUQ,Daddy Dtech,114000,12394194,405
2026-02-25,UCrs2S-Ilj6R6qhhXCiV5hsQ,Tech Live,18400,3182763,257
2026-02-25,UCrAiXFptzDmgQA6gUCOz9RQ,Meta Perso,14700,1099851,49
2026-02-25,UCmUm6tw3Gz8dftSDy7Eep3A,Stéphane (Biggy Tech),34900,2970530,794
2026-02-25,UCeFfhz1vsSxxJY26VZHw19w,Selectos Tech,117000,31807469,597
2026-02-25,UCrGUPAX1w87ckAxUwu8JtOA,Team VRY,11500,6082650,421
2026-02-25,UCfkiE_eKqeVWE0XhMNBMFdA,InfiniT,192,52744,161
2026-02-25,UCrHCRJPuJJcINMMEETEYt4g,Le Petit Comparateur,16200,5775010,741
2026-02-25,UCm3QK_QNta9Mue2Q70gtzVw,Android plus,2670,462029,440
2026-02-25,UCfwLCsZhix155PAoFTBb-oQ,Mac4Ever,161000,53735033,1991
2026-02-25,UCf-DN6QjyyEbhuMWCoXdXQQ,Phonandroid,144000,26533628,840
2026-02-25,UCqiGrF_OdWHHOs-eFe8O-ZA,Goli Tech,21,12428,491
2026-02-25,UCiR9chjo9kIFMsCXgspFxqg,Braindegeek,75200,48001378,807
2026-02-25,UCfbwndxvM8tOtxN_GqU1R3Q,Lorenzo-high-tech,29500,4557267,965
2026-02-25,UCe7aMEBJH_sGJMCXWLCzeSA,TheFunTouch,1690,932605,170
2026-02-25,UClnRNkdVq24iwIbc1O-hjlw,Yensing,21200,1307449,20
2026-02-25,UCqRSWOqkW_oelrdUN7KQ-aQ,Les Numériques,155000,64839959,3042
2026-02-25,UCptwuAv0XQHo1OQUSaO6NHw,Max Tech,1260000,449292963,2074
2026-02-25,UCdqC1GnhKs3aQw6j62uOvUw,Mister Perrier,57100,5081565,364
2026-02-25,UCwZsbPUXohCN867pQzioGLw,Nicolas Barbet,15600,5779929,356
2026-02-25,UCySZIa8Y4e6aSVg4CISXAOA,Mathieu Dos Santos,25100,4202782,1137
2026-02-25,UCuJtgmGNF_PvicQkf88t-5g,ChristoTech,319000,33467610,1400
2026-02-25,UCvTqrD4wJGkFBwr8v6dO-Wg,Miennu Core,402,191796,38
2026-02-25,UCyeoo6CDdAyYGyUvHWF0gSA,Garmin France,15300,56977293,1275
2026-02-25,UCzxT0liRKM_xXnFYRZGiFHA,Acta - Swipe!,1140,263496,141
2026-02-25,UCsKrhME6clyYbibb4nzvgMA,Leasi,6,3776,42
2026-02-25,UCu6HC8ahaPWqqfSvic7nWyQ,Nightech,142000,35517632,517
2026-02-25,UCz-hlzLKQ__1nKXarSedtQA,HardwareFRA,33900,7152239,757
2026-02-25,UCt3bV9VvoCrXILlR1Z6kGmQ,Rémi Lou,136000,82602200,1197
2026-02-25,UCuE3ei3NOnVjQUefjHUCF5Q,DiscoverID,377000,52070425,532
2026-02-25,UCxnikUCVJLsD4GTbujlnmlQ,Comparatif Mobile,201,30787,252
2026-02-25,UCssuk5-zaZn9vt0_HNj-Hug,VERBOZZ,474000,60993848,284
2026-02-25,UCuDNiVxL-Zfw0CBVQ4oOr8w,DealSmart FR,227,34878,25
2026-02-25,UCz6PEeVLG1TL6jMRTvSLm4g,Matt Talks Tech,786000,110440157,1528
2026-02-25,UCxpT79bmhxk50l8P50WG86w,Discoverdex,79000,24303338,478
2026-02-25,UCxej0ZiLbbeVrz3XQZjj-MA,Huawei Mobile France,27700,43716389,120
2026-02-25,UCwWgvJHw1mNRq_ry6VoPKEg,Yada,384000,43155130,537
2026-02-25,UCs7Jg5KBsgiova4CrseuwIw,TheGrandTest,325000,45968038,1881
2026-02-25,UCwsQtHFlS-LKVn8xJ3TaupQ,Monsieur Pixel,10300,1272726,224
2026-02-25,UCtPzJInyqqt__Tn0EaUlaAw,Science Gaming,420000,401406999,1325
2026-02-25,UCv8L8SztjsNYT4FpX8g5ATw,INFOMAX Paris,10400,7900312,347
2026-02-25,UCzICpbabqKwBTpb9XlWerjA,PassTech TV,681,127441,14
2026-02-25,UCtmEbUFh18ZmtObT78ix9Yw,Tech and Shoot,30700,6708108,1321
2026-02-25,UCrwtkeoBxPfhyde5eesmvyA,CieloTech,13000,15294228,223
2026-02-26,UC-pdFydi9ooxEfATh3KoiIw,STEVEN,1100000,197068633,1508
2026-02-26,UCAOjk3Po21_t7L1MDHQ4-Og,FNK Hardware,249000,43330936,1241
2026-02-26,UC69qClfvKeB9WeyySg5iQrQ,Yohann Studio,4330,2306205,323
2026-02-26,UCDfGCQqgOKPYeiaG3I4vl4w,Marty,110000,22687547,888
2026-02-26,UC2lMzO7HzJ_jamFT762vfwA,Jon Rettinger en Français,345,65179,39
2026-02-26,UC5HtcZa4-moyfy6NTY7GHwA,TECHNO 24,529,224152,560
2026-02-26,UC66ysWRFWfg-V5RhnQN4wFg,Gadget Evolution,71200,8657312,81
2026-02-26,UC65OszX3C9oYfNLU5AWjwYg,Aaron,2990,304246,32
2026-02-26,UC2HXhqg87yIWz152Ig9vkaQ,Tout Techno,32400,7207574,250
2026-02-26,UCB0ffaItcXwkgbVu8Hvq3Tw,QUENTIN,224000,43450599,1307
2026-02-26,UC0Cgi1uK0MWB5V_VtKkvi8g,La Geek News,3830,764139,164
2026-02-26,UCDY3WI0HqdzNADtE6B-BmUw,MrG Tech,185000,28797125,585
2026-02-26,UC0xLruy2ZFFpxR6ODgnhJXA,GadgetRevNow,161000,86597264,1209
2026-02-26,UC1F5QJFXcu1evMkYyXRGoaw,LoKan Sardari - Studio,12300,1505643,676
2026-02-26,UCE4qu22kCO225a91eERbxvA,Vivo Tech,16,9346,469
2026-02-26,UC1N4EIilrmXhTEdu3h7tpPg,iPhone page,1050,188895,274
2026-02-26,UCDvCJx3pU8N-23ilB6tNMlg,mister gadget,4350,1630296,733
2026-02-26,UCAz-755tH3m8_BwaluzdJwQ,Numerama,221000,106544982,2147
2026-02-26,UCBqYyDusSFntU7k2UnFGsBA,Giga Content,24900,5237303,828
2026-02-26,UC69gruQfEHEQ4Qme0liJOdw,Ludo Tech,1800,814877,205
2026-02-26,UCEPqgSzHj7vlJj5pGX9dDdA,Gilo & Alex,2330,132694,40
2026-02-26,UC7XxmEXw7wXgh259vYCSjkQ,Cmonavis 2 🇫🇷,10300,1289296,210
2026-02-26,UCA25ZdZZF5XE6ihPE5pwfnw,Materiel.net,31800,12931389,575
2026-02-26,UCDBYphtxNDXGQe5eyHYZ6Fw,GUILLAUME,498000,66132828,884
2026-02-26,UCB32y6dm508Hap4_Mn-ZnHQ,Presse-citron,91400,25813227,1446
2026-02-26,UC1wV5Kf18gVbL3bWH-tWKDw,Cmonavis 🇫🇷,62600,12591784,659
2026-02-26,UC1WIj7YGywcVoRLS0zZu2RQ,TechDams,5400,1788592,22
2026-02-26,UC6jfhJWEAfako0XlKnA2UGQ,Timena TechGeek,64300,11496356,1014
2026-02-26,UC3-dl8nKItitMxM9DNTDAfQ,Kang et ses PC,108000,28987728,146
2026-02-26,UC3aPRnneybmQcbEK-X-Qptg,GLG reviews,394000,33060490,1688
2026-02-26,UCBOGe_x7aqQV4Ly5Rfa4iow,Les Tests de Cyril,31700,2656713,457
2026-02-26,UC0V8fUv0DB5Tq7uHdG7ixyw,W38,140000,61587564,1920
2026-02-26,UC1ndVn8sa4oTbW09P5ICOog,amazing mac TV,66100,18572473,1433
2026-02-26,UC70eSjnRIGvRLCzT6K0SQSg,Device FR,2030,739281,935
2026-02-26,UC7sFrgyGelEr6eny6_PsGXQ,Tom's Guide France,40100,0,488
2026-02-26,UCCM6zpvTcgXeNqLmQ9swugQ,Selectos Lifestyle,13000,4538635,196
2026-02-26,UCA_DfRJwb5U0S4UiiH3BtUg,Jérémy Dufour,78000,14939504,1000
2026-02-26,UCCUlTcDhcn72O8TiNfFJWWA,GLG video (JT Geek),70700,20296517,3361
2026-02-26,UC44qdJgVvPEaEaojOUZpp9A,Benjamin Code Plus,19500,678753,33
2026-02-26,UC-2f97m_1UGWDogGudJcVJg,OtaXou,29500,3503003,370
2026-02-26,UC0AFqXyYs1z2Dxx5jtQBicQ,SkinnZer,44700,3628171,288
2026-02-26,UC-g0NspJGvPdg_x7XIBNkNg,The Viewing Angle en Français,335,69834,22
2026-02-26,UC2XmvTlziz2LSXd_QKBwf8Q,Espritnewgen,72000,21843267,2957
2026-02-26,UCFWds3GTyhvWpSF308RC1Eg,PcComponentesFR,653,255845,127
2026-02-26,UCAicNsMAZgbqPr_0QsnI1PA,Cobra.fr,6420,6960251,2154
2026-02-26,UC6joDErOGcFJC1vHNSfsYQg,01net,136000,48733521,1827
2026-02-26,UC4vD_Spv_zjcmyfHpnAwBNA,Ixar.,15800,2503813,188
2026-02-26,UC4q3HKdMqzll3SvA2Lf7oAg,Thomas in Tech,73500,21523333,965
2026-02-26,UC7rdUip5Q8R7Ki1haNbdwwg,SoloTech,254000,35291478,632
2026-02-26,UCC5xS4j2xUyGO2UfjFh5LsQ,Nooz,15300,2769824,622
2026-02-26,UCKkFotHwcyYF1cn8sFcKvqw,MacGeneration,4960,4711069,589
2026-02-26,UCJ4p_F-vCnEn5V5OtFN8Q3w,FrenchMakito,32700,3607081,99
2026-02-26,UCR3uoYsbRO_S0wg2DaSlb8g,Wondershare Français,100000,16107226,1296
2026-02-26,UCQSA6pCffm7epqxFqouL0Xg,Mathis et Gauthier,194000,33643592,441
2026-02-26,UCN6zUULSoitsLJB03jh_I0A,Le Futurologue,31200,3049885,312
2026-02-26,UCMc7IaTDRDtxftK9v0aXVqA,Yada 2.0,112000,16788117,206
2026-02-26,UCIu36vEY96BCwfYvz5ccucg,LDLC.com,27900,7212371,365
2026-02-26,UCJy0lX8ThZ7lCtst7JnegWQ,Jojol,2700000,613199320,2126
2026-02-26,UCNzUonmxxvG-HIqOC3S7Thw,VAC - Vulgarisateur Apple et compagnie,79900,1565067,232
2026-02-26,UCFdQm01R6HPdMw4oa6a0Ihw,Qasim,38600,17185008,205
2026-02-26,UCL3y_psKbrdZ5FZo3dvVeEQ,Pafito,15600,8466152,96
2026-02-26,UCM6kUx3GI7lTQlqMBiumaEg,technofou,43300,1926298,90
2026-02-26,UCR-4Ge4NbqILG5HTTvs_nFQ,Lysandre_lbd,12300,5476769,326
2026-02-26,UCGkFwY0mGku1M9_6M_NQ7Ig,Kylian Le Bris,4190,2111592,79
2026-02-26,UCOyUCj6Wx9skJggzZFUDZyA,Unlock Talk,20700,2490025,378
2026-02-26,UCOm_kuKVb4ImX_DHpIgX_zg,Skinn's Tech Deals,1990,77226,19
2026-02-26,UCO14QTmfRbe9j9PTJsAhtLQ,PΔX,89400,12932716,504
2026-02-26,UCGjKSSIpN7aYQluu04kPrsA,Brandon Le Proktor,308000,45085559,406
2026-02-26,UCHGvOgxAA_MFOH1yyhjcR-Q,ArtBen,327000,38273646,266
2026-02-26,UCQZa27_VXLUowoMsYo6Y0Dw,bazze tv,23300,3277056,271
2026-02-26,UCLOAPb7ATQUs_nDs9ViLcMw,Benjamin Code,156000,13920699,383
2026-02-26,UCQvNFAufGf8mtN2_L8thysg,Journal du Geek,66500,31808029,2514
2026-02-26,UCNWE4ouC-BxzJ-Lomuuqb1Q,Isma(ël),4500,313298,45
2026-02-26,UCPQsSFJurluaMOG1qL0Y7sA,PP World,449000,78203064,1042
2026-02-26,UCP5-zNhWXk_LUPIJpxtrTnQ,Cowcotland,52600,23564616,4270
2026-02-26,UCMWWgqykXE5exHk60TCZ-bw,Yukio_Clyks,27500,7493692,434
2026-02-26,UCPLnJmNrlcQzyi8QAP_dhJA,Dariusz Tech,127000,120731887,836
2026-02-26,UCJPa4sr9B_mLjShfHhWi8yg,TECnaiche,13600,4711042,403
2026-02-26,UCJ3MlRSjtv2sT-rIDsFg0fw,Sam_VNR,5410,434064,68
2026-02-26,UCGMxP4yf3ixAAEKQc3d76gw,Arnaud,6540,1875800,149
2026-02-26,UCMwkAK-lhEeLld9xLiyKLMg,Captain Grochat,24800,2477141,108
2026-02-26,UCNiauGTV7XhkOpUAIXod4xA,Léo Duff,812000,64431812,320
2026-02-26,UCHJb6-VCrzQqVQASN23OskQ,Jigfio Ti Super,19300,966138,71
2026-02-26,UCMWAxO0xGJxELkiX5_pEJNA,Pannacophone - Smartphone & Tech,91400,11616889,137
2026-02-26,UCIorGsaWVmlkpNsngTQPDAg,Clubic,31900,10233604,1446
2026-02-26,UCOCoKBUmALR6d7UW_s5zgrA,Arnaud C.,107000,7004268,322
2026-02-26,UCQigF3tZJJlt6o1_tkYKkNQ,KAPPA Studio,233000,59186176,126
2026-02-26,UCJLKCYMkCbOW9wzmeUj8dwQ,MEHDI’N TECH,59700,3259653,136
2026-02-26,UCHRVeW3Z0ttSFk6xIfGW4lA,Nicorama,158000,14025652,287
2026-02-26,UCHgZ3SrY7FhB0KjFki50fEQ,Gabinks,1170,327002,155
2026-02-26,UCPP-NkzSqMJ9ywhJkcgrpAw,Tech_Sama,214000,29473738,760
2026-02-26,UCH6ppHEvV3_WIXEwmhv9HEg,Deus Ex Silicium,409000,28082673,140
2026-02-26,UCRI5foOTNz6DuVz3SVQ1cMA,Tao Gassin,15600,1179231,54
2026-02-26,UCQsb5TqYUeGWGpJFr8DMWsQ,ANONIMAL,613000,71357864,298
2026-02-26,UCNOUTy_TWRJzAaSfIGserkg,Nowtech Replay (Le Mug Nowtech),5400,817832,515
2026-02-26,UCOtM8pxxBIfwqu6e8mHgUEQ,TheiMika,12800,3592495,121
2026-02-26,UCQwe6dSfilWUgNbgQ3NCQNg,C mon point de vue,3570,908846,62
2026-02-26,UCIaNSaws_Wv_eoUAmDbUK-Q,MT High Tech Deal's,2830,246591,71
2026-02-26,UCOaX4zvPzmv0eBbUWOOOB_A,TopAchat,102000,19325641,703
2026-02-26,UCFrfK9IFqO15S7C52DdnSog,GIGATOP,44500,15586256,1102
2026-02-26,UCTmHRe6W96WgYlUNxcokpVQ,Fitfitzone,1290,186732,18
2026-02-26,UCU8_onYYhNxwGUB3hA34C4Q,FrenchHardware,845000,170670912,945
2026-02-26,UCWedHS9qKebauVIK2J7383g,Underscore_,922000,115469465,201
2026-02-26,UCUanZckNyJODHBdqtMzYMpA,ORLM.tv / On refait le Mac,54900,13538046,1493
2026-02-26,UCXJ_vW2t0W5hY9hS8ePnpzw,Back Market France,22000,161548714,201
2026-02-26,UCSPoCan8_9ELmqEVS2hUHPA,iVax,120000,20968640,488
2026-02-26,UCU_a5aoj_HzTMohx0JG_Z4A,GUILLAUME++,101000,9788426,303
2026-02-26,UCUbwQOAmLdZ9zPOOPFt25zQ,YanNick TECH,68300,17711417,1342
2026-02-26,UCUaHJ0fTA-1theR8A8Polmw,BFM Tech,574000,232642863,8373
2026-02-26,UC_FckuJiPXwA_nOEIoTsRZg,Fabien captain virtuality,12900,1810157,181
2026-02-26,UCb6bgt9GlMWk-gKrLLfXFLw,Julien Hick,11100,3309946,363
2026-02-26,UCYWJ5aXwE7vyN-qtDT3uR4w,Top For Phone,148000,47133687,1643
2026-02-26,UCZsEJw8rwd0RWAga5dulOpg,Bon Plan High Tech,13700,4593741,345
2026-02-26,UCYU8ljh_pDcwqDMWZoJWqwA,RABBIN DES BOIS,360000,20233521,149
2026-02-26,UCTOAKgwfqqCbOytF3RNGGVw,Monsieur GRrr,725000,147960584,1993
2026-02-26,UCdTrm2PZ7Wwa7xF-LbGP0dQ,Le Showroom de l'Image et du Son,15400,14856114,2817
2026-02-26,UC_dzE9mydhQuQ0NwmXByDtA,André Martin,392000,56675964,1008
2026-02-26,UCSGjkErS7A6LPBjESg56p7g,Tech Shorts,31900,11882986,200
2026-02-26,UCagQpz-WZtgbSp8Ry0XQ4Yw,Victor,3230,229266,51
2026-02-26,UCURjynFkZicGPbIIaWO9vmQ,Benji TV,61000,14574965,251
2026-02-26,UCUclUivgBePqnqDGQ3Jzu2Q,TOUKIWANTI,134000,22878572,856
2026-02-26,UCTE6xlfjGhlJ3pLVsg85-AQ,Amazon Promo Tech,1330,78507,517
2026-02-26,UCchpwieM3DswmDEnJ0MRq1A,Romain Lanéry,1050000,206413760,1703
2026-02-26,UCRhyS_ylPQ5GWBl1lK92ftA,Léo - TechMaker,2230000,385959712,1544
2026-02-26,UCZEdNvDcHUPEE7CDRpXnO6w,Cyril | Ctrl Bu,6060,882023,163
2026-02-26,UCTG26Ngiphy9TCOejxGfShQ,R-Tech,139,103413,61
2026-02-26,UCaybrunQi8xWgPMgv1AYBHw,TheiCollection,1000000,219916099,1290
2026-02-26,UCTER7XOnDvSRbI2YxikLaVw,RTBF iXPé,263000,93154333,2495
2026-02-26,UCWzO_6sTx_tzEi0pU_3L5dA,Kizuna Horizon,187,68429,11
2026-02-26,UCdSUuErbgIIfHCezyiXDCtQ,Guid0matic,14700,7181015,2894
2026-02-26,UCUT9pQQGw4ZEpv5hqrv-bZw,TonyTech,94900,11889886,778
2026-02-26,UCbwE_k9zALnzZRvkoyDhuzw,Jojo Le Geek,165000,25416779,594
2026-02-26,UCc7giV0qHsCNbhjV3_ZJ22w,Paul - Nakryum,107000,16852051,590
2026-02-26,UCUD3E77YRTGK3yPSDB6Kq5Q,Monsport06,193000,13230151,511
2026-02-26,UCa8Leo9o5Nnb-Cc1sWfT2HQ,MobileAddict,300000,44192942,420
2026-02-26,UCX4A8obrGg1iX37R-fyBJ6w,Monde Tech,734,151195,149
2026-02-26,UCZ5qxuvquQABNtjcawNMowA,DaddyFamtech,127000,13756454,1436
2026-02-26,UCaHolOYkfcTdC0vTFAywzXw,LoKan Sardari,88500,18602181,990
2026-02-26,UCb0sWM7tMRaEgn_hpptqnxA,Mon iPad & Moi,789,42620,29
2026-02-26,UCSYFVeBI66YqDhGrYKxiCUQ,Georges,2530,184372,45
2026-02-26,UCbqjtNeW9vbz6_gwOW5PybQ,KYIO,11600,5322317,410
2026-02-26,UCaysddji-z_Za5b6EMmcc3g,Bien Chez Soi,52800,1967102,814
2026-02-26,UCYmw-Y8TnRzO4COTBKEgUGg,Les Dénicheurs,20900,5993500,3012
2026-02-26,UCUltPy138RvnbWX_FuUHtDA,MT High-Tech,22100,2936627,320
2026-02-26,UCT9QoBXRO1_z1f-Ud97RxPg,Norizon,325,27279,20
2026-02-26,UCTKa4DGeCFeThot6rcRqNow,TechnoïdFR,21900,5486028,1728
2026-02-26,UCVwG9JHqGLfEO-4TkF-lf2g,Nowtech,442000,73692813,908
2026-02-26,UCVrceZhsV6TRyVh3VhBFaKA,MOBICLICK,2410,1441470,213
2026-02-26,UCYnvxJ-PKiGXo_tYXpWAC-w,Micode,1840000,123047296,85
2026-02-26,UCSGT2_DuhiJ1uV9dpRbXxug,Kulture ChroniK,168000,26448328,863
2026-02-26,UCr7ZVUNJ9KyYD92xqfinGsQ,Jimtek,16600,1546013,140
2026-02-26,UCrsiHZzr4IjuSjnvPy5rVUQ,Daddy Dtech,114000,12398519,406
2026-02-26,UCfQxUIhFxt59kj0hK53rZGg,"nakan.ch, sport et technologies",29100,5812586,417
2026-02-26,UCkS6jlQ4RJTCdkzVCU2-FSQ,GeekEtc,21900,6417244,644
2026-02-26,UCeFfhz1vsSxxJY26VZHw19w,Selectos Tech,117000,31809282,597
2026-02-26,UCmUm6tw3Gz8dftSDy7Eep3A,Stéphane (Biggy Tech),34900,2971253,796
2026-02-26,UCo2fYdtvhyXW38WiLW_yg0Q,Charles Bolduc,1930,341748,172
2026-02-26,UCrwtkeoBxPfhyde5eesmvyA,CieloTech,13000,15392287,223
2026-02-26,UClQPWod8Gjgw7i51t7PYibQ,Sélection Futée,2290,233111,383
2026-02-26,UCqiGrF_OdWHHOs-eFe8O-ZA,Goli Tech,21,12520,491
2026-02-26,UCeUxAQ2j3OETAApTvBj5Scw,MoMo App,738000,46228633,911
2026-02-26,UCiR9chjo9kIFMsCXgspFxqg,Braindegeek,75200,48100181,807
2026-02-26,UCfbwndxvM8tOtxN_GqU1R3Q,Lorenzo-high-tech,29500,4560907,969
2026-02-26,UCgjhIdz3Uw9r-eMyML9M8FA,PIKATE,12900,1284598,123
2026-02-26,UClnRNkdVq24iwIbc1O-hjlw,Yensing,21200,1309055,20
2026-02-26,UCeXhsPdO6bRK7ZycOeFdD8A,iTechNews,289000,2697674,77
2026-02-26,UCqC_p9Kw9pnvLvzr701beSg,Olivier Schmitt,178000,15409496,285
2026-02-26,UCrGUPAX1w87ckAxUwu8JtOA,Team VRY,11500,6084322,421
2026-02-26,UCfc0cRoo8yYOzeuS89zpN-Q,Québec Test,303000,35060411,512
2026-02-26,UChFaUrD7t1JQ0w7rObWhIRA,Millomaker,441000,54989472,86
2026-02-26,UCqHcg3sjPv2mcGqL1B60bew,"Dbc iPhone, iPad, MacBook",33400,24680600,471
2026-02-26,UCfkiE_eKqeVWE0XhMNBMFdA,InfiniT,192,52932,162
2026-02-26,UCpt_q94CBCYar_Gmkb9G_aA,Tenorshare 4DDiG Français,24500,7718585,261
2026-02-26,UCoJ4gzwVvGNH5GNqiJoQAAA,Alex Reframe,131000,25061138,645
2026-02-26,UCe7R7Pt-bxNT7EE83NLsmFQ,Avis Express - Testeur High-Tech,273000,58062531,1709
2026-02-26,UCgWvhceGENT-dKBlgodnomQ,Les perdus Du numérique,12500,4158088,2008
2026-02-26,UCqRSWOqkW_oelrdUN7KQ-aQ,Les Numériques,155000,64851299,3044
2026-02-26,UCptwuAv0XQHo1OQUSaO6NHw,Max Tech,1260000,449429025,2076
2026-02-26,UCrSCIeCW1YuEviVZPVhEfGQ,Dorian GM,30500,6179727,273
2026-02-26,UCnJAGhDDEPdvY2g4ipf9PMQ,Elliott Pierret,89600,5702794,170
2026-02-26,UCnnYqSNKKygemgmxC9PyLTw,Ludo Salenne,258000,16899172,425
2026-02-26,UCfwLCsZhix155PAoFTBb-oQ,Mac4Ever,161000,53772436,1993
2026-02-26,UCrAiXFptzDmgQA6gUCOz9RQ,Meta Perso,14700,1100696,49
2026-02-26,UCsKrhME6clyYbibb4nzvgMA,Leasi,6,3786,42
2026-02-26,UCpFq62uOig4n9jT3luIYUDQ,VZX,23000,9490223,149
2026-02-26,UCpaI1FRY8EGK6mEAL7Wfr9w,Yosheez,131000,59169181,868
2026-02-26,UCdqC1GnhKs3aQw6j62uOvUw,Mister Perrier,57100,5081791,364
2026-02-26,UCkQI4PEJfOY37DU_WLLzc5w,Dell Technologies France,2470,50755381,324
2026-02-26,UCfLyhjpn3hzleNtgTGOQimA,Romain PIAUD,32300,7838794,595
2026-02-26,UCs7Jg5KBsgiova4CrseuwIw,TheGrandTest,325000,45997176,1885
2026-02-26,UCgoxc-VKU0cw9BcM9z_qokg,Frandroid,596000,202180569,2797
2026-02-26,UCe7aMEBJH_sGJMCXWLCzeSA,TheFunTouch,1690,932610,170
2026-02-26,UCf-DN6QjyyEbhuMWCoXdXQQ,Phonandroid,144000,26535874,842
2026-02-26,UChSBt06I1fa5FlDjbB0fChg,BenBraTeK,9630,1576183,61
2026-02-26,UCrHCRJPuJJcINMMEETEYt4g,Le Petit Comparateur,16200,5777699,741
2026-02-26,UClXUBKUsEdXpSl4mOr3Q3jw,Binbin Tech,14100,1631579,59
2026-02-26,UCpSRz-eAoiSW5kaHpI_3LjA,JOLI TECH,20,19384,498
2026-02-26,UCflWJq4cTuofmM-0G-GMUNQ,conseilguide,19300,6750082,1288
2026-02-26,UCrs2S-Ilj6R6qhhXCiV5hsQ,Tech Live,18400,3184051,257
2026-02-26,UCm3QK_QNta9Mue2Q70gtzVw,Android plus,2670,462303,443
2026-02-26,UCjwFGttUyDetFa7pCD1M8kg,NETWORKS TV,33400,3539264,296
2026-02-26,UCd1GYZ5K_Inb48Qa8n_xqNg,Alex Lecool Tech,21400,5846756,381
2026-02-26,UCU6x15riA02fMewmDnUEgDg,Tonton ZicC,945,102374,75
2026-02-26,UCriIQI8uaoEro5FEnOpeidQ,Dr. Firas,32600,1309751,341
2026-02-26,UCwsQtHFlS-LKVn8xJ3TaupQ,Monsieur Pixel,10300,1274745,226
2026-02-26,UCKAzZCVzqkdvxX6VLTwyVMQ,BoilingBrains,40200,3030733,142
2026-02-26,UCu6HC8ahaPWqqfSvic7nWyQ,Nightech,142000,35558736,517
2026-02-26,UCz6PEeVLG1TL6jMRTvSLm4g,Matt Talks Tech,786000,110546915,1529
2026-02-26,UCxej0ZiLbbeVrz3XQZjj-MA,Huawei Mobile France,27700,43716457,120
2026-02-26,UCssuk5-zaZn9vt0_HNj-Hug,VERBOZZ,474000,61011236,284
2026-02-26,UC6-5YoHiovbcJyXhGtVpw3Q,La Revue GEEK,31000,2990550,399
2026-02-26,UCtKz6bilv9wtzQpwIaI-soA,Ypsol,24200,987017,27
2026-02-26,UCSzGYcW97w-gPWrL1KvScsA,Chris Tec,1390,371419,118
2026-02-26,UCt3bV9VvoCrXILlR1Z6kGmQ,Rémi Lou,136000,82780894,1201
2026-02-26,UCWZwYtcRjO4cO-RiZqM-W0w,Blog Montre cardio GPS,59700,16725905,565
2026-02-26,UCzxT0liRKM_xXnFYRZGiFHA,Acta - Swipe!,1140,264849,141
2026-02-26,UCtPzJInyqqt__Tn0EaUlaAw,Science Gaming,421000,402040055,1328
2026-02-26,UCKsQUxeg-HulymY9wrki90A,Tout Pour Chez Vous,1540,973272,763
2026-02-26,UCcH06PR-5iRIMWZGo8z6gnA,Francois Mocq,5770,1181728,299
2026-02-26,UCwIM26MmgFO-iujNojxZ2dQ,Maxence,3820,1692589,159
2026-02-26,UCySZIa8Y4e6aSVg4CISXAOA,Mathieu Dos Santos,25100,4210200,1138
2026-02-26,UCuJtgmGNF_PvicQkf88t-5g,ChristoTech,320000,33482671,1401
2026-02-26,UC9faHFOrNIFxMXrpykPHOnA,FRED,120000,28660738,1353
2026-02-26,UCwZsbPUXohCN867pQzioGLw,Nicolas Barbet,15600,5782331,356
2026-02-26,UCUe6P-HODI-F06tGQke8nzA,Planet des Deals,47,13445,135
2026-02-26,UC8oF5yOQVkc0CmTNcI_E-XQ,JEUX MOBILE,42000,9945015,14800
2026-02-26,UCsyWQ6m4lbfir1Z3deNAIcw,Salut Les Noobs,83600,7646405,533
2026-02-26,UC5HF1ej87ZcaMNP4imSyy5w,neo77testeur,2670,885981,871
2026-02-26,UC-yxsBT9aRPie3eJ0qh162g,Le Meilleur Choix,1810,936992,644
2026-02-26,UCxnikUCVJLsD4GTbujlnmlQ,Comparatif Mobile,202,30898,252
2026-02-26,UCvTqrD4wJGkFBwr8v6dO-Wg,Miennu Core,402,192009,38
2026-02-26,UCuE3ei3NOnVjQUefjHUCF5Q,DiscoverID,377000,52074617,532
2026-02-26,UCf2ZTuey5uT8hN3ESe-ZCPQ,Eric V,4480,1485108,987
2026-02-26,UCEcHp8t8tuw8Myeu544tsPQ,Pile et Face,196000,13027952,281
2026-02-26,UCv8L8SztjsNYT4FpX8g5ATw,INFOMAX Paris,10400,7930065,348
2026-02-26,UCM1KoDGFjzp5GrmR5jflyvA,Sanakh version Tech,10300,4000691,615
2026-02-26,UCzICpbabqKwBTpb9XlWerjA,PassTech TV,681,127444,14
2026-02-26,UCtmEbUFh18ZmtObT78ix9Yw,Tech and Shoot,30700,6711050,1325
2026-02-26,UCZO7iTy_uLmPbZiofPJpeXA,Pannacotech,160000,20316209,687
2026-02-26,UCjvFbW7sywyw7ylZ4PHXdAQ,Selectos Tests,6930,3546839,1002
2026-02-26,UCwWgvJHw1mNRq_ry6VoPKEg,Yada,384000,43167435,538
2026-02-26,UCOgE2LMuSZ_DYNhZZnuW6MQ,UX Tech,7010,3178055,517
2026-02-26,UCid32aFGCWd9zITfN44ycWA,Son-Vidéo.com,69900,16492818,1049
2026-02-26,UCNSSQc3Omi1tlJrOlQi4hPQ,Ogu,13400,3625753,269
2026-02-26,UCxpT79bmhxk50l8P50WG86w,Discoverdex,79000,24312675,478
2026-02-26,UCIeYcIN0ii8_golPaIfNUiA,HardReset_info French,20600,9286774,28054
2026-02-26,UCIxLxlan8q9WA7sjuq6LdTQ,Hayls World,2610000,341354949,504
2026-02-26,UCz-hlzLKQ__1nKXarSedtQA,HardwareFRA,34000,7158242,757
2026-02-26,UCyeoo6CDdAyYGyUvHWF0gSA,Garmin France,15300,57234056,1283
2026-02-26,UCuDNiVxL-Zfw0CBVQ4oOr8w,DealSmart FR,227,35050,25
2026-02-26,UCdSAhfiaPLfsE8iu964Kd4w,Tech'Antik par Mickael Minarie,10800,1391287,515
2026-02-27,UC1F5QJFXcu1evMkYyXRGoaw,LoKan Sardari - Studio,12300,1505974,676
2026-02-27,UC-yxsBT9aRPie3eJ0qh162g,Le Meilleur Choix,1810,937935,645
2026-02-27,UCAicNsMAZgbqPr_0QsnI1PA,Cobra.fr,6420,6960781,2155
2026-02-27,UC2lMzO7HzJ_jamFT762vfwA,Jon Rettinger en Français,347,65375,39
2026-02-27,UC3aPRnneybmQcbEK-X-Qptg,GLG reviews,395000,33065872,1688
2026-02-27,UCDY3WI0HqdzNADtE6B-BmUw,MrG Tech,185000,28799179,585
2026-02-27,UCB0ffaItcXwkgbVu8Hvq3Tw,QUENTIN,224000,43452669,1307
2026-02-27,UC8oF5yOQVkc0CmTNcI_E-XQ,JEUX MOBILE,42000,9953061,14801
2026-02-27,UC1wV5Kf18gVbL3bWH-tWKDw,Cmonavis 🇫🇷,62600,12597179,658
2026-02-27,UC2XmvTlziz2LSXd_QKBwf8Q,Espritnewgen,72000,21845041,2957
2026-02-27,UC4vD_Spv_zjcmyfHpnAwBNA,Ixar.,15800,2505317,188
2026-02-27,UC69qClfvKeB9WeyySg5iQrQ,Yohann Studio,4330,2307240,323
2026-02-27,UC5HF1ej87ZcaMNP4imSyy5w,neo77testeur,2670,886301,872
2026-02-27,UC5HtcZa4-moyfy6NTY7GHwA,TECHNO 24,529,224813,560
2026-02-27,UC6jfhJWEAfako0XlKnA2UGQ,Timena TechGeek,64300,11497446,1014
2026-02-27,UC70eSjnRIGvRLCzT6K0SQSg,Device FR,2040,740256,937
2026-02-27,UCB32y6dm508Hap4_Mn-ZnHQ,Presse-citron,91400,25817483,1446
2026-02-27,UCCM6zpvTcgXeNqLmQ9swugQ,Selectos Lifestyle,13000,4539343,196
2026-02-27,UC9faHFOrNIFxMXrpykPHOnA,FRED,120000,28671037,1355
2026-02-27,UCAOjk3Po21_t7L1MDHQ4-Og,FNK Hardware,249000,43333041,1241
2026-02-27,UC-pdFydi9ooxEfATh3KoiIw,STEVEN,1100000,197076746,1508
2026-02-27,UCBOGe_x7aqQV4Ly5Rfa4iow,Les Tests de Cyril,31700,2658400,457
2026-02-27,UC0Cgi1uK0MWB5V_VtKkvi8g,La Geek News,3830,764856,165
2026-02-27,UC1ndVn8sa4oTbW09P5ICOog,amazing mac TV,66100,18573987,1433
2026-02-27,UCDBYphtxNDXGQe5eyHYZ6Fw,GUILLAUME,498000,66155459,886
2026-02-27,UC0V8fUv0DB5Tq7uHdG7ixyw,W38,140000,61587661,1920
2026-02-27,UCCUlTcDhcn72O8TiNfFJWWA,GLG video (JT Geek),70700,20296872,3361
2026-02-27,UCA_DfRJwb5U0S4UiiH3BtUg,Jérémy Dufour,78100,14946306,1001
2026-02-27,UC0AFqXyYs1z2Dxx5jtQBicQ,SkinnZer,44700,3628289,288
2026-02-27,UC6joDErOGcFJC1vHNSfsYQg,01net,136000,48744064,1828
2026-02-27,UCBqYyDusSFntU7k2UnFGsBA,Giga Content,24900,5242025,829
2026-02-27,UC6-5YoHiovbcJyXhGtVpw3Q,La Revue GEEK,31000,2992348,399
2026-02-27,UC1WIj7YGywcVoRLS0zZu2RQ,TechDams,5400,1791608,22
2026-02-27,UC-2f97m_1UGWDogGudJcVJg,OtaXou,29500,3504312,370
2026-02-27,UC-g0NspJGvPdg_x7XIBNkNg,The Viewing Angle en Français,335,70425,23
2026-02-27,UC7rdUip5Q8R7Ki1haNbdwwg,SoloTech,254000,35293360,631
2026-02-27,UC65OszX3C9oYfNLU5AWjwYg,Aaron,2990,304427,32
2026-02-27,UC4q3HKdMqzll3SvA2Lf7oAg,Thomas in Tech,73600,21528999,965
2026-02-27,UC66ysWRFWfg-V5RhnQN4wFg,Gadget Evolution,71500,8683996,83
2026-02-27,UC1N4EIilrmXhTEdu3h7tpPg,iPhone page,1050,189075,275
2026-02-27,UC69gruQfEHEQ4Qme0liJOdw,Ludo Tech,1810,815813,205
2026-02-27,UC7XxmEXw7wXgh259vYCSjkQ,Cmonavis 2 🇫🇷,10300,1290035,210
2026-02-27,UC7sFrgyGelEr6eny6_PsGXQ,Tom's Guide France,40100,45882049,488
2026-02-27,UCC5xS4j2xUyGO2UfjFh5LsQ,Nooz,15300,2772189,623
2026-02-27,UC2HXhqg87yIWz152Ig9vkaQ,Tout Techno,32400,7211133,251
2026-02-27,UC44qdJgVvPEaEaojOUZpp9A,Benjamin Code Plus,19500,679775,33
2026-02-27,UC0xLruy2ZFFpxR6ODgnhJXA,GadgetRevNow,161000,86701526,1210
2026-02-27,UC3-dl8nKItitMxM9DNTDAfQ,Kang et ses PC,108000,29096440,146
2026-02-27,UCAz-755tH3m8_BwaluzdJwQ,Numerama,221000,106658833,2150
2026-02-27,UCA25ZdZZF5XE6ihPE5pwfnw,Materiel.net,31800,12935857,575
2026-02-27,UCEPqgSzHj7vlJj5pGX9dDdA,Gilo & Alex,2330,132779,40
2026-02-27,UCMWWgqykXE5exHk60TCZ-bw,Yukio_Clyks,27500,7495303,434
2026-02-27,UCJLKCYMkCbOW9wzmeUj8dwQ,MEHDI’N TECH,59700,3260208,136
2026-02-27,UCIaNSaws_Wv_eoUAmDbUK-Q,MT High Tech Deal's,2830,246608,71
2026-02-27,UCNSSQc3Omi1tlJrOlQi4hPQ,Ogu,13400,3626152,269
2026-02-27,UCFrfK9IFqO15S7C52DdnSog,GIGATOP,44500,15600705,1103
2026-02-27,UCJ3MlRSjtv2sT-rIDsFg0fw,Sam_VNR,5430,435555,71
2026-02-27,UCNWE4ouC-BxzJ-Lomuuqb1Q,Isma(ël),4510,313446,45
2026-02-27,UCNiauGTV7XhkOpUAIXod4xA,Léo Duff,812000,64446115,320
2026-02-27,UCNzUonmxxvG-HIqOC3S7Thw,VAC - Vulgarisateur Apple et compagnie,80000,1565829,232
2026-02-27,UCMc7IaTDRDtxftK9v0aXVqA,Yada 2.0,112000,16791164,206
2026-02-27,UCJy0lX8ThZ7lCtst7JnegWQ,Jojol,2700000,613336583,2127
2026-02-27,UCNOUTy_TWRJzAaSfIGserkg,Nowtech Replay (Le Mug Nowtech),5410,817941,516
2026-02-27,UCDfGCQqgOKPYeiaG3I4vl4w,Marty,110000,22692921,888
2026-02-27,UCL3y_psKbrdZ5FZo3dvVeEQ,Pafito,15600,8472847,96
2026-02-27,UCM1KoDGFjzp5GrmR5jflyvA,Sanakh version Tech,10400,4008121,615
2026-02-27,UCEcHp8t8tuw8Myeu544tsPQ,Pile et Face,197000,13031584,282
2026-02-27,UCKAzZCVzqkdvxX6VLTwyVMQ,BoilingBrains,40200,3031181,142
2026-02-27,UCOCoKBUmALR6d7UW_s5zgrA,Arnaud C.,107000,7006731,322
2026-02-27,UCHJb6-VCrzQqVQASN23OskQ,Jigfio Ti Super,19300,974848,71
2026-02-27,UCOm_kuKVb4ImX_DHpIgX_zg,Skinn's Tech Deals,1990,78171,19
2026-02-27,UCOgE2LMuSZ_DYNhZZnuW6MQ,UX Tech,7010,3178600,517
2026-02-27,UCIorGsaWVmlkpNsngTQPDAg,Clubic,31900,10234939,1447
2026-02-27,UCJPa4sr9B_mLjShfHhWi8yg,TECnaiche,13600,4713799,403
2026-02-27,UCKkFotHwcyYF1cn8sFcKvqw,MacGeneration,4960,4711529,590
2026-02-27,UCMWAxO0xGJxELkiX5_pEJNA,Pannacophone - Smartphone & Tech,91400,11619862,137
2026-02-27,UCO14QTmfRbe9j9PTJsAhtLQ,PΔX,89400,12936428,504
2026-02-27,UCOyUCj6Wx9skJggzZFUDZyA,Unlock Talk,20700,2496894,379
2026-02-27,UCGkFwY0mGku1M9_6M_NQ7Ig,Kylian Le Bris,4270,2142145,80
2026-02-27,UCKsQUxeg-HulymY9wrki90A,Tout Pour Chez Vous,1540,974693,763
2026-02-27,UCDvCJx3pU8N-23ilB6tNMlg,mister gadget,4350,1630757,733
2026-02-27,UCHgZ3SrY7FhB0KjFki50fEQ,Gabinks,1170,327425,156
2026-02-27,UCIeYcIN0ii8_golPaIfNUiA,HardReset_info French,20600,9308516,28135
2026-02-27,UCLOAPb7ATQUs_nDs9ViLcMw,Benjamin Code,156000,13922655,384
2026-02-27,UCGMxP4yf3ixAAEKQc3d76gw,Arnaud,6550,1876914,152
2026-02-27,UCIxLxlan8q9WA7sjuq6LdTQ,Hayls World,2610000,341823209,504
2026-02-27,UCH6ppHEvV3_WIXEwmhv9HEg,Deus Ex Silicium,409000,28084122,140
2026-02-27,UCHGvOgxAA_MFOH1yyhjcR-Q,ArtBen,327000,38275379,267
2026-02-27,UCM6kUx3GI7lTQlqMBiumaEg,technofou,43300,1926397,90
2026-02-27,UCN6zUULSoitsLJB03jh_I0A,Le Futurologue,31300,3055973,312
2026-02-27,UCJ4p_F-vCnEn5V5OtFN8Q3w,FrenchMakito,32700,3607743,99
2026-02-27,UCHRVeW3Z0ttSFk6xIfGW4lA,Nicorama,159000,14030886,288
2026-02-27,UCE4qu22kCO225a91eERbxvA,Vivo Tech,16,9407,469
2026-02-27,UCGjKSSIpN7aYQluu04kPrsA,Brandon Le Proktor,308000,45120778,407
2026-02-27,UCMwkAK-lhEeLld9xLiyKLMg,Captain Grochat,24800,2488530,108
2026-02-27,UCFWds3GTyhvWpSF308RC1Eg,PcComponentesFR,655,256170,127
2026-02-27,UCOtM8pxxBIfwqu6e8mHgUEQ,TheiMika,12800,3592692,121
2026-02-27,UCOaX4zvPzmv0eBbUWOOOB_A,TopAchat,102000,19335830,704
2026-02-27,UCIu36vEY96BCwfYvz5ccucg,LDLC.com,27900,7212436,365
2026-02-27,UCFdQm01R6HPdMw4oa6a0Ihw,Qasim,38600,17224923,206
2026-02-27,UCYmw-Y8TnRzO4COTBKEgUGg,Les Dénicheurs,20900,5997176,3014
2026-02-27,UCVrceZhsV6TRyVh3VhBFaKA,MOBICLICK,2410,1443241,214
2026-02-27,UCX4A8obrGg1iX37R-fyBJ6w,Monde Tech,739,151821,150
2026-02-27,UCTER7XOnDvSRbI2YxikLaVw,RTBF iXPé,263000,93196532,2497
2026-02-27,UCQsb5TqYUeGWGpJFr8DMWsQ,ANONIMAL,613000,71358745,298
2026-02-27,UCWZwYtcRjO4cO-RiZqM-W0w,Blog Montre cardio GPS,59700,16728091,567
2026-02-27,UCPP-NkzSqMJ9ywhJkcgrpAw,Tech_Sama,214000,29477879,760
2026-02-27,UCWzO_6sTx_tzEi0pU_3L5dA,Kizuna Horizon,187,68441,11
2026-02-27,UCURjynFkZicGPbIIaWO9vmQ,Benji TV,61000,14577447,251
2026-02-27,UCPLnJmNrlcQzyi8QAP_dhJA,Dariusz Tech,127000,120864692,839
2026-02-27,UCYWJ5aXwE7vyN-qtDT3uR4w,Top For Phone,148000,47133988,1643
2026-02-27,UCR3uoYsbRO_S0wg2DaSlb8g,Wondershare Français,100000,16114608,1296
2026-02-27,UCSzGYcW97w-gPWrL1KvScsA,Chris Tec,1390,371536,119
2026-02-27,UCRI5foOTNz6DuVz3SVQ1cMA,Tao Gassin,15600,1181239,54
2026-02-27,UCSPoCan8_9ELmqEVS2hUHPA,iVax,120000,20974005,489
2026-02-27,UCT9QoBXRO1_z1f-Ud97RxPg,Norizon,327,27328,20
2026-02-27,UCSGT2_DuhiJ1uV9dpRbXxug,Kulture ChroniK,168000,26459411,864
2026-02-27,UCTKa4DGeCFeThot6rcRqNow,TechnoïdFR,21900,5486346,1729
2026-02-27,UCQZa27_VXLUowoMsYo6Y0Dw,bazze tv,23300,3280508,271
2026-02-27,UCSYFVeBI66YqDhGrYKxiCUQ,Georges,2560,186860,45
2026-02-27,UCUanZckNyJODHBdqtMzYMpA,ORLM.tv / On refait le Mac,54900,13539451,1494
2026-02-27,UCQSA6pCffm7epqxFqouL0Xg,Mathis et Gauthier,194000,33647813,441
2026-02-27,UCQvNFAufGf8mtN2_L8thysg,Journal du Geek,66500,31811179,2515
2026-02-27,UCUltPy138RvnbWX_FuUHtDA,MT High-Tech,22100,2937758,319
2026-02-27,UCU6x15riA02fMewmDnUEgDg,Tonton ZicC,946,102466,75
2026-02-27,UCYnvxJ-PKiGXo_tYXpWAC-w,Micode,1840000,123074435,85
2026-02-27,UCP5-zNhWXk_LUPIJpxtrTnQ,Cowcotland,52600,23565541,4270
2026-02-27,UCTE6xlfjGhlJ3pLVsg85-AQ,Amazon Promo Tech,1330,78587,517
2026-02-27,UCQwe6dSfilWUgNbgQ3NCQNg,C mon point de vue,3570,909195,62
2026-02-27,UCUclUivgBePqnqDGQ3Jzu2Q,TOUKIWANTI,135000,22942156,856
2026-02-27,UCUD3E77YRTGK3yPSDB6Kq5Q,Monsport06,193000,13231678,511
2026-02-27,UCSGjkErS7A6LPBjESg56p7g,Tech Shorts,31900,11887002,200
2026-02-27,UCVwG9JHqGLfEO-4TkF-lf2g,Nowtech,442000,73736584,908
2026-02-27,UCUT9pQQGw4ZEpv5hqrv-bZw,TonyTech,95000,11892582,779
2026-02-27,UCWedHS9qKebauVIK2J7383g,Underscore_,922000,115492609,201
2026-02-27,UCZ5qxuvquQABNtjcawNMowA,DaddyFamtech,127000,13766156,1437
2026-02-27,UCQigF3tZJJlt6o1_tkYKkNQ,KAPPA Studio,233000,59208988,126
2026-02-27,UCTmHRe6W96WgYlUNxcokpVQ,Fitfitzone,1290,187205,18
2026-02-27,UCTG26Ngiphy9TCOejxGfShQ,R-Tech,140,103788,61
2026-02-27,UCUe6P-HODI-F06tGQke8nzA,Planet des Deals,49,13821,139
2026-02-27,UCXJ_vW2t0W5hY9hS8ePnpzw,Back Market France,22000,161549421,202
2026-02-27,UCU8_onYYhNxwGUB3hA34C4Q,FrenchHardware,845000,170757024,944
2026-02-27,UCRhyS_ylPQ5GWBl1lK92ftA,Léo - TechMaker,2230000,386478705,1546
2026-02-27,UCTOAKgwfqqCbOytF3RNGGVw,Monsieur GRrr,725000,148003824,1993
2026-02-27,UCYU8ljh_pDcwqDMWZoJWqwA,RABBIN DES BOIS,360000,20233903,149
2026-02-27,UCUbwQOAmLdZ9zPOOPFt25zQ,YanNick TECH,68400,17725224,1343
2026-02-27,UCUaHJ0fTA-1theR8A8Polmw,BFM Tech,574000,232651919,8374
2026-02-27,UCU_a5aoj_HzTMohx0JG_Z4A,GUILLAUME++,101000,9790876,303
2026-02-27,UCR-4Ge4NbqILG5HTTvs_nFQ,Lysandre_lbd,12300,5480976,326
2026-02-27,UCPQsSFJurluaMOG1qL0Y7sA,PP World,449000,78212405,1043
2026-02-27,UCfwLCsZhix155PAoFTBb-oQ,Mac4Ever,161000,53800302,1991
2026-02-27,UCflWJq4cTuofmM-0G-GMUNQ,conseilguide,19300,6752692,1287
2026-02-27,UCbqjtNeW9vbz6_gwOW5PybQ,KYIO,11600,5331904,411
2026-02-27,UCfbwndxvM8tOtxN_GqU1R3Q,Lorenzo-high-tech,29500,4562712,970
2026-02-27,UChSBt06I1fa5FlDjbB0fChg,BenBraTeK,9630,1576589,61
2026-02-27,UCfkiE_eKqeVWE0XhMNBMFdA,InfiniT,192,52984,162
2026-02-27,UCaybrunQi8xWgPMgv1AYBHw,TheiCollection,1000000,219953759,1290
2026-02-27,UCeFfhz1vsSxxJY26VZHw19w,Selectos Tech,117000,31810251,597
2026-02-27,UCgjhIdz3Uw9r-eMyML9M8FA,PIKATE,13000,1285941,124
2026-02-27,UC_FckuJiPXwA_nOEIoTsRZg,Fabien captain virtuality,12900,1810503,183
2026-02-27,UCcH06PR-5iRIMWZGo8z6gnA,Francois Mocq,5770,1181817,299
2026-02-27,UClnRNkdVq24iwIbc1O-hjlw,Yensing,21200,1309945,20
2026-02-27,UCiR9chjo9kIFMsCXgspFxqg,Braindegeek,75200,48180190,808
2026-02-27,UCfLyhjpn3hzleNtgTGOQimA,Romain PIAUD,32300,7844363,595
2026-02-27,UCkS6jlQ4RJTCdkzVCU2-FSQ,GeekEtc,21900,6420892,644
2026-02-27,UClXUBKUsEdXpSl4mOr3Q3jw,Binbin Tech,14100,1632740,59
2026-02-27,UCeXhsPdO6bRK7ZycOeFdD8A,iTechNews,289000,2273389,78
2026-02-27,UCaHolOYkfcTdC0vTFAywzXw,LoKan Sardari,88600,18610753,990
2026-02-27,UCid32aFGCWd9zITfN44ycWA,Son-Vidéo.com,69900,16501449,1050
2026-02-27,UCfQxUIhFxt59kj0hK53rZGg,"nakan.ch, sport et technologies",29200,5813953,417
2026-02-27,UChFaUrD7t1JQ0w7rObWhIRA,Millomaker,441000,55019926,86
2026-02-27,UCgoxc-VKU0cw9BcM9z_qokg,Frandroid,596000,202300741,2801
2026-02-27,UCc7giV0qHsCNbhjV3_ZJ22w,Paul - Nakryum,107000,16857053,590
2026-02-27,UCfc0cRoo8yYOzeuS89zpN-Q,Québec Test,303000,35070740,512
2026-02-27,UCe7R7Pt-bxNT7EE83NLsmFQ,Avis Express - Testeur High-Tech,273000,58067105,1709
2026-02-27,UCZO7iTy_uLmPbZiofPJpeXA,Pannacotech,160000,20336120,687
2026-02-27,UCjwFGttUyDetFa7pCD1M8kg,NETWORKS TV,33600,3541268,296
2026-02-27,UCdqC1GnhKs3aQw6j62uOvUw,Mister Perrier,57100,5081927,364
2026-02-27,UCchpwieM3DswmDEnJ0MRq1A,Romain Lanéry,1050000,206429828,1704
2026-02-27,UCb6bgt9GlMWk-gKrLLfXFLw,Julien Hick,11100,3310809,362
2026-02-27,UCgWvhceGENT-dKBlgodnomQ,Les perdus Du numérique,12500,4158813,2009
2026-02-27,UClQPWod8Gjgw7i51t7PYibQ,Sélection Futée,2300,234599,383
2026-02-27,UCf2ZTuey5uT8hN3ESe-ZCPQ,Eric V,4480,1485371,987
2026-02-27,UCdSUuErbgIIfHCezyiXDCtQ,Guid0matic,14700,7182157,2896
2026-02-27,UCd1GYZ5K_Inb48Qa8n_xqNg,Alex Lecool Tech,21400,5847361,381
2026-02-27,UCagQpz-WZtgbSp8Ry0XQ4Yw,Victor,3240,229758,53
2026-02-27,UC_dzE9mydhQuQ0NwmXByDtA,André Martin,392000,56705840,1009
2026-02-27,UCkQI4PEJfOY37DU_WLLzc5w,Dell Technologies France,2470,50755410,324
2026-02-27,UCb0sWM7tMRaEgn_hpptqnxA,Mon iPad & Moi,791,42764,29
2026-02-27,UCbwE_k9zALnzZRvkoyDhuzw,Jojo Le Geek,165000,25420651,594
2026-02-27,UCaysddji-z_Za5b6EMmcc3g,Bien Chez Soi,52800,1971571,814
2026-02-27,UCe7aMEBJH_sGJMCXWLCzeSA,TheFunTouch,1690,932616,170
2026-02-27,UCZsEJw8rwd0RWAga5dulOpg,Bon Plan High Tech,13700,4594481,345
2026-02-27,UCjvFbW7sywyw7ylZ4PHXdAQ,Selectos Tests,6930,3548510,1002
2026-02-27,UCeUxAQ2j3OETAApTvBj5Scw,MoMo App,738000,46235666,914
2026-02-27,UCZEdNvDcHUPEE7CDRpXnO6w,Cyril | Ctrl Bu,6070,882761,163
2026-02-27,UCf-DN6QjyyEbhuMWCoXdXQQ,Phonandroid,144000,26538538,841
2026-02-27,UCa8Leo9o5Nnb-Cc1sWfT2HQ,MobileAddict,300000,44195350,420
2026-02-27,UCdSAhfiaPLfsE8iu964Kd4w,Tech'Antik par Mickael Minarie,10800,1392570,515
2026-02-27,UCdTrm2PZ7Wwa7xF-LbGP0dQ,Le Showroom de l'Image et du Son,15400,14856826,2817
2026-02-27,UCuE3ei3NOnVjQUefjHUCF5Q,DiscoverID,378000,52077006,533
2026-02-27,UCtPzJInyqqt__Tn0EaUlaAw,Science Gaming,421000,402258015,1328
2026-02-27,UCpaI1FRY8EGK6mEAL7Wfr9w,Yosheez,131000,59205437,869
2026-02-27,UCpt_q94CBCYar_Gmkb9G_aA,Tenorshare 4DDiG Français,24500,7720055,262
2026-02-27,UCmUm6tw3Gz8dftSDy7Eep3A,Stéphane (Biggy Tech),34900,2971686,797
2026-02-27,UCwWgvJHw1mNRq_ry6VoPKEg,Yada,384000,43182703,538
2026-02-27,UCxpT79bmhxk50l8P50WG86w,Discoverdex,79000,24317880,479
2026-02-27,UCnJAGhDDEPdvY2g4ipf9PMQ,Elliott Pierret,89800,5710467,171
2026-02-27,UCrAiXFptzDmgQA6gUCOz9RQ,Meta Perso,14700,1100926,51
2026-02-27,UCrwtkeoBxPfhyde5eesmvyA,CieloTech,13100,15441857,223
2026-02-27,UCr7ZVUNJ9KyYD92xqfinGsQ,Jimtek,16600,1560013,140
2026-02-27,UCnnYqSNKKygemgmxC9PyLTw,Ludo Salenne,258000,16901391,426
2026-02-27,UCpFq62uOig4n9jT3luIYUDQ,VZX,23000,9491112,149
2026-02-27,UCrs2S-Ilj6R6qhhXCiV5hsQ,Tech Live,18400,3184647,257
2026-02-27,UCqRSWOqkW_oelrdUN7KQ-aQ,Les Numériques,155000,64864662,3044
2026-02-27,UCz-hlzLKQ__1nKXarSedtQA,HardwareFRA,34000,7160256,758
2026-02-27,UCu6HC8ahaPWqqfSvic7nWyQ,Nightech,142000,35580446,519
2026-02-27,UCqHcg3sjPv2mcGqL1B60bew,"Dbc iPhone, iPad, MacBook",33500,24702509,472
2026-02-27,UCtmEbUFh18ZmtObT78ix9Yw,Tech and Shoot,30700,6712761,1326
2026-02-27,UCrSCIeCW1YuEviVZPVhEfGQ,Dorian GM,30500,6188523,273
2026-02-27,UCvTqrD4wJGkFBwr8v6dO-Wg,Miennu Core,404,192161,38
2026-02-27,UCoJ4gzwVvGNH5GNqiJoQAAA,Alex Reframe,131000,25061899,645
2026-02-27,UCyeoo6CDdAyYGyUvHWF0gSA,Garmin France,15300,57416256,1283
2026-02-27,UCpSRz-eAoiSW5kaHpI_3LjA,JOLI TECH,20,19544,504
2026-02-27,UCm3QK_QNta9Mue2Q70gtzVw,Android plus,2670,462583,442
2026-02-27,UCqiGrF_OdWHHOs-eFe8O-ZA,Goli Tech,21,12565,493
2026-02-27,UCs7Jg5KBsgiova4CrseuwIw,TheGrandTest,325000,46047389,1886
2026-02-27,UCwZsbPUXohCN867pQzioGLw,Nicolas Barbet,15600,5785909,356
2026-02-27,UCo2fYdtvhyXW38WiLW_yg0Q,Charles Bolduc,1930,341842,172
2026-02-27,UCuDNiVxL-Zfw0CBVQ4oOr8w,DealSmart FR,228,35151,27
2026-02-27,UCxej0ZiLbbeVrz3XQZjj-MA,Huawei Mobile France,27700,43716468,120
2026-02-27,UCqC_p9Kw9pnvLvzr701beSg,Olivier Schmitt,178000,15410179,285
2026-02-27,UCptwuAv0XQHo1OQUSaO6NHw,Max Tech,1260000,449518436,2077
2026-02-27,UCrGUPAX1w87ckAxUwu8JtOA,Team VRY,11500,6086970,421
2026-02-27,UCsKrhME6clyYbibb4nzvgMA,Leasi,6,3787,42
2026-02-27,UCriIQI8uaoEro5FEnOpeidQ,Dr. Firas,32600,1311893,342
2026-02-27,UCwsQtHFlS-LKVn8xJ3TaupQ,Monsieur Pixel,10400,1278163,225
2026-02-27,UCzICpbabqKwBTpb9XlWerjA,PassTech TV,681,127447,14
2026-02-27,UCuJtgmGNF_PvicQkf88t-5g,ChristoTech,320000,33503946,1400
2026-02-27,UCwIM26MmgFO-iujNojxZ2dQ,Maxence,3880,1708128,181
2026-02-27,UCz6PEeVLG1TL6jMRTvSLm4g,Matt Talks Tech,786000,110614983,1530
2026-02-27,UCv8L8SztjsNYT4FpX8g5ATw,INFOMAX Paris,10400,7932343,348
2026-02-27,UCt3bV9VvoCrXILlR1Z6kGmQ,Rémi Lou,137000,82848505,1200
2026-02-27,UCrHCRJPuJJcINMMEETEYt4g,Le Petit Comparateur,16200,5779197,741
2026-02-27,UCsyWQ6m4lbfir1Z3deNAIcw,Salut Les Noobs,83600,7650264,533
2026-02-27,UCxnikUCVJLsD4GTbujlnmlQ,Comparatif Mobile,202,30956,252
2026-02-27,UCtKz6bilv9wtzQpwIaI-soA,Ypsol,24200,987675,27
2026-02-27,UCssuk5-zaZn9vt0_HNj-Hug,VERBOZZ,474000,61020838,284
2026-02-27,UCrsiHZzr4IjuSjnvPy5rVUQ,Daddy Dtech,114000,12404306,406
2026-02-27,UCySZIa8Y4e6aSVg4CISXAOA,Mathieu Dos Santos,25100,4212807,1139
2026-02-27,UCzxT0liRKM_xXnFYRZGiFHA,Acta - Swipe!,1140,264955,141
2026-02-28,UC1F5QJFXcu1evMkYyXRGoaw,LoKan Sardari - Studio,12300,1506813,676
2026-02-28,UC69gruQfEHEQ4Qme0liJOdw,Ludo Tech,1810,816870,206
2026-02-28,UC1ndVn8sa4oTbW09P5ICOog,amazing mac TV,66100,18577006,1433
2026-02-28,UC65OszX3C9oYfNLU5AWjwYg,Aaron,3000,304816,32
2026-02-28,UC1wV5Kf18gVbL3bWH-tWKDw,Cmonavis 🇫🇷,62600,12604274,660
2026-02-28,UC3-dl8nKItitMxM9DNTDAfQ,Kang et ses PC,108000,29182275,146
2026-02-28,UC2HXhqg87yIWz152Ig9vkaQ,Tout Techno,32400,7219202,250
2026-02-28,UC-yxsBT9aRPie3eJ0qh162g,Le Meilleur Choix,1820,939437,646
2026-02-28,UC7XxmEXw7wXgh259vYCSjkQ,Cmonavis 2 🇫🇷,10300,1291869,210
2026-02-28,UCBOGe_x7aqQV4Ly5Rfa4iow,Les Tests de Cyril,31700,2661230,457
2026-02-28,UC5HF1ej87ZcaMNP4imSyy5w,neo77testeur,2670,886754,871
2026-02-28,UC0V8fUv0DB5Tq7uHdG7ixyw,W38,140000,61587891,1920
2026-02-28,UC66ysWRFWfg-V5RhnQN4wFg,Gadget Evolution,71700,8729999,83
2026-02-28,UC6-5YoHiovbcJyXhGtVpw3Q,La Revue GEEK,31000,2996329,399
2026-02-28,UC44qdJgVvPEaEaojOUZpp9A,Benjamin Code Plus,19500,682022,33
2026-02-28,UC7rdUip5Q8R7Ki1haNbdwwg,SoloTech,254000,35296113,633
2026-02-28,UC3aPRnneybmQcbEK-X-Qptg,GLG reviews,397000,33078166,1688
2026-02-28,UCDBYphtxNDXGQe5eyHYZ6Fw,GUILLAUME,498000,66184451,887
2026-02-28,UC5HtcZa4-moyfy6NTY7GHwA,TECHNO 24,529,225735,561
2026-02-28,UC8oF5yOQVkc0CmTNcI_E-XQ,JEUX MOBILE,42000,9974626,14802
2026-02-28,UC0Cgi1uK0MWB5V_VtKkvi8g,La Geek News,3830,765682,165
2026-02-28,UC6jfhJWEAfako0XlKnA2UGQ,Timena TechGeek,64300,11500195,1014
2026-02-28,UC4vD_Spv_zjcmyfHpnAwBNA,Ixar.,15800,2508053,189
2026-02-28,UCAz-755tH3m8_BwaluzdJwQ,Numerama,221000,106800216,2155
2026-02-28,UC-pdFydi9ooxEfATh3KoiIw,STEVEN,1100000,197094302,1508
2026-02-28,UC69qClfvKeB9WeyySg5iQrQ,Yohann Studio,4330,2308784,323
2026-02-28,UCAOjk3Po21_t7L1MDHQ4-Og,FNK Hardware,249000,43337417,1242
2026-02-28,UCB32y6dm508Hap4_Mn-ZnHQ,Presse-citron,91400,25824136,1446
2026-02-28,UC-g0NspJGvPdg_x7XIBNkNg,The Viewing Angle en Français,336,71909,23
2026-02-28,UC2lMzO7HzJ_jamFT762vfwA,Jon Rettinger en Français,347,65893,39
2026-02-28,UCA_DfRJwb5U0S4UiiH3BtUg,Jérémy Dufour,78100,14959668,1002
2026-02-28,UCC5xS4j2xUyGO2UfjFh5LsQ,Nooz,15300,2776639,622
2026-02-28,UCB0ffaItcXwkgbVu8Hvq3Tw,QUENTIN,224000,43457431,1307
2026-02-28,UC7sFrgyGelEr6eny6_PsGXQ,Tom's Guide France,40100,45882962,488
2026-02-28,UCA25ZdZZF5XE6ihPE5pwfnw,Materiel.net,31900,12942780,577
2026-02-28,UC4q3HKdMqzll3SvA2Lf7oAg,Thomas in Tech,73600,21541525,963
2026-02-28,UC1WIj7YGywcVoRLS0zZu2RQ,TechDams,5400,1795478,22
2026-02-28,UC2XmvTlziz2LSXd_QKBwf8Q,Espritnewgen,72000,21849854,2956
2026-02-28,UC0AFqXyYs1z2Dxx5jtQBicQ,SkinnZer,44700,3628547,288
2026-02-28,UCAicNsMAZgbqPr_0QsnI1PA,Cobra.fr,6420,6962292,2155
2026-02-28,UC6joDErOGcFJC1vHNSfsYQg,01net,136000,48756957,1826
2026-02-28,UC9faHFOrNIFxMXrpykPHOnA,FRED,120000,28683812,1357
2026-02-28,UCCUlTcDhcn72O8TiNfFJWWA,GLG video (JT Geek),70700,20297857,3361
2026-02-28,UCCM6zpvTcgXeNqLmQ9swugQ,Selectos Lifestyle,13000,4540886,196
2026-02-28,UCDY3WI0HqdzNADtE6B-BmUw,MrG Tech,185000,28806269,585
2026-02-28,UCBqYyDusSFntU7k2UnFGsBA,Giga Content,24900,5249754,828
2026-02-28,UC1N4EIilrmXhTEdu3h7tpPg,iPhone page,1050,189429,274
2026-02-28,UC70eSjnRIGvRLCzT6K0SQSg,Device FR,2040,742606,935
2026-02-28,UC0xLruy2ZFFpxR6ODgnhJXA,GadgetRevNow,161000,86933342,1211
2026-02-28,UC-2f97m_1UGWDogGudJcVJg,OtaXou,29500,3507443,373
2026-02-28,UCIorGsaWVmlkpNsngTQPDAg,Clubic,31900,10237593,1448
2026-02-28,UCNiauGTV7XhkOpUAIXod4xA,Léo Duff,812000,64476363,320
2026-02-28,UCMwkAK-lhEeLld9xLiyKLMg,Captain Grochat,24800,2502387,108
2026-02-28,UCMc7IaTDRDtxftK9v0aXVqA,Yada 2.0,112000,16799513,206
2026-02-28,UCNzUonmxxvG-HIqOC3S7Thw,VAC - Vulgarisateur Apple et compagnie,80100,1567309,232
2026-02-28,UCIxLxlan8q9WA7sjuq6LdTQ,Hayls World,2610000,342339794,504
2026-02-28,UCKsQUxeg-HulymY9wrki90A,Tout Pour Chez Vous,1550,976803,763
2026-02-28,UCL3y_psKbrdZ5FZo3dvVeEQ,Pafito,15600,8481258,96
2026-02-28,UCIaNSaws_Wv_eoUAmDbUK-Q,MT High Tech Deal's,2830,246642,71
2026-02-28,UCO14QTmfRbe9j9PTJsAhtLQ,PΔX,89400,12946255,505
2026-02-28,UCFrfK9IFqO15S7C52DdnSog,GIGATOP,44600,15618262,1105
2026-02-28,UCJPa4sr9B_mLjShfHhWi8yg,TECnaiche,13600,4717948,403
2026-02-28,UCFdQm01R6HPdMw4oa6a0Ihw,Qasim,38700,17271338,205
2026-02-28,UCMWWgqykXE5exHk60TCZ-bw,Yukio_Clyks,27500,7499038,435
2026-02-28,UCJLKCYMkCbOW9wzmeUj8dwQ,MEHDI’N TECH,59700,3261539,136
2026-02-28,UCM1KoDGFjzp5GrmR5jflyvA,Sanakh version Tech,10400,4017794,617
2026-02-28,UCJ3MlRSjtv2sT-rIDsFg0fw,Sam_VNR,5460,437835,70
2026-02-28,UCHGvOgxAA_MFOH1yyhjcR-Q,ArtBen,327000,38279086,266
2026-02-28,UCIeYcIN0ii8_golPaIfNUiA,HardReset_info French,20700,9366055,28208
2026-02-28,UCIu36vEY96BCwfYvz5ccucg,LDLC.com,27900,7212647,365
2026-02-28,UCEcHp8t8tuw8Myeu544tsPQ,Pile et Face,197000,13040297,281
2026-02-28,UCKAzZCVzqkdvxX6VLTwyVMQ,BoilingBrains,40200,3031817,142
2026-02-28,UCOCoKBUmALR6d7UW_s5zgrA,Arnaud C.,107000,7010144,322
2026-02-28,UCDfGCQqgOKPYeiaG3I4vl4w,Marty,110000,22703495,888
2026-02-28,UCJ4p_F-vCnEn5V5OtFN8Q3w,FrenchMakito,32700,3609144,99
2026-02-28,UCJy0lX8ThZ7lCtst7JnegWQ,Jojol,2700000,613483457,2128
2026-02-28,UCHRVeW3Z0ttSFk6xIfGW4lA,Nicorama,159000,14044071,288
2026-02-28,UCNOUTy_TWRJzAaSfIGserkg,Nowtech Replay (Le Mug Nowtech),5410,818067,515
2026-02-28,UCE4qu22kCO225a91eERbxvA,Vivo Tech,16,9471,469
2026-02-28,UCHgZ3SrY7FhB0KjFki50fEQ,Gabinks,1170,328472,155
2026-02-28,UCHJb6-VCrzQqVQASN23OskQ,Jigfio Ti Super,19300,979704,71
2026-02-28,UCOtM8pxxBIfwqu6e8mHgUEQ,TheiMika,12800,3593188,121
2026-02-28,UCMWAxO0xGJxELkiX5_pEJNA,Pannacophone - Smartphone & Tech,91400,11626277,137
2026-02-28,UCGkFwY0mGku1M9_6M_NQ7Ig,Kylian Le Bris,4340,2186687,79
2026-02-28,UCOgE2LMuSZ_DYNhZZnuW6MQ,UX Tech,7010,3180091,517
2026-02-28,UCGMxP4yf3ixAAEKQc3d76gw,Arnaud,6560,1878827,152
2026-02-28,UCM6kUx3GI7lTQlqMBiumaEg,technofou,43300,1926502,90
2026-02-28,UCEPqgSzHj7vlJj5pGX9dDdA,Gilo & Alex,2330,132931,40
2026-02-28,UCGjKSSIpN7aYQluu04kPrsA,Brandon Le Proktor,308000,45144468,406
2026-02-28,UCOm_kuKVb4ImX_DHpIgX_zg,Skinn's Tech Deals,1990,78409,20
2026-02-28,UCFWds3GTyhvWpSF308RC1Eg,PcComponentesFR,656,256663,128
2026-02-28,UCH6ppHEvV3_WIXEwmhv9HEg,Deus Ex Silicium,409000,28086760,140
2026-02-28,UCOaX4zvPzmv0eBbUWOOOB_A,TopAchat,102000,19363438,703
2026-02-28,UCN6zUULSoitsLJB03jh_I0A,Le Futurologue,31300,3062994,313
2026-02-28,UCLOAPb7ATQUs_nDs9ViLcMw,Benjamin Code,156000,13927157,383
2026-02-28,UCNSSQc3Omi1tlJrOlQi4hPQ,Ogu,13400,3627083,269
2026-02-28,UCNWE4ouC-BxzJ-Lomuuqb1Q,Isma(ël),4510,313828,45
2026-02-28,UCKkFotHwcyYF1cn8sFcKvqw,MacGeneration,4970,4712124,591
2026-02-28,UCOyUCj6Wx9skJggzZFUDZyA,Unlock Talk,20700,2501053,378
2026-02-28,UCDvCJx3pU8N-23ilB6tNMlg,mister gadget,4350,1631484,733
2026-02-28,UCXJ_vW2t0W5hY9hS8ePnpzw,Back Market France,22000,161551007,203
2026-02-28,UCUaHJ0fTA-1theR8A8Polmw,BFM Tech,574000,232664908,8379
2026-02-28,UCVwG9JHqGLfEO-4TkF-lf2g,Nowtech,442000,73788668,909
2026-02-28,UCTER7XOnDvSRbI2YxikLaVw,RTBF iXPé,263000,93299909,2494
2026-02-28,UCWzO_6sTx_tzEi0pU_3L5dA,Kizuna Horizon,187,68474,11
2026-02-28,UCTE6xlfjGhlJ3pLVsg85-AQ,Amazon Promo Tech,1340,78803,517
2026-02-28,UCR3uoYsbRO_S0wg2DaSlb8g,Wondershare Français,100000,16133423,1296
2026-02-28,UCTmHRe6W96WgYlUNxcokpVQ,Fitfitzone,1290,188249,18
2026-02-28,UCSGjkErS7A6LPBjESg56p7g,Tech Shorts,31900,11893331,200
2026-02-28,UCSPoCan8_9ELmqEVS2hUHPA,iVax,120000,20988614,488
2026-02-28,UCSYFVeBI66YqDhGrYKxiCUQ,Georges,2570,189568,45
2026-02-28,UCWZwYtcRjO4cO-RiZqM-W0w,Blog Montre cardio GPS,59700,16733353,567
2026-02-28,UCT9QoBXRO1_z1f-Ud97RxPg,Norizon,328,27439,20
2026-02-28,UCUclUivgBePqnqDGQ3Jzu2Q,TOUKIWANTI,135000,23021267,857
2026-02-28,UCU8_onYYhNxwGUB3hA34C4Q,FrenchHardware,845000,170900750,944
2026-02-28,UCUbwQOAmLdZ9zPOOPFt25zQ,YanNick TECH,68400,17757288,1342
2026-02-28,UCPLnJmNrlcQzyi8QAP_dhJA,Dariusz Tech,127000,121167630,841
2026-02-28,UCPP-NkzSqMJ9ywhJkcgrpAw,Tech_Sama,214000,29485011,760
2026-02-28,UCQigF3tZJJlt6o1_tkYKkNQ,KAPPA Studio,233000,59258946,127
2026-02-28,UCURjynFkZicGPbIIaWO9vmQ,Benji TV,61000,14583252,251
2026-02-28,UCTG26Ngiphy9TCOejxGfShQ,R-Tech,140,104369,61
2026-02-28,UCSzGYcW97w-gPWrL1KvScsA,Chris Tec,1390,371888,119
2026-02-28,UCZ5qxuvquQABNtjcawNMowA,DaddyFamtech,128000,13782482,1435
2026-02-28,UCUT9pQQGw4ZEpv5hqrv-bZw,TonyTech,95300,11898377,780
2026-02-28,UCP5-zNhWXk_LUPIJpxtrTnQ,Cowcotland,52600,23567860,4269
2026-02-28,UCTKa4DGeCFeThot6rcRqNow,TechnoïdFR,21900,5486965,1728
2026-02-28,UCRhyS_ylPQ5GWBl1lK92ftA,Léo - TechMaker,2240000,387586857,1544
2026-02-28,UCPQsSFJurluaMOG1qL0Y7sA,PP World,449000,78229530,1042
2026-02-28,UCUltPy138RvnbWX_FuUHtDA,MT High-Tech,22100,2939287,320
2026-02-28,UCU6x15riA02fMewmDnUEgDg,Tonton ZicC,948,102702,75
2026-02-28,UCX4A8obrGg1iX37R-fyBJ6w,Monde Tech,740,152692,149
2026-02-28,UCWedHS9qKebauVIK2J7383g,Underscore_,922000,115535350,201
2026-02-28,UCR-4Ge4NbqILG5HTTvs_nFQ,Lysandre_lbd,12300,5486043,325
2026-02-28,UCUe6P-HODI-F06tGQke8nzA,Planet des Deals,49,14296,141
2026-02-28,UCQsb5TqYUeGWGpJFr8DMWsQ,ANONIMAL,613000,71360653,298
2026-02-28,UCTOAKgwfqqCbOytF3RNGGVw,Monsieur GRrr,725000,148058186,1994
2026-02-28,UCU_a5aoj_HzTMohx0JG_Z4A,GUILLAUME++,101000,9794845,302
2026-02-28,UCUanZckNyJODHBdqtMzYMpA,ORLM.tv / On refait le Mac,54900,13541579,1495
2026-02-28,UCVrceZhsV6TRyVh3VhBFaKA,MOBICLICK,2420,1445737,213
2026-02-28,UCQZa27_VXLUowoMsYo6Y0Dw,bazze tv,23400,3285385,271
2026-02-28,UCUD3E77YRTGK3yPSDB6Kq5Q,Monsport06,193000,13235478,511
2026-02-28,UCQSA6pCffm7epqxFqouL0Xg,Mathis et Gauthier,194000,33659465,442
2026-02-28,UCYnvxJ-PKiGXo_tYXpWAC-w,Micode,1840000,123126360,85
2026-02-28,UCQvNFAufGf8mtN2_L8thysg,Journal du Geek,66500,31814756,2514
2026-02-28,UCYmw-Y8TnRzO4COTBKEgUGg,Les Dénicheurs,20900,6006862,3016
2026-02-28,UCSGT2_DuhiJ1uV9dpRbXxug,Kulture ChroniK,168000,26486832,865
2026-02-28,UCYU8ljh_pDcwqDMWZoJWqwA,RABBIN DES BOIS,360000,20234955,149
2026-02-28,UCQwe6dSfilWUgNbgQ3NCQNg,C mon point de vue,3570,910259,62
2026-02-28,UCYWJ5aXwE7vyN-qtDT3uR4w,Top For Phone,148000,47134756,1643
2026-02-28,UCRI5foOTNz6DuVz3SVQ1cMA,Tao Gassin,15600,1184191,54
2026-02-28,UCdSAhfiaPLfsE8iu964Kd4w,Tech'Antik par Mickael Minarie,10800,1394147,514
2026-02-28,UCc7giV0qHsCNbhjV3_ZJ22w,Paul - Nakryum,107000,16867376,590
2026-02-28,UCf2ZTuey5uT8hN3ESe-ZCPQ,Eric V,4480,1485496,988
2026-02-28,UCfc0cRoo8yYOzeuS89zpN-Q,Québec Test,303000,35093173,512
2026-02-28,UCb6bgt9GlMWk-gKrLLfXFLw,Julien Hick,11100,3312994,363
2026-02-28,UCfkiE_eKqeVWE0XhMNBMFdA,InfiniT,192,53063,162
2026-02-28,UCaHolOYkfcTdC0vTFAywzXw,LoKan Sardari,88600,18623364,991
2026-02-28,UClXUBKUsEdXpSl4mOr3Q3jw,Binbin Tech,14100,1635347,60
2026-02-28,UCeXhsPdO6bRK7ZycOeFdD8A,iTechNews,289000,2293034,77
2026-02-28,UCiR9chjo9kIFMsCXgspFxqg,Braindegeek,75200,48230925,809
2026-02-28,UCfwLCsZhix155PAoFTBb-oQ,Mac4Ever,161000,53835804,1994
2026-02-28,UCaysddji-z_Za5b6EMmcc3g,Bien Chez Soi,52800,1982872,811
2026-02-28,UCflWJq4cTuofmM-0G-GMUNQ,conseilguide,19300,6756323,1288
2026-02-28,UCe7aMEBJH_sGJMCXWLCzeSA,TheFunTouch,1690,932621,170
2026-02-28,UCkQI4PEJfOY37DU_WLLzc5w,Dell Technologies France,2480,50755465,324
2026-02-28,UCfLyhjpn3hzleNtgTGOQimA,Romain PIAUD,32300,7855694,596
2026-02-28,UChFaUrD7t1JQ0w7rObWhIRA,Millomaker,441000,55081472,86
2026-02-28,UCgjhIdz3Uw9r-eMyML9M8FA,PIKATE,13000,1288920,125
2026-02-28,UCd1GYZ5K_Inb48Qa8n_xqNg,Alex Lecool Tech,21400,5848954,381
2026-02-28,UCjvFbW7sywyw7ylZ4PHXdAQ,Selectos Tests,6930,3552939,1002
2026-02-28,UCZEdNvDcHUPEE7CDRpXnO6w,Cyril | Ctrl Bu,6080,885230,165
2026-02-28,UCf-DN6QjyyEbhuMWCoXdXQQ,Phonandroid,144000,26541988,842
2026-02-28,UCe7R7Pt-bxNT7EE83NLsmFQ,Avis Express - Testeur High-Tech,273000,58078945,1708
2026-02-28,UCfbwndxvM8tOtxN_GqU1R3Q,Lorenzo-high-tech,29500,4566828,971
2026-02-28,UClnRNkdVq24iwIbc1O-hjlw,Yensing,21200,1311686,20
2026-02-28,UCid32aFGCWd9zITfN44ycWA,Son-Vidéo.com,69900,16511196,1050
2026-02-28,UCjwFGttUyDetFa7pCD1M8kg,NETWORKS TV,33800,3545275,296
2026-02-28,UCbwE_k9zALnzZRvkoyDhuzw,Jojo Le Geek,165000,25434195,594
2026-02-28,UCa8Leo9o5Nnb-Cc1sWfT2HQ,MobileAddict,300000,44200790,421
2026-02-28,UC_FckuJiPXwA_nOEIoTsRZg,Fabien captain virtuality,12900,1811206,183
2026-02-28,UCb0sWM7tMRaEgn_hpptqnxA,Mon iPad & Moi,791,42986,29
2026-02-28,UCZO7iTy_uLmPbZiofPJpeXA,Pannacotech,160000,20369329,687
2026-02-28,UCchpwieM3DswmDEnJ0MRq1A,Romain Lanéry,1050000,206450771,1703
2026-02-28,UClQPWod8Gjgw7i51t7PYibQ,Sélection Futée,2300,236630,383
2026-02-28,UCbqjtNeW9vbz6_gwOW5PybQ,KYIO,11600,5341069,407
2026-02-28,UCdTrm2PZ7Wwa7xF-LbGP0dQ,Le Showroom de l'Image et du Son,15400,14858640,2817
2026-02-28,UCcH06PR-5iRIMWZGo8z6gnA,Francois Mocq,5770,1181947,299
2026-02-28,UCdSUuErbgIIfHCezyiXDCtQ,Guid0matic,14700,7184667,2894
2026-02-28,UCgWvhceGENT-dKBlgodnomQ,Les perdus Du numérique,12500,4160783,2010
2026-02-28,UCeFfhz1vsSxxJY26VZHw19w,Selectos Tech,117000,31812597,597
2026-02-28,UCkS6jlQ4RJTCdkzVCU2-FSQ,GeekEtc,21900,6428245,644
2026-02-28,UC_dzE9mydhQuQ0NwmXByDtA,André Martin,392000,56755780,1010
2026-02-28,UCagQpz-WZtgbSp8Ry0XQ4Yw,Victor,3240,230391,54
2026-02-28,UChSBt06I1fa5FlDjbB0fChg,BenBraTeK,9640,1577525,61
2026-02-28,UCaybrunQi8xWgPMgv1AYBHw,TheiCollection,1000000,220000685,1290
2026-02-28,UCeUxAQ2j3OETAApTvBj5Scw,MoMo App,738000,46250807,913
2026-02-28,UCZsEJw8rwd0RWAga5dulOpg,Bon Plan High Tech,13700,4596352,344
2026-02-28,UCdqC1GnhKs3aQw6j62uOvUw,Mister Perrier,57100,5082241,364
2026-02-28,UCfQxUIhFxt59kj0hK53rZGg,"nakan.ch, sport et technologies",29300,5817186,417
2026-02-28,UCgoxc-VKU0cw9BcM9z_qokg,Frandroid,596000,202395261,2804
2026-02-28,UCuJtgmGNF_PvicQkf88t-5g,ChristoTech,321000,33525203,1401
2026-02-28,UCm3QK_QNta9Mue2Q70gtzVw,Android plus,2670,463014,444
2026-02-28,UCqRSWOqkW_oelrdUN7KQ-aQ,Les Numériques,155000,64880431,3044
2026-02-28,UCnnYqSNKKygemgmxC9PyLTw,Ludo Salenne,258000,16906750,425
2026-02-28,UCz-hlzLKQ__1nKXarSedtQA,HardwareFRA,34000,7165127,760
2026-02-28,UCrAiXFptzDmgQA6gUCOz9RQ,Meta Perso,14700,1101339,51
2026-02-28,UCtKz6bilv9wtzQpwIaI-soA,Ypsol,24200,988849,27
2026-02-28,UCsyWQ6m4lbfir1Z3deNAIcw,Salut Les Noobs,83700,7658105,534
2026-02-28,UCt3bV9VvoCrXILlR1Z6kGmQ,Rémi Lou,137000,82926131,1200
2026-02-28,UCv8L8SztjsNYT4FpX8g5ATw,INFOMAX Paris,10400,7936951,350
2026-02-28,UCxnikUCVJLsD4GTbujlnmlQ,Comparatif Mobile,202,31110,252
2026-02-28,UCrwtkeoBxPfhyde5eesmvyA,CieloTech,13100,15518301,223
2026-02-28,UCnJAGhDDEPdvY2g4ipf9PMQ,Elliott Pierret,90000,5726473,170
2026-02-28,UCyeoo6CDdAyYGyUvHWF0gSA,Garmin France,15300,57702366,1283
2026-02-28,UCptwuAv0XQHo1OQUSaO6NHw,Max Tech,1260000,449629166,2078
2026-02-28,UCrHCRJPuJJcINMMEETEYt4g,Le Petit Comparateur,16200,5783049,741
2026-02-28,UCo2fYdtvhyXW38WiLW_yg0Q,Charles Bolduc,1930,341981,172
2026-02-28,UCwZsbPUXohCN867pQzioGLw,Nicolas Barbet,15600,5789689,356
2026-02-28,UCpSRz-eAoiSW5kaHpI_3LjA,JOLI TECH,21,19794,504
2026-02-28,UCpaI1FRY8EGK6mEAL7Wfr9w,Yosheez,131000,59253577,870
2026-02-28,UCqiGrF_OdWHHOs-eFe8O-ZA,Goli Tech,21,12705,493
2026-02-28,UCwWgvJHw1mNRq_ry6VoPKEg,Yada,384000,43206172,538
2026-02-28,UCpFq62uOig4n9jT3luIYUDQ,VZX,23000,9492654,148
2026-02-28,UCrSCIeCW1YuEviVZPVhEfGQ,Dorian GM,30500,6201688,273
2026-02-28,UCpt_q94CBCYar_Gmkb9G_aA,Tenorshare 4DDiG Français,24500,7724033,261
2026-02-28,UCoJ4gzwVvGNH5GNqiJoQAAA,Alex Reframe,131000,25063861,645
2026-02-28,UCuDNiVxL-Zfw0CBVQ4oOr8w,DealSmart FR,228,35338,27
2026-02-28,UCtPzJInyqqt__Tn0EaUlaAw,Science Gaming,422000,402727262,1326
2026-02-28,UCs7Jg5KBsgiova4CrseuwIw,TheGrandTest,325000,46110707,1885
2026-02-28,UCuE3ei3NOnVjQUefjHUCF5Q,DiscoverID,378000,52082014,532
2026-02-28,UCzICpbabqKwBTpb9XlWerjA,PassTech TV,681,127452,14
2026-02-28,UCmUm6tw3Gz8dftSDy7Eep3A,Stéphane (Biggy Tech),35000,2972654,796
2026-02-28,UCwsQtHFlS-LKVn8xJ3TaupQ,Monsieur Pixel,10400,1281425,226
2026-02-28,UCsKrhME6clyYbibb4nzvgMA,Leasi,6,3793,42
2026-02-28,UCrGUPAX1w87ckAxUwu8JtOA,Team VRY,11500,6090491,421
2026-02-28,UCz6PEeVLG1TL6jMRTvSLm4g,Matt Talks Tech,787000,110718909,1531
2026-02-28,UCrsiHZzr4IjuSjnvPy5rVUQ,Daddy Dtech,114000,12436105,406
2026-02-28,UCvTqrD4wJGkFBwr8v6dO-Wg,Miennu Core,404,192312,38
2026-02-28,UCriIQI8uaoEro5FEnOpeidQ,Dr. Firas,32700,1315352,343
2026-02-28,UCtmEbUFh18ZmtObT78ix9Yw,Tech and Shoot,30700,6717424,1327
2026-02-28,UCssuk5-zaZn9vt0_HNj-Hug,VERBOZZ,474000,61042842,284
2026-02-28,UCr7ZVUNJ9KyYD92xqfinGsQ,Jimtek,16700,1570175,141
2026-02-28,UCu6HC8ahaPWqqfSvic7nWyQ,Nightech,142000,35622537,518
2026-02-28,UCqHcg3sjPv2mcGqL1B60bew,"Dbc iPhone, iPad, MacBook",33500,24740702,474
2026-02-28,UCxpT79bmhxk50l8P50WG86w,Discoverdex,79100,24329691,480
2026-02-28,UCrs2S-Ilj6R6qhhXCiV5hsQ,Tech Live,18400,3186035,257
2026-02-28,UCwIM26MmgFO-iujNojxZ2dQ,Maxence,3930,1735130,181
2026-02-28,UCxej0ZiLbbeVrz3XQZjj-MA,Huawei Mobile France,27700,43716519,120
2026-02-28,UCySZIa8Y4e6aSVg4CISXAOA,Mathieu Dos Santos,25100,4216794,1140
2026-02-28,UCqC_p9Kw9pnvLvzr701beSg,Olivier Schmitt,178000,15412147,285
2026-02-28,UCzxT0liRKM_xXnFYRZGiFHA,Acta - Swipe!,1140,265174,142
2026-03-01,UC4vD_Spv_zjcmyfHpnAwBNA,Ixar.,15800,2511272,189
2026-03-01,UCDBYphtxNDXGQe5eyHYZ6Fw,GUILLAUME,498000,66209862,887
2026-03-01,UCCUlTcDhcn72O8TiNfFJWWA,GLG video (JT Geek),70700,20298625,3361
2026-03-01,UC1ndVn8sa4oTbW09P5ICOog,amazing mac TV,66100,18579261,1433
2026-03-01,UC6jfhJWEAfako0XlKnA2UGQ,Timena TechGeek,64300,11502764,1014
2026-03-01,UC69gruQfEHEQ4Qme0liJOdw,Ludo Tech,1810,817743,206
2026-03-01,UC5HF1ej87ZcaMNP4imSyy5w,neo77testeur,2670,887143,871
2026-03-01,UC7XxmEXw7wXgh259vYCSjkQ,Cmonavis 2 🇫🇷,10300,1293597,210
2026-03-01,UC0AFqXyYs1z2Dxx5jtQBicQ,SkinnZer,44700,3628792,288
2026-03-01,UC-pdFydi9ooxEfATh3KoiIw,STEVEN,1100000,197108881,1508
2026-03-01,UCAOjk3Po21_t7L1MDHQ4-Og,FNK Hardware,249000,43349481,1242
2026-03-01,UC-2f97m_1UGWDogGudJcVJg,OtaXou,29500,3516659,373
2026-03-01,UC1WIj7YGywcVoRLS0zZu2RQ,TechDams,5410,1799110,22
2026-03-01,UC1F5QJFXcu1evMkYyXRGoaw,LoKan Sardari - Studio,12300,1507591,676
2026-03-01,UCA25ZdZZF5XE6ihPE5pwfnw,Materiel.net,31900,12946909,577
2026-03-01,UC7rdUip5Q8R7Ki1haNbdwwg,SoloTech,254000,35300315,634
2026-03-01,UC70eSjnRIGvRLCzT6K0SQSg,Device FR,2050,744736,940
2026-03-01,UCC5xS4j2xUyGO2UfjFh5LsQ,Nooz,15400,2782827,624
2026-03-01,UC1wV5Kf18gVbL3bWH-tWKDw,Cmonavis 🇫🇷,62700,12613633,659
2026-03-01,UCDY3WI0HqdzNADtE6B-BmUw,MrG Tech,185000,28811881,585
2026-03-01,UC69qClfvKeB9WeyySg5iQrQ,Yohann Studio,4330,2310064,323
2026-03-01,UC6-5YoHiovbcJyXhGtVpw3Q,La Revue GEEK,31100,2999559,399
2026-03-01,UC0V8fUv0DB5Tq7uHdG7ixyw,W38,140000,61588112,1920
2026-03-01,UC9faHFOrNIFxMXrpykPHOnA,FRED,121000,28744983,1358
2026-03-01,UC2HXhqg87yIWz152Ig9vkaQ,Tout Techno,32500,7226858,250
2026-03-01,UC65OszX3C9oYfNLU5AWjwYg,Aaron,3000,305113,32
2026-03-01,UC8oF5yOQVkc0CmTNcI_E-XQ,JEUX MOBILE,42100,9994379,14803
2026-03-01,UC3aPRnneybmQcbEK-X-Qptg,GLG reviews,398000,33088202,1688
2026-03-01,UC44qdJgVvPEaEaojOUZpp9A,Benjamin Code Plus,19500,683274,33
2026-03-01,UCAz-755tH3m8_BwaluzdJwQ,Numerama,222000,107233295,2157
2026-03-01,UC7sFrgyGelEr6eny6_PsGXQ,Tom's Guide France,40100,45883831,488
2026-03-01,UC3-dl8nKItitMxM9DNTDAfQ,Kang et ses PC,108000,29243917,146
2026-03-01,UC2lMzO7HzJ_jamFT762vfwA,Jon Rettinger en Français,349,66164,39
2026-03-01,UC6joDErOGcFJC1vHNSfsYQg,01net,136000,48770128,1826
2026-03-01,UCBqYyDusSFntU7k2UnFGsBA,Giga Content,24900,5260626,831
2026-03-01,UC-yxsBT9aRPie3eJ0qh162g,Le Meilleur Choix,1820,940787,644
2026-03-01,UC4q3HKdMqzll3SvA2Lf7oAg,Thomas in Tech,73600,21556075,963
2026-03-01,UC1N4EIilrmXhTEdu3h7tpPg,iPhone page,1050,189766,276
2026-03-01,UC5HtcZa4-moyfy6NTY7GHwA,TECHNO 24,530,226610,563
2026-03-01,UC66ysWRFWfg-V5RhnQN4wFg,Gadget Evolution,71900,8771631,82
2026-03-01,UC0xLruy2ZFFpxR6ODgnhJXA,GadgetRevNow,161000,87241848,1216
2026-03-01,UC0Cgi1uK0MWB5V_VtKkvi8g,La Geek News,3840,766401,165
2026-03-01,UCAicNsMAZgbqPr_0QsnI1PA,Cobra.fr,6430,6963760,2154
2026-03-01,UCCM6zpvTcgXeNqLmQ9swugQ,Selectos Lifestyle,13000,4542382,196
2026-03-01,UCA_DfRJwb5U0S4UiiH3BtUg,Jérémy Dufour,78100,14973016,1003
2026-03-01,UCB32y6dm508Hap4_Mn-ZnHQ,Presse-citron,91400,25831375,1447
2026-03-01,UC-g0NspJGvPdg_x7XIBNkNg,The Viewing Angle en Français,338,72887,23
2026-03-01,UC2XmvTlziz2LSXd_QKBwf8Q,Espritnewgen,72000,21853438,2957
2026-03-01,UCB0ffaItcXwkgbVu8Hvq3Tw,QUENTIN,224000,43460931,1307
2026-03-01,UCBOGe_x7aqQV4Ly5Rfa4iow,Les Tests de Cyril,31800,2663604,457
2026-03-01,UCJy0lX8ThZ7lCtst7JnegWQ,Jojol,2700000,613671260,2129
2026-03-01,UCJLKCYMkCbOW9wzmeUj8dwQ,MEHDI’N TECH,59700,3262737,136
2026-03-01,UCNiauGTV7XhkOpUAIXod4xA,Léo Duff,812000,64495439,320
2026-03-01,UCMwkAK-lhEeLld9xLiyKLMg,Captain Grochat,24800,2512917,108
2026-03-01,UCMWAxO0xGJxELkiX5_pEJNA,Pannacophone - Smartphone & Tech,91400,11632009,137
2026-03-01,UCE4qu22kCO225a91eERbxvA,Vivo Tech,16,9589,469
2026-03-01,UCKkFotHwcyYF1cn8sFcKvqw,MacGeneration,4970,4714768,589
2026-03-01,UCEPqgSzHj7vlJj5pGX9dDdA,Gilo & Alex,2330,133043,40
2026-03-01,UCOm_kuKVb4ImX_DHpIgX_zg,Skinn's Tech Deals,1990,79443,20
2026-03-01,UCFrfK9IFqO15S7C52DdnSog,GIGATOP,44600,15641065,1102
2026-03-01,UCHGvOgxAA_MFOH1yyhjcR-Q,ArtBen,327000,38288410,266
2026-03-01,UCGjKSSIpN7aYQluu04kPrsA,Brandon Le Proktor,308000,45222845,406
2026-03-01,UCOgE2LMuSZ_DYNhZZnuW6MQ,UX Tech,7020,3181321,517
2026-03-01,UCL3y_psKbrdZ5FZo3dvVeEQ,Pafito,15600,8493627,96
2026-03-01,UCH6ppHEvV3_WIXEwmhv9HEg,Deus Ex Silicium,409000,28089010,140
2026-03-01,UCGMxP4yf3ixAAEKQc3d76gw,Arnaud,6570,1883816,150
2026-03-01,UCHRVeW3Z0ttSFk6xIfGW4lA,Nicorama,159000,14055300,288
2026-03-01,UCEcHp8t8tuw8Myeu544tsPQ,Pile et Face,197000,13053648,281
2026-03-01,UCKAzZCVzqkdvxX6VLTwyVMQ,BoilingBrains,40200,3032285,142
2026-03-01,UCNzUonmxxvG-HIqOC3S7Thw,VAC - Vulgarisateur Apple et compagnie,80200,1568395,232
2026-03-01,UCMc7IaTDRDtxftK9v0aXVqA,Yada 2.0,112000,16807141,206
2026-03-01,UCGkFwY0mGku1M9_6M_NQ7Ig,Kylian Le Bris,4540,2247993,79
2026-03-01,UCIorGsaWVmlkpNsngTQPDAg,Clubic,31900,10242225,1448
2026-03-01,UCOtM8pxxBIfwqu6e8mHgUEQ,TheiMika,12800,3593633,121
2026-03-01,UCJPa4sr9B_mLjShfHhWi8yg,TECnaiche,13600,4721415,403
2026-03-01,UCIaNSaws_Wv_eoUAmDbUK-Q,MT High Tech Deal's,2830,246679,71
2026-03-01,UCOyUCj6Wx9skJggzZFUDZyA,Unlock Talk,20800,2508390,380
2026-03-01,UCIxLxlan8q9WA7sjuq6LdTQ,Hayls World,2610000,342663526,504
2026-03-01,UCOaX4zvPzmv0eBbUWOOOB_A,TopAchat,102000,19399715,705
2026-03-01,UCMWWgqykXE5exHk60TCZ-bw,Yukio_Clyks,27500,7507354,435
2026-03-01,UCHgZ3SrY7FhB0KjFki50fEQ,Gabinks,1170,329687,155
2026-03-01,UCDfGCQqgOKPYeiaG3I4vl4w,Marty,110000,22710474,888
2026-03-01,UCNSSQc3Omi1tlJrOlQi4hPQ,Ogu,13400,3627963,269
2026-03-01,UCNOUTy_TWRJzAaSfIGserkg,Nowtech Replay (Le Mug Nowtech),5410,820435,515
2026-03-01,UCJ3MlRSjtv2sT-rIDsFg0fw,Sam_VNR,5500,453768,70
2026-03-01,UCFdQm01R6HPdMw4oa6a0Ihw,Qasim,38700,17310814,205
2026-03-01,UCM1KoDGFjzp5GrmR5jflyvA,Sanakh version Tech,10500,4031535,620
2026-03-01,UCIeYcIN0ii8_golPaIfNUiA,HardReset_info French,20700,9412357,28301
2026-03-01,UCJ4p_F-vCnEn5V5OtFN8Q3w,FrenchMakito,32700,3610387,99
2026-03-01,UCM6kUx3GI7lTQlqMBiumaEg,technofou,43300,1926561,90
2026-03-01,UCFWds3GTyhvWpSF308RC1Eg,PcComponentesFR,658,257103,128
2026-03-01,UCOCoKBUmALR6d7UW_s5zgrA,Arnaud C.,107000,7014066,322
2026-03-01,UCO14QTmfRbe9j9PTJsAhtLQ,PΔX,89400,12970146,505
2026-03-01,UCIu36vEY96BCwfYvz5ccucg,LDLC.com,27900,7212825,365
2026-03-01,UCNWE4ouC-BxzJ-Lomuuqb1Q,Isma(ël),4510,314207,45
2026-03-01,UCLOAPb7ATQUs_nDs9ViLcMw,Benjamin Code,156000,13956680,383
2026-03-01,UCDvCJx3pU8N-23ilB6tNMlg,mister gadget,4350,1632608,733
2026-03-01,UCN6zUULSoitsLJB03jh_I0A,Le Futurologue,31300,3070002,315
2026-03-01,UCKsQUxeg-HulymY9wrki90A,Tout Pour Chez Vous,1550,978703,763
2026-03-01,UCHJb6-VCrzQqVQASN23OskQ,Jigfio Ti Super,19300,980953,71
2026-03-01,UCVrceZhsV6TRyVh3VhBFaKA,MOBICLICK,2430,1451664,215
2026-03-01,UCYU8ljh_pDcwqDMWZoJWqwA,RABBIN DES BOIS,360000,20235666,149
2026-03-01,UCSzGYcW97w-gPWrL1KvScsA,Chris Tec,1390,372163,119
2026-03-01,UCX4A8obrGg1iX37R-fyBJ6w,Monde Tech,742,153624,149
2026-03-01,UCRI5foOTNz6DuVz3SVQ1cMA,Tao Gassin,15700,1186526,54
2026-03-01,UCRhyS_ylPQ5GWBl1lK92ftA,Léo - TechMaker,2240000,388444797,1547
2026-03-01,UCUclUivgBePqnqDGQ3Jzu2Q,TOUKIWANTI,136000,23084786,857
2026-03-01,UCPQsSFJurluaMOG1qL0Y7sA,PP World,449000,78266872,1042
2026-03-01,UCTER7XOnDvSRbI2YxikLaVw,RTBF iXPé,263000,93426058,2501
2026-03-01,UCQvNFAufGf8mtN2_L8thysg,Journal du Geek,66500,31818074,2517
2026-03-01,UCR-4Ge4NbqILG5HTTvs_nFQ,Lysandre_lbd,12300,5495197,325
2026-03-01,UCUD3E77YRTGK3yPSDB6Kq5Q,Monsport06,193000,13238829,511
2026-03-01,UCTE6xlfjGhlJ3pLVsg85-AQ,Amazon Promo Tech,1340,79107,517
2026-03-01,UCQwe6dSfilWUgNbgQ3NCQNg,C mon point de vue,3580,911062,62
2026-03-01,UCWedHS9qKebauVIK2J7383g,Underscore_,922000,115566484,201
2026-03-01,UCUT9pQQGw4ZEpv5hqrv-bZw,TonyTech,95600,11908699,778
2026-03-01,UCTKa4DGeCFeThot6rcRqNow,TechnoïdFR,21900,5487801,1728
2026-03-01,UCT9QoBXRO1_z1f-Ud97RxPg,Norizon,328,27505,20
2026-03-01,UCU6x15riA02fMewmDnUEgDg,Tonton ZicC,950,102920,75
2026-03-01,UCU_a5aoj_HzTMohx0JG_Z4A,GUILLAUME++,101000,9802037,304
2026-03-01,UCQZa27_VXLUowoMsYo6Y0Dw,bazze tv,23400,3289498,272
2026-03-01,UCUbwQOAmLdZ9zPOOPFt25zQ,YanNick TECH,68500,17790506,1346
2026-03-01,UCP5-zNhWXk_LUPIJpxtrTnQ,Cowcotland,52600,23570418,4269
2026-03-01,UCUe6P-HODI-F06tGQke8nzA,Planet des Deals,49,14798,143
2026-03-01,UCXJ_vW2t0W5hY9hS8ePnpzw,Back Market France,22000,161553930,201
2026-03-01,UCSPoCan8_9ELmqEVS2hUHPA,iVax,120000,21062693,488
2026-03-01,UCSGjkErS7A6LPBjESg56p7g,Tech Shorts,31900,11898459,200
2026-03-01,UCWZwYtcRjO4cO-RiZqM-W0w,Blog Montre cardio GPS,59700,16743320,566
2026-03-01,UCR3uoYsbRO_S0wg2DaSlb8g,Wondershare Français,100000,16148688,1296
2026-03-01,UCSYFVeBI66YqDhGrYKxiCUQ,Georges,2590,191253,46
2026-03-01,UCTOAKgwfqqCbOytF3RNGGVw,Monsieur GRrr,725000,148115182,1994
2026-03-01,UCQsb5TqYUeGWGpJFr8DMWsQ,ANONIMAL,613000,71361958,298
2026-03-01,UCTG26Ngiphy9TCOejxGfShQ,R-Tech,141,104851,61
2026-03-01,UCURjynFkZicGPbIIaWO9vmQ,Benji TV,61000,14588509,251
2026-03-01,UCQigF3tZJJlt6o1_tkYKkNQ,KAPPA Studio,234000,59433457,127
2026-03-01,UCU8_onYYhNxwGUB3hA34C4Q,FrenchHardware,845000,171008899,945
2026-03-01,UCYnvxJ-PKiGXo_tYXpWAC-w,Micode,1850000,123165682,85
2026-03-01,UCUaHJ0fTA-1theR8A8Polmw,BFM Tech,574000,232702452,8381
2026-03-01,UCPLnJmNrlcQzyi8QAP_dhJA,Dariusz Tech,127000,121879919,842
2026-03-01,UCWzO_6sTx_tzEi0pU_3L5dA,Kizuna Horizon,187,68508,11
2026-03-01,UCQSA6pCffm7epqxFqouL0Xg,Mathis et Gauthier,194000,33687759,442
2026-03-01,UCYmw-Y8TnRzO4COTBKEgUGg,Les Dénicheurs,20900,6015166,3018
2026-03-01,UCPP-NkzSqMJ9ywhJkcgrpAw,Tech_Sama,214000,29489852,760
2026-03-01,UCTmHRe6W96WgYlUNxcokpVQ,Fitfitzone,1290,189229,18
2026-03-01,UCVwG9JHqGLfEO-4TkF-lf2g,Nowtech,442000,73837755,909
2026-03-01,UCYWJ5aXwE7vyN-qtDT3uR4w,Top For Phone,148000,47135420,1643
2026-03-01,UCUltPy138RvnbWX_FuUHtDA,MT High-Tech,22100,2940413,320
2026-03-01,UCZ5qxuvquQABNtjcawNMowA,DaddyFamtech,128000,13798659,1439
2026-03-01,UCUanZckNyJODHBdqtMzYMpA,ORLM.tv / On refait le Mac,54900,13545652,1496
2026-03-01,UCSGT2_DuhiJ1uV9dpRbXxug,Kulture ChroniK,168000,26513070,863
2026-03-01,UCid32aFGCWd9zITfN44ycWA,Son-Vidéo.com,69900,16520391,1050
2026-03-01,UC_dzE9mydhQuQ0NwmXByDtA,André Martin,392000,56809547,1011
2026-03-01,UCgWvhceGENT-dKBlgodnomQ,Les perdus Du numérique,12500,4162166,2010
2026-03-01,UCf2ZTuey5uT8hN3ESe-ZCPQ,Eric V,4480,1486144,988
2026-03-01,UCa8Leo9o5Nnb-Cc1sWfT2HQ,MobileAddict,300000,44205303,421
2026-03-01,UCaHolOYkfcTdC0vTFAywzXw,LoKan Sardari,88600,18638729,991
2026-03-01,UCaybrunQi8xWgPMgv1AYBHw,TheiCollection,1000000,220029976,1290
2026-03-01,UCagQpz-WZtgbSp8Ry0XQ4Yw,Victor,3240,231694,56
2026-03-01,UCjwFGttUyDetFa7pCD1M8kg,NETWORKS TV,34000,3548660,297
2026-03-01,UCe7aMEBJH_sGJMCXWLCzeSA,TheFunTouch,1690,932627,170
2026-03-01,UClnRNkdVq24iwIbc1O-hjlw,Yensing,21200,1313898,21
2026-03-01,UCdTrm2PZ7Wwa7xF-LbGP0dQ,Le Showroom de l'Image et du Son,15400,14860116,2817
2026-03-01,UCc7giV0qHsCNbhjV3_ZJ22w,Paul - Nakryum,107000,16875743,590
2026-03-01,UCfLyhjpn3hzleNtgTGOQimA,Romain PIAUD,32400,7868165,597
2026-03-01,UCd1GYZ5K_Inb48Qa8n_xqNg,Alex Lecool Tech,21400,5850416,381
2026-03-01,UClQPWod8Gjgw7i51t7PYibQ,Sélection Futée,2310,238453,384
2026-03-01,UCgjhIdz3Uw9r-eMyML9M8FA,PIKATE,13100,1296985,124
2026-03-01,UCfbwndxvM8tOtxN_GqU1R3Q,Lorenzo-high-tech,29500,4572280,973
2026-03-01,UCdSAhfiaPLfsE8iu964Kd4w,Tech'Antik par Mickael Minarie,10800,1396633,514
2026-03-01,UCbqjtNeW9vbz6_gwOW5PybQ,KYIO,11600,5387497,407
2026-03-01,UCfQxUIhFxt59kj0hK53rZGg,"nakan.ch, sport et technologies",29300,5820073,417
2026-03-01,UCb6bgt9GlMWk-gKrLLfXFLw,Julien Hick,11100,3315110,363
2026-03-01,UCdSUuErbgIIfHCezyiXDCtQ,Guid0matic,14700,7187092,2901
2026-03-01,UChSBt06I1fa5FlDjbB0fChg,BenBraTeK,9640,1578356,61
2026-03-01,UCcH06PR-5iRIMWZGo8z6gnA,Francois Mocq,5770,1182243,299
2026-03-01,UCdqC1GnhKs3aQw6j62uOvUw,Mister Perrier,57100,5082544,364
2026-03-01,UCeXhsPdO6bRK7ZycOeFdD8A,iTechNews,289000,2333374,80
2026-03-01,UClXUBKUsEdXpSl4mOr3Q3jw,Binbin Tech,14100,1638835,60
2026-03-01,UCgoxc-VKU0cw9BcM9z_qokg,Frandroid,596000,202557796,2807
2026-03-01,UCkQI4PEJfOY37DU_WLLzc5w,Dell Technologies France,2480,50755526,324
2026-03-01,UCaysddji-z_Za5b6EMmcc3g,Bien Chez Soi,52800,1993874,811
2026-03-01,UCe7R7Pt-bxNT7EE83NLsmFQ,Avis Express - Testeur High-Tech,273000,58091336,1710
2026-03-01,UCkS6jlQ4RJTCdkzVCU2-FSQ,GeekEtc,22000,6434351,644
2026-03-01,UCZEdNvDcHUPEE7CDRpXnO6w,Cyril | Ctrl Bu,6080,887698,164
2026-03-01,UCZsEJw8rwd0RWAga5dulOpg,Bon Plan High Tech,13700,4598096,344
2026-03-01,UCfwLCsZhix155PAoFTBb-oQ,Mac4Ever,161000,53873563,1995
2026-03-01,UCb0sWM7tMRaEgn_hpptqnxA,Mon iPad & Moi,793,43056,29
2026-03-01,UCeUxAQ2j3OETAApTvBj5Scw,MoMo App,738000,46267655,913
2026-03-01,UCZO7iTy_uLmPbZiofPJpeXA,Pannacotech,160000,20408753,687
2026-03-01,UCiR9chjo9kIFMsCXgspFxqg,Braindegeek,75200,48279987,809
2026-03-01,UCfkiE_eKqeVWE0XhMNBMFdA,InfiniT,193,53224,162
2026-03-01,UCeFfhz1vsSxxJY26VZHw19w,Selectos Tech,117000,31814747,597
2026-03-01,UCflWJq4cTuofmM-0G-GMUNQ,conseilguide,19300,6759447,1288
2026-03-01,UCbwE_k9zALnzZRvkoyDhuzw,Jojo Le Geek,166000,25444667,594
2026-03-01,UCchpwieM3DswmDEnJ0MRq1A,Romain Lanéry,1050000,206477295,1706
2026-03-01,UC_FckuJiPXwA_nOEIoTsRZg,Fabien captain virtuality,12900,1811810,183
2026-03-01,UCfc0cRoo8yYOzeuS89zpN-Q,Québec Test,303000,35111559,512
2026-03-01,UCjvFbW7sywyw7ylZ4PHXdAQ,Selectos Tests,6930,3556899,1002
2026-03-01,UChFaUrD7t1JQ0w7rObWhIRA,Millomaker,441000,55136271,86
2026-03-01,UCf-DN6QjyyEbhuMWCoXdXQQ,Phonandroid,144000,26544706,842
2026-03-01,UCz6PEeVLG1TL6jMRTvSLm4g,Matt Talks Tech,788000,110952434,1533
2026-03-01,UCm3QK_QNta9Mue2Q70gtzVw,Android plus,2670,463393,443
2026-03-01,UCxej0ZiLbbeVrz3XQZjj-MA,Huawei Mobile France,27700,43716568,120
2026-03-01,UCwsQtHFlS-LKVn8xJ3TaupQ,Monsieur Pixel,10400,1284145,226
2026-03-01,UCxnikUCVJLsD4GTbujlnmlQ,Comparatif Mobile,202,31227,252
2026-03-01,UCrSCIeCW1YuEviVZPVhEfGQ,Dorian GM,30500,6211639,273
2026-03-01,UCqHcg3sjPv2mcGqL1B60bew,"Dbc iPhone, iPad, MacBook",33500,24780921,476
2026-03-01,UCuE3ei3NOnVjQUefjHUCF5Q,DiscoverID,378000,52112250,532
2026-03-01,UCpFq62uOig4n9jT3luIYUDQ,VZX,23000,9494750,148
2026-03-01,UCySZIa8Y4e6aSVg4CISXAOA,Mathieu Dos Santos,25100,4223550,1141
2026-03-01,UCsKrhME6clyYbibb4nzvgMA,Leasi,6,3801,42
2026-03-01,UCu6HC8ahaPWqqfSvic7nWyQ,Nightech,142000,35736886,520
2026-03-01,UCriIQI8uaoEro5FEnOpeidQ,Dr. Firas,32800,1322906,341
2026-03-01,UCyeoo6CDdAyYGyUvHWF0gSA,Garmin France,15300,57932867,1283
2026-03-01,UCnnYqSNKKygemgmxC9PyLTw,Ludo Salenne,258000,16916776,425
2026-03-01,UCwIM26MmgFO-iujNojxZ2dQ,Maxence,3990,1753363,181
2026-03-01,UCzICpbabqKwBTpb9XlWerjA,PassTech TV,681,127460,14
2026-03-01,UCtKz6bilv9wtzQpwIaI-soA,Ypsol,24200,989349,27
2026-03-01,UCxpT79bmhxk50l8P50WG86w,Discoverdex,79100,24345466,480
2026-03-01,UCrHCRJPuJJcINMMEETEYt4g,Le Petit Comparateur,16200,5786397,741
2026-03-01,UCtmEbUFh18ZmtObT78ix9Yw,Tech and Shoot,30700,6723646,1325
2026-03-01,UCs7Jg5KBsgiova4CrseuwIw,TheGrandTest,325000,46175094,1885
2026-03-01,UCt3bV9VvoCrXILlR1Z6kGmQ,Rémi Lou,137000,82981118,1201
2026-03-01,UCrwtkeoBxPfhyde5eesmvyA,CieloTech,13100,15576156,223
2026-03-01,UCv8L8SztjsNYT4FpX8g5ATw,INFOMAX Paris,10400,7942965,350
2026-03-01,UCqiGrF_OdWHHOs-eFe8O-ZA,Goli Tech,21,12815,493
2026-03-01,UCqC_p9Kw9pnvLvzr701beSg,Olivier Schmitt,178000,15413703,285
2026-03-01,UCmUm6tw3Gz8dftSDy7Eep3A,Stéphane (Biggy Tech),34900,2973830,796
2026-03-01,UCrsiHZzr4IjuSjnvPy5rVUQ,Daddy Dtech,114000,12453562,406
2026-03-01,UCz-hlzLKQ__1nKXarSedtQA,HardwareFRA,34000,7170430,762
2026-03-01,UCuJtgmGNF_PvicQkf88t-5g,ChristoTech,321000,33543414,1401
2026-03-01,UCtPzJInyqqt__Tn0EaUlaAw,Science Gaming,422000,402767805,1325
2026-03-01,UCptwuAv0XQHo1OQUSaO6NHw,Max Tech,1260000,449824921,2079
2026-03-01,UCrAiXFptzDmgQA6gUCOz9RQ,Meta Perso,14700,1103024,50
2026-03-01,UCuDNiVxL-Zfw0CBVQ4oOr8w,DealSmart FR,227,35485,27
2026-03-01,UCvTqrD4wJGkFBwr8v6dO-Wg,Miennu Core,404,192518,38
2026-03-01,UCoJ4gzwVvGNH5GNqiJoQAAA,Alex Reframe,131000,25065614,645
2026-03-01,UCssuk5-zaZn9vt0_HNj-Hug,VERBOZZ,474000,61062742,284
2026-03-01,UCpSRz-eAoiSW5kaHpI_3LjA,JOLI TECH,21,19989,504
2026-03-01,UCpaI1FRY8EGK6mEAL7Wfr9w,Yosheez,131000,59300803,870
2026-03-01,UCwWgvJHw1mNRq_ry6VoPKEg,Yada,384000,43221955,538
2026-03-01,UCqRSWOqkW_oelrdUN7KQ-aQ,Les Numériques,155000,64893700,3044
2026-03-01,UCwZsbPUXohCN867pQzioGLw,Nicolas Barbet,15600,5793197,356
2026-03-01,UCo2fYdtvhyXW38WiLW_yg0Q,Charles Bolduc,1930,342270,172
2026-03-01,UCpt_q94CBCYar_Gmkb9G_aA,Tenorshare 4DDiG Français,24500,7727120,264
2026-03-01,UCr7ZVUNJ9KyYD92xqfinGsQ,Jimtek,16700,1577613,141
2026-03-01,UCnJAGhDDEPdvY2g4ipf9PMQ,Elliott Pierret,90200,5750836,170
2026-03-01,UCrs2S-Ilj6R6qhhXCiV5hsQ,Tech Live,18400,3187241,257
2026-03-01,UCsyWQ6m4lbfir1Z3deNAIcw,Salut Les Noobs,83700,7668722,535
2026-03-01,UCrGUPAX1w87ckAxUwu8JtOA,Team VRY,11500,6093302,421
2026-03-01,UCzxT0liRKM_xXnFYRZGiFHA,Acta - Swipe!,1140,267296,142
2026-03-02,UC44qdJgVvPEaEaojOUZpp9A,Benjamin Code Plus,19500,684265,33
2026-03-02,UCC5xS4j2xUyGO2UfjFh5LsQ,Nooz,15400,2790229,625
2026-03-02,UC-g0NspJGvPdg_x7XIBNkNg,The Viewing Angle en Français,340,73593,23
2026-03-02,UC4q3HKdMqzll3SvA2Lf7oAg,Thomas in Tech,73700,21565725,966
2026-03-02,UC0Cgi1uK0MWB5V_VtKkvi8g,La Geek News,3830,766985,165
2026-03-02,UC7XxmEXw7wXgh259vYCSjkQ,Cmonavis 2 🇫🇷,10300,1294873,210
2026-03-02,UC69qClfvKeB9WeyySg5iQrQ,Yohann Studio,4330,2311147,323
2026-03-02,UCAOjk3Po21_t7L1MDHQ4-Og,FNK Hardware,249000,43360028,1243
2026-03-02,UC3-dl8nKItitMxM9DNTDAfQ,Kang et ses PC,108000,29287722,146
2026-03-02,UCBOGe_x7aqQV4Ly5Rfa4iow,Les Tests de Cyril,31800,2665239,458
2026-03-02,UCDBYphtxNDXGQe5eyHYZ6Fw,GUILLAUME,498000,66224483,887
2026-03-02,UC1F5QJFXcu1evMkYyXRGoaw,LoKan Sardari - Studio,12300,1508323,676
2026-03-02,UC-pdFydi9ooxEfATh3KoiIw,STEVEN,1100000,197121056,1509
2026-03-02,UC9faHFOrNIFxMXrpykPHOnA,FRED,121000,28770253,1359
2026-03-02,UC69gruQfEHEQ4Qme0liJOdw,Ludo Tech,1810,818150,206
2026-03-02,UC1N4EIilrmXhTEdu3h7tpPg,iPhone page,1050,190026,277
2026-03-02,UC66ysWRFWfg-V5RhnQN4wFg,Gadget Evolution,72300,8823512,84
2026-03-02,UC3aPRnneybmQcbEK-X-Qptg,GLG reviews,400000,33095916,1688
2026-03-02,UC1wV5Kf18gVbL3bWH-tWKDw,Cmonavis 🇫🇷,62700,12618002,660
2026-03-02,UC1WIj7YGywcVoRLS0zZu2RQ,TechDams,5410,1802016,22
2026-03-02,UC6joDErOGcFJC1vHNSfsYQg,01net,136000,48784122,1837
2026-03-02,UC0V8fUv0DB5Tq7uHdG7ixyw,W38,140000,61588318,1920
2026-03-02,UCA_DfRJwb5U0S4UiiH3BtUg,Jérémy Dufour,78100,14984604,1008
2026-03-02,UCAz-755tH3m8_BwaluzdJwQ,Numerama,222000,107349277,2159
2026-03-02,UC5HtcZa4-moyfy6NTY7GHwA,TECHNO 24,531,227275,563
2026-03-02,UC4vD_Spv_zjcmyfHpnAwBNA,Ixar.,15800,2513173,189
2026-03-02,UCBqYyDusSFntU7k2UnFGsBA,Giga Content,24900,5266246,832
2026-03-02,UC-yxsBT9aRPie3eJ0qh162g,Le Meilleur Choix,1820,941884,644
2026-03-02,UC0AFqXyYs1z2Dxx5jtQBicQ,SkinnZer,44700,3629035,288
2026-03-02,UC7sFrgyGelEr6eny6_PsGXQ,Tom's Guide France,40100,45884385,488
2026-03-02,UC1ndVn8sa4oTbW09P5ICOog,amazing mac TV,66100,18580980,1433
2026-03-02,UCB0ffaItcXwkgbVu8Hvq3Tw,QUENTIN,224000,43463652,1307
2026-03-02,UC8oF5yOQVkc0CmTNcI_E-XQ,JEUX MOBILE,42100,10010159,14804
2026-03-02,UC65OszX3C9oYfNLU5AWjwYg,Aaron,3000,305365,32
2026-03-02,UC2HXhqg87yIWz152Ig9vkaQ,Tout Techno,32500,7232929,252
2026-03-02,UCA25ZdZZF5XE6ihPE5pwfnw,Materiel.net,31900,12950476,577
2026-03-02,UC6jfhJWEAfako0XlKnA2UGQ,Timena TechGeek,64300,11504851,1014
2026-03-02,UC7rdUip5Q8R7Ki1haNbdwwg,SoloTech,254000,35304382,634
2026-03-02,UCAicNsMAZgbqPr_0QsnI1PA,Cobra.fr,6430,6964645,2155
2026-03-02,UC5HF1ej87ZcaMNP4imSyy5w,neo77testeur,2670,888146,871
2026-03-02,UC6-5YoHiovbcJyXhGtVpw3Q,La Revue GEEK,31100,3001911,399
2026-03-02,UC70eSjnRIGvRLCzT6K0SQSg,Device FR,2050,746351,942
2026-03-02,UC0xLruy2ZFFpxR6ODgnhJXA,GadgetRevNow,161000,87467633,1218
2026-03-02,UCDY3WI0HqdzNADtE6B-BmUw,MrG Tech,185000,28814279,585
2026-03-02,UC2lMzO7HzJ_jamFT762vfwA,Jon Rettinger en Français,351,66322,39
2026-03-02,UCB32y6dm508Hap4_Mn-ZnHQ,Presse-citron,91400,25837022,1452
2026-03-02,UCCM6zpvTcgXeNqLmQ9swugQ,Selectos Lifestyle,13000,4543594,196
2026-03-02,UC2XmvTlziz2LSXd_QKBwf8Q,Espritnewgen,72000,21858022,2957
2026-03-02,UC-2f97m_1UGWDogGudJcVJg,OtaXou,29500,3520913,373
2026-03-02,UCCUlTcDhcn72O8TiNfFJWWA,GLG video (JT Geek),70700,20299234,3361
2026-03-02,UCJ4p_F-vCnEn5V5OtFN8Q3w,FrenchMakito,32700,3611190,99
2026-03-02,UCMwkAK-lhEeLld9xLiyKLMg,Captain Grochat,24800,2528564,108
2026-03-02,UCNOUTy_TWRJzAaSfIGserkg,Nowtech Replay (Le Mug Nowtech),5410,820658,517
2026-03-02,UCM1KoDGFjzp5GrmR5jflyvA,Sanakh version Tech,10500,4041852,621
2026-03-02,UCKAzZCVzqkdvxX6VLTwyVMQ,BoilingBrains,40200,3032460,142
2026-03-02,UCN6zUULSoitsLJB03jh_I0A,Le Futurologue,31400,3077653,317
2026-03-02,UCGMxP4yf3ixAAEKQc3d76gw,Arnaud,6590,1885810,152
2026-03-02,UCIeYcIN0ii8_golPaIfNUiA,HardReset_info French,20800,9450443,28373
2026-03-02,UCL3y_psKbrdZ5FZo3dvVeEQ,Pafito,15600,8503600,96
2026-03-02,UCO14QTmfRbe9j9PTJsAhtLQ,PΔX,89400,12977499,505
2026-03-02,UCNWE4ouC-BxzJ-Lomuuqb1Q,Isma(ël),4520,314526,45
2026-03-02,UCHJb6-VCrzQqVQASN23OskQ,Jigfio Ti Super,19300,981975,71
2026-03-02,UCEcHp8t8tuw8Myeu544tsPQ,Pile et Face,197000,13060964,282
2026-03-02,UCOm_kuKVb4ImX_DHpIgX_zg,Skinn's Tech Deals,1990,79637,20
2026-03-02,UCOyUCj6Wx9skJggzZFUDZyA,Unlock Talk,20800,2512583,380
2026-03-02,UCJ3MlRSjtv2sT-rIDsFg0fw,Sam_VNR,5530,459784,71
2026-03-02,UCMWWgqykXE5exHk60TCZ-bw,Yukio_Clyks,27500,7511946,435
2026-03-02,UCNiauGTV7XhkOpUAIXod4xA,Léo Duff,813000,64508550,320
2026-03-02,UCGjKSSIpN7aYQluu04kPrsA,Brandon Le Proktor,308000,45247219,408
2026-03-02,UCFdQm01R6HPdMw4oa6a0Ihw,Qasim,38700,17330885,206
2026-03-02,UCLOAPb7ATQUs_nDs9ViLcMw,Benjamin Code,156000,13961962,384
2026-03-02,UCHRVeW3Z0ttSFk6xIfGW4lA,Nicorama,159000,14063739,288
2026-03-02,UCHgZ3SrY7FhB0KjFki50fEQ,Gabinks,1170,330872,158
2026-03-02,UCMc7IaTDRDtxftK9v0aXVqA,Yada 2.0,112000,16813711,207
2026-03-02,UCKkFotHwcyYF1cn8sFcKvqw,MacGeneration,4970,4715366,591
2026-03-02,UCGkFwY0mGku1M9_6M_NQ7Ig,Kylian Le Bris,4840,2320026,82
2026-03-02,UCJPa4sr9B_mLjShfHhWi8yg,TECnaiche,13600,4724347,403
2026-03-02,UCE4qu22kCO225a91eERbxvA,Vivo Tech,16,9643,469
2026-03-02,UCIaNSaws_Wv_eoUAmDbUK-Q,MT High Tech Deal's,2830,246707,71
2026-03-02,UCEPqgSzHj7vlJj5pGX9dDdA,Gilo & Alex,2330,133120,40
2026-03-02,UCOtM8pxxBIfwqu6e8mHgUEQ,TheiMika,12800,3593971,121
2026-03-02,UCH6ppHEvV3_WIXEwmhv9HEg,Deus Ex Silicium,409000,28090587,140
2026-03-02,UCNSSQc3Omi1tlJrOlQi4hPQ,Ogu,13400,3628634,269
2026-03-02,UCJLKCYMkCbOW9wzmeUj8dwQ,MEHDI’N TECH,59700,3263119,136
2026-03-02,UCIu36vEY96BCwfYvz5ccucg,LDLC.com,27900,7212977,365
2026-03-02,UCFWds3GTyhvWpSF308RC1Eg,PcComponentesFR,659,258636,128
2026-03-02,UCJy0lX8ThZ7lCtst7JnegWQ,Jojol,2700000,613787697,2130
2026-03-02,UCFrfK9IFqO15S7C52DdnSog,GIGATOP,44600,15653278,1105
2026-03-02,UCIxLxlan8q9WA7sjuq6LdTQ,Hayls World,2610000,342900472,504
2026-03-02,UCM6kUx3GI7lTQlqMBiumaEg,technofou,43300,1927056,91
2026-03-02,UCMWAxO0xGJxELkiX5_pEJNA,Pannacophone - Smartphone & Tech,91400,11636697,137
2026-03-02,UCIorGsaWVmlkpNsngTQPDAg,Clubic,31900,10244335,1448
2026-03-02,UCKsQUxeg-HulymY9wrki90A,Tout Pour Chez Vous,1550,980372,763
2026-03-02,UCDfGCQqgOKPYeiaG3I4vl4w,Marty,110000,22718644,888
2026-03-02,UCHGvOgxAA_MFOH1yyhjcR-Q,ArtBen,327000,38301710,267
2026-03-02,UCOgE2LMuSZ_DYNhZZnuW6MQ,UX Tech,7020,3184626,518
2026-03-02,UCDvCJx3pU8N-23ilB6tNMlg,mister gadget,4350,1633644,733
2026-03-02,UCOCoKBUmALR6d7UW_s5zgrA,Arnaud C.,107000,7016051,323
2026-03-02,UCOaX4zvPzmv0eBbUWOOOB_A,TopAchat,102000,19425089,706
2026-03-02,UCNzUonmxxvG-HIqOC3S7Thw,VAC - Vulgarisateur Apple et compagnie,80300,1569228,233
2026-03-02,UCQsb5TqYUeGWGpJFr8DMWsQ,ANONIMAL,613000,71363109,298
2026-03-02,UCQZa27_VXLUowoMsYo6Y0Dw,bazze tv,23500,3308877,274
2026-03-02,UCQigF3tZJJlt6o1_tkYKkNQ,KAPPA Studio,234000,59506494,128
2026-03-02,UCTE6xlfjGhlJ3pLVsg85-AQ,Amazon Promo Tech,1340,79320,517
2026-03-02,UCTOAKgwfqqCbOytF3RNGGVw,Monsieur GRrr,725000,148155539,1996
2026-03-02,UCR3uoYsbRO_S0wg2DaSlb8g,Wondershare Français,100000,16160578,1296
2026-03-02,UCYU8ljh_pDcwqDMWZoJWqwA,RABBIN DES BOIS,360000,20236304,149
2026-03-02,UCURjynFkZicGPbIIaWO9vmQ,Benji TV,61000,14593026,251
2026-03-02,UCUclUivgBePqnqDGQ3Jzu2Q,TOUKIWANTI,136000,23112496,858
2026-03-02,UCUD3E77YRTGK3yPSDB6Kq5Q,Monsport06,193000,13241661,511
2026-03-02,UCYnvxJ-PKiGXo_tYXpWAC-w,Micode,1850000,123198013,85
2026-03-02,UCUltPy138RvnbWX_FuUHtDA,MT High-Tech,22100,2941270,320
2026-03-02,UCUanZckNyJODHBdqtMzYMpA,ORLM.tv / On refait le Mac,54900,13547956,1496
2026-03-02,UCTER7XOnDvSRbI2YxikLaVw,RTBF iXPé,263000,93541397,2502
2026-03-02,UCRI5foOTNz6DuVz3SVQ1cMA,Tao Gassin,15700,1188562,54
2026-03-02,UCZ5qxuvquQABNtjcawNMowA,DaddyFamtech,129000,13816370,1439
2026-03-02,UCUe6P-HODI-F06tGQke8nzA,Planet des Deals,50,15215,145
2026-03-02,UCSGjkErS7A6LPBjESg56p7g,Tech Shorts,31900,11902195,200
2026-03-02,UCQvNFAufGf8mtN2_L8thysg,Journal du Geek,66500,31823913,2518
2026-03-02,UCT9QoBXRO1_z1f-Ud97RxPg,Norizon,331,27521,20
2026-03-02,UCSPoCan8_9ELmqEVS2hUHPA,iVax,120000,21064678,489
2026-03-02,UCWedHS9qKebauVIK2J7383g,Underscore_,922000,115592031,201
2026-03-02,UCVrceZhsV6TRyVh3VhBFaKA,MOBICLICK,2430,1452140,216
2026-03-02,UCQwe6dSfilWUgNbgQ3NCQNg,C mon point de vue,3580,911784,62
2026-03-02,UCWzO_6sTx_tzEi0pU_3L5dA,Kizuna Horizon,187,68532,11
2026-03-02,UCSGT2_DuhiJ1uV9dpRbXxug,Kulture ChroniK,168000,26532362,865
2026-03-02,UCQSA6pCffm7epqxFqouL0Xg,Mathis et Gauthier,194000,33703239,443
2026-03-02,UCPQsSFJurluaMOG1qL0Y7sA,PP World,449000,78295711,1044
2026-03-02,UCPP-NkzSqMJ9ywhJkcgrpAw,Tech_Sama,214000,29493862,760
2026-03-02,UCPLnJmNrlcQzyi8QAP_dhJA,Dariusz Tech,128000,122296875,843
2026-03-02,UCYmw-Y8TnRzO4COTBKEgUGg,Les Dénicheurs,20900,6022142,3020
2026-03-02,UCTmHRe6W96WgYlUNxcokpVQ,Fitfitzone,1290,190002,18
2026-03-02,UCUbwQOAmLdZ9zPOOPFt25zQ,YanNick TECH,68500,17812309,1347
2026-03-02,UCXJ_vW2t0W5hY9hS8ePnpzw,Back Market France,22000,161555149,203
2026-03-02,UCUaHJ0fTA-1theR8A8Polmw,BFM Tech,574000,232718769,8382
2026-03-02,UCX4A8obrGg1iX37R-fyBJ6w,Monde Tech,745,154263,151
2026-03-02,UCU_a5aoj_HzTMohx0JG_Z4A,GUILLAUME++,101000,9809185,303
2026-03-02,UCU8_onYYhNxwGUB3hA34C4Q,FrenchHardware,846000,171093341,945
2026-03-02,UCR-4Ge4NbqILG5HTTvs_nFQ,Lysandre_lbd,12300,5501634,326
2026-03-02,UCRhyS_ylPQ5GWBl1lK92ftA,Léo - TechMaker,2240000,389047771,1548
2026-03-02,UCWZwYtcRjO4cO-RiZqM-W0w,Blog Montre cardio GPS,59700,16748531,567
2026-03-02,UCYWJ5aXwE7vyN-qtDT3uR4w,Top For Phone,148000,47135966,1643
2026-03-02,UCSYFVeBI66YqDhGrYKxiCUQ,Georges,2590,191567,46
2026-03-02,UCUT9pQQGw4ZEpv5hqrv-bZw,TonyTech,95900,11914377,783
2026-03-02,UCU6x15riA02fMewmDnUEgDg,Tonton ZicC,952,103077,75
2026-03-02,UCP5-zNhWXk_LUPIJpxtrTnQ,Cowcotland,52600,23572083,4270
2026-03-02,UCVwG9JHqGLfEO-4TkF-lf2g,Nowtech,442000,73861948,909
2026-03-02,UCTKa4DGeCFeThot6rcRqNow,TechnoïdFR,21900,5488283,1729
2026-03-02,UCSzGYcW97w-gPWrL1KvScsA,Chris Tec,1390,372394,119
2026-03-02,UCTG26Ngiphy9TCOejxGfShQ,R-Tech,141,105282,61
2026-03-02,UClnRNkdVq24iwIbc1O-hjlw,Yensing,21200,1315563,21
2026-03-02,UCb0sWM7tMRaEgn_hpptqnxA,Mon iPad & Moi,793,43280,29
2026-03-02,UCbqjtNeW9vbz6_gwOW5PybQ,KYIO,11700,5404256,411
2026-03-02,UCid32aFGCWd9zITfN44ycWA,Son-Vidéo.com,69900,16527946,1050
2026-03-02,UChSBt06I1fa5FlDjbB0fChg,BenBraTeK,9640,1579043,61
2026-03-02,UCgjhIdz3Uw9r-eMyML9M8FA,PIKATE,13100,1300030,125
2026-03-02,UCfkiE_eKqeVWE0XhMNBMFdA,InfiniT,193,53317,161
2026-03-02,UCagQpz-WZtgbSp8Ry0XQ4Yw,Victor,3270,232799,57
2026-03-02,UCaybrunQi8xWgPMgv1AYBHw,TheiCollection,1000000,220052363,1290
2026-03-02,UCfwLCsZhix155PAoFTBb-oQ,Mac4Ever,161000,53904564,1997
2026-03-02,UCgoxc-VKU0cw9BcM9z_qokg,Frandroid,596000,202666560,2812
2026-03-02,UCe7R7Pt-bxNT7EE83NLsmFQ,Avis Express - Testeur High-Tech,273000,58101558,1709
2026-03-02,UCeFfhz1vsSxxJY26VZHw19w,Selectos Tech,117000,31816623,597
2026-03-02,UClQPWod8Gjgw7i51t7PYibQ,Sélection Futée,2310,239991,384
2026-03-02,UCa8Leo9o5Nnb-Cc1sWfT2HQ,MobileAddict,300000,44209144,421
2026-03-02,UCdqC1GnhKs3aQw6j62uOvUw,Mister Perrier,57100,5082778,364
2026-03-02,UCflWJq4cTuofmM-0G-GMUNQ,conseilguide,19300,6761888,1288
2026-03-02,UCfLyhjpn3hzleNtgTGOQimA,Romain PIAUD,32400,7879828,598
2026-03-02,UCZO7iTy_uLmPbZiofPJpeXA,Pannacotech,160000,20453997,688
2026-03-02,UC_dzE9mydhQuQ0NwmXByDtA,André Martin,392000,56858340,1012
2026-03-02,UCaHolOYkfcTdC0vTFAywzXw,LoKan Sardari,88700,18648178,992
2026-03-02,UCeXhsPdO6bRK7ZycOeFdD8A,iTechNews,289000,2358773,80
2026-03-02,UCchpwieM3DswmDEnJ0MRq1A,Romain Lanéry,1050000,206494116,1707
2026-03-02,UCe7aMEBJH_sGJMCXWLCzeSA,TheFunTouch,1690,932633,170
2026-03-02,UCZEdNvDcHUPEE7CDRpXnO6w,Cyril | Ctrl Bu,6090,890031,165
2026-03-02,UCd1GYZ5K_Inb48Qa8n_xqNg,Alex Lecool Tech,21400,5851624,382
2026-03-02,UCZsEJw8rwd0RWAga5dulOpg,Bon Plan High Tech,13700,4599655,345
2026-03-02,UCbwE_k9zALnzZRvkoyDhuzw,Jojo Le Geek,166000,25452735,594
2026-03-02,UCdSAhfiaPLfsE8iu964Kd4w,Tech'Antik par Mickael Minarie,10800,1397598,515
2026-03-02,UCjwFGttUyDetFa7pCD1M8kg,NETWORKS TV,34100,3553292,297
2026-03-02,UChFaUrD7t1JQ0w7rObWhIRA,Millomaker,442000,55179006,86
2026-03-02,UCeUxAQ2j3OETAApTvBj5Scw,MoMo App,738000,46277723,916
2026-03-02,UCdSUuErbgIIfHCezyiXDCtQ,Guid0matic,14700,7189257,2905
2026-03-02,UCb6bgt9GlMWk-gKrLLfXFLw,Julien Hick,11100,3316574,364
2026-03-02,UCaysddji-z_Za5b6EMmcc3g,Bien Chez Soi,52800,2002586,820
2026-03-02,UClXUBKUsEdXpSl4mOr3Q3jw,Binbin Tech,14200,1640911,60
2026-03-02,UCkS6jlQ4RJTCdkzVCU2-FSQ,GeekEtc,22000,6440135,644
2026-03-02,UCjvFbW7sywyw7ylZ4PHXdAQ,Selectos Tests,6940,3560107,1002
2026-03-02,UCc7giV0qHsCNbhjV3_ZJ22w,Paul - Nakryum,107000,16880122,591
2026-03-02,UCdTrm2PZ7Wwa7xF-LbGP0dQ,Le Showroom de l'Image et du Son,15400,14861419,2817
2026-03-02,UCfc0cRoo8yYOzeuS89zpN-Q,Québec Test,303000,35126917,512
2026-03-02,UCgWvhceGENT-dKBlgodnomQ,Les perdus Du numérique,12500,4165044,2010
2026-03-02,UC_FckuJiPXwA_nOEIoTsRZg,Fabien captain virtuality,12900,1812434,183
2026-03-02,UCfQxUIhFxt59kj0hK53rZGg,"nakan.ch, sport et technologies",29500,5822383,417
2026-03-02,UCf-DN6QjyyEbhuMWCoXdXQQ,Phonandroid,144000,26546784,842
2026-03-02,UCf2ZTuey5uT8hN3ESe-ZCPQ,Eric V,4480,1486345,988
2026-03-02,UCcH06PR-5iRIMWZGo8z6gnA,Francois Mocq,5770,1182434,299
2026-03-02,UCfbwndxvM8tOtxN_GqU1R3Q,Lorenzo-high-tech,29500,4576889,974
2026-03-02,UCiR9chjo9kIFMsCXgspFxqg,Braindegeek,75200,48317096,809
2026-03-02,UCkQI4PEJfOY37DU_WLLzc5w,Dell Technologies France,2480,50755553,324
2026-03-02,UCtKz6bilv9wtzQpwIaI-soA,Ypsol,24300,990658,27
2026-03-02,UCrSCIeCW1YuEviVZPVhEfGQ,Dorian GM,30600,6220090,273
2026-03-02,UCqiGrF_OdWHHOs-eFe8O-ZA,Goli Tech,21,12904,493
2026-03-02,UCuJtgmGNF_PvicQkf88t-5g,ChristoTech,322000,33548621,1402
2026-03-02,UCpFq62uOig4n9jT3luIYUDQ,VZX,23000,9495755,149
2026-03-02,UCpSRz-eAoiSW5kaHpI_3LjA,JOLI TECH,22,20166,504
2026-03-02,UCqC_p9Kw9pnvLvzr701beSg,Olivier Schmitt,178000,15414959,285
2026-03-02,UCxpT79bmhxk50l8P50WG86w,Discoverdex,79100,24355256,480
2026-03-02,UCuDNiVxL-Zfw0CBVQ4oOr8w,DealSmart FR,227,35619,27
2026-03-02,UCrwtkeoBxPfhyde5eesmvyA,CieloTech,13100,15625891,223
2026-03-02,UCtPzJInyqqt__Tn0EaUlaAw,Science Gaming,422000,403222371,1328
2026-03-02,UCyeoo6CDdAyYGyUvHWF0gSA,Garmin France,15300,58170986,1284
2026-03-02,UCwsQtHFlS-LKVn8xJ3TaupQ,Monsieur Pixel,10500,1287288,227
2026-03-02,UCzICpbabqKwBTpb9XlWerjA,PassTech TV,681,127472,14
2026-03-02,UCySZIa8Y4e6aSVg4CISXAOA,Mathieu Dos Santos,25200,4227112,1142
2026-03-02,UCwIM26MmgFO-iujNojxZ2dQ,Maxence,4030,1764594,189
2026-03-02,UCwWgvJHw1mNRq_ry6VoPKEg,Yada,384000,43234135,538
2026-03-02,UCmUm6tw3Gz8dftSDy7Eep3A,Stéphane (Biggy Tech),34900,2974568,798
2026-03-02,UCz6PEeVLG1TL6jMRTvSLm4g,Matt Talks Tech,788000,111066146,1536
2026-03-02,UCnJAGhDDEPdvY2g4ipf9PMQ,Elliott Pierret,90500,5763956,171
2026-03-02,UCrAiXFptzDmgQA6gUCOz9RQ,Meta Perso,14700,1103299,50
2026-03-02,UCsyWQ6m4lbfir1Z3deNAIcw,Salut Les Noobs,83800,7678464,534
2026-03-02,UCu6HC8ahaPWqqfSvic7nWyQ,Nightech,142000,35787445,520
2026-03-02,UCoJ4gzwVvGNH5GNqiJoQAAA,Alex Reframe,131000,25067024,645
2026-03-02,UCpt_q94CBCYar_Gmkb9G_aA,Tenorshare 4DDiG Français,24500,7729538,264
2026-03-02,UCqHcg3sjPv2mcGqL1B60bew,"Dbc iPhone, iPad, MacBook",33600,24821801,477
2026-03-02,UCxej0ZiLbbeVrz3XQZjj-MA,Huawei Mobile France,27700,43716608,120
2026-03-02,UCuE3ei3NOnVjQUefjHUCF5Q,DiscoverID,378000,52116829,533
2026-03-02,UCpaI1FRY8EGK6mEAL7Wfr9w,Yosheez,131000,59332867,871
2026-03-02,UCrsiHZzr4IjuSjnvPy5rVUQ,Daddy Dtech,114000,12459308,406
2026-03-02,UCriIQI8uaoEro5FEnOpeidQ,Dr. Firas,32800,1325757,343
2026-03-02,UCwZsbPUXohCN867pQzioGLw,Nicolas Barbet,15600,5795988,356
2026-03-02,UCr7ZVUNJ9KyYD92xqfinGsQ,Jimtek,16700,1584165,141
2026-03-02,UCm3QK_QNta9Mue2Q70gtzVw,Android plus,2670,463571,445
2026-03-02,UCrGUPAX1w87ckAxUwu8JtOA,Team VRY,11500,6097435,421
2026-03-02,UCsKrhME6clyYbibb4nzvgMA,Leasi,6,3812,42
2026-03-02,UCssuk5-zaZn9vt0_HNj-Hug,VERBOZZ,474000,61079167,284
2026-03-02,UCxnikUCVJLsD4GTbujlnmlQ,Comparatif Mobile,202,31334,252
2026-03-02,UCqRSWOqkW_oelrdUN7KQ-aQ,Les Numériques,155000,64903623,3045
2026-03-02,UCrHCRJPuJJcINMMEETEYt4g,Le Petit Comparateur,16200,5789172,741
2026-03-02,UCtmEbUFh18ZmtObT78ix9Yw,Tech and Shoot,30700,6727527,1328
2026-03-02,UCo2fYdtvhyXW38WiLW_yg0Q,Charles Bolduc,1930,342427,172
2026-03-02,UCv8L8SztjsNYT4FpX8g5ATw,INFOMAX Paris,10400,7946377,350
2026-03-02,UCrs2S-Ilj6R6qhhXCiV5hsQ,Tech Live,18400,3188230,257
2026-03-02,UCs7Jg5KBsgiova4CrseuwIw,TheGrandTest,325000,46213476,1888
2026-03-02,UCt3bV9VvoCrXILlR1Z6kGmQ,Rémi Lou,137000,83017175,1202
2026-03-02,UCvTqrD4wJGkFBwr8v6dO-Wg,Miennu Core,404,192810,38
2026-03-02,UCz-hlzLKQ__1nKXarSedtQA,HardwareFRA,34000,7175631,763
2026-03-02,UCptwuAv0XQHo1OQUSaO6NHw,Max Tech,1260000,449913511,2080
2026-03-02,UCnnYqSNKKygemgmxC9PyLTw,Ludo Salenne,258000,16919869,426
2026-03-02,UCzxT0liRKM_xXnFYRZGiFHA,Acta - Swipe!,1150,268495,142
2026-03-03,UC69gruQfEHEQ4Qme0liJOdw,Ludo Tech,1810,818706,207
2026-03-03,UCBqYyDusSFntU7k2UnFGsBA,Giga Content,24900,5274112,834
2026-03-03,UC8oF5yOQVkc0CmTNcI_E-XQ,JEUX MOBILE,42100,10024505,14805
2026-03-03,UCB0ffaItcXwkgbVu8Hvq3Tw,QUENTIN,224000,43466131,1307
2026-03-03,UCAicNsMAZgbqPr_0QsnI1PA,Cobra.fr,6430,6965337,2155
2026-03-03,UCBOGe_x7aqQV4Ly5Rfa4iow,Les Tests de Cyril,31800,2667247,459
2026-03-03,UC7sFrgyGelEr6eny6_PsGXQ,Tom's Guide France,40100,45884851,488
2026-03-03,UCDBYphtxNDXGQe5eyHYZ6Fw,GUILLAUME,498000,66236985,888
2026-03-03,UC1N4EIilrmXhTEdu3h7tpPg,iPhone page,1050,190305,278
2026-03-03,UC-pdFydi9ooxEfATh3KoiIw,STEVEN,1100000,197158923,1509
2026-03-03,UCAz-755tH3m8_BwaluzdJwQ,Numerama,222000,107467947,2163
2026-03-03,UCDY3WI0HqdzNADtE6B-BmUw,MrG Tech,185000,28815874,585
2026-03-03,UCB32y6dm508Hap4_Mn-ZnHQ,Presse-citron,91500,25860868,1459
2026-03-03,UC3aPRnneybmQcbEK-X-Qptg,GLG reviews,401000,33103298,1688
2026-03-03,UC-yxsBT9aRPie3eJ0qh162g,Le Meilleur Choix,1820,942947,647
2026-03-03,UCC5xS4j2xUyGO2UfjFh5LsQ,Nooz,15400,2795892,625
2026-03-03,UC5HtcZa4-moyfy6NTY7GHwA,TECHNO 24,532,227931,565
2026-03-03,UCA25ZdZZF5XE6ihPE5pwfnw,Materiel.net,31900,12953600,577
2026-03-03,UC1WIj7YGywcVoRLS0zZu2RQ,TechDams,5410,1804655,22
2026-03-03,UC2XmvTlziz2LSXd_QKBwf8Q,Espritnewgen,72000,21861280,2957
2026-03-03,UC0AFqXyYs1z2Dxx5jtQBicQ,SkinnZer,44700,3629201,288
2026-03-03,UCAOjk3Po21_t7L1MDHQ4-Og,FNK Hardware,249000,43366797,1243
2026-03-03,UC5HF1ej87ZcaMNP4imSyy5w,neo77testeur,2670,888418,873
2026-03-03,UC6jfhJWEAfako0XlKnA2UGQ,Timena TechGeek,64300,11506726,1014
2026-03-03,UC-g0NspJGvPdg_x7XIBNkNg,The Viewing Angle en Français,341,74196,23
2026-03-03,UC6-5YoHiovbcJyXhGtVpw3Q,La Revue GEEK,31100,3004102,399
2026-03-03,UC69qClfvKeB9WeyySg5iQrQ,Yohann Studio,4330,2312001,323
2026-03-03,UC0V8fUv0DB5Tq7uHdG7ixyw,W38,140000,61588473,1920
2026-03-03,UC1wV5Kf18gVbL3bWH-tWKDw,Cmonavis 🇫🇷,62700,12622286,660
2026-03-03,UC-2f97m_1UGWDogGudJcVJg,OtaXou,29500,3523620,373
2026-03-03,UC4q3HKdMqzll3SvA2Lf7oAg,Thomas in Tech,73700,21574543,967
2026-03-03,UCCM6zpvTcgXeNqLmQ9swugQ,Selectos Lifestyle,13000,4544746,196
2026-03-03,UC1ndVn8sa4oTbW09P5ICOog,amazing mac TV,66100,18582625,1433
2026-03-03,UC0xLruy2ZFFpxR6ODgnhJXA,GadgetRevNow,161000,87668909,1219
2026-03-03,UC3-dl8nKItitMxM9DNTDAfQ,Kang et ses PC,109000,29319312,147
2026-03-03,UC44qdJgVvPEaEaojOUZpp9A,Benjamin Code Plus,19500,685168,33
2026-03-03,UC66ysWRFWfg-V5RhnQN4wFg,Gadget Evolution,72700,8877422,84
2026-03-03,UC70eSjnRIGvRLCzT6K0SQSg,Device FR,2050,748113,944
2026-03-03,UC1F5QJFXcu1evMkYyXRGoaw,LoKan Sardari - Studio,12300,1508926,676
2026-03-03,UCA_DfRJwb5U0S4UiiH3BtUg,Jérémy Dufour,78200,15000863,1011
2026-03-03,UC7rdUip5Q8R7Ki1haNbdwwg,SoloTech,254000,35306840,634
2026-03-03,UC7XxmEXw7wXgh259vYCSjkQ,Cmonavis 2 🇫🇷,10300,1296112,211
2026-03-03,UC65OszX3C9oYfNLU5AWjwYg,Aaron,3000,305631,32
2026-03-03,UC0Cgi1uK0MWB5V_VtKkvi8g,La Geek News,3830,767609,165
2026-03-03,UCCUlTcDhcn72O8TiNfFJWWA,GLG video (JT Geek),70700,20299767,3361
2026-03-03,UC6joDErOGcFJC1vHNSfsYQg,01net,137000,48809408,1843
2026-03-03,UC9faHFOrNIFxMXrpykPHOnA,FRED,121000,28789661,1359
2026-03-03,UC4vD_Spv_zjcmyfHpnAwBNA,Ixar.,15800,2514835,189
2026-03-03,UC2lMzO7HzJ_jamFT762vfwA,Jon Rettinger en Français,351,66497,39
2026-03-03,UC2HXhqg87yIWz152Ig9vkaQ,Tout Techno,32500,7239048,252
2026-03-03,UCFdQm01R6HPdMw4oa6a0Ihw,Qasim,38800,17344559,206
2026-03-03,UCIorGsaWVmlkpNsngTQPDAg,Clubic,31900,10247477,1451
2026-03-03,UCM1KoDGFjzp5GrmR5jflyvA,Sanakh version Tech,10500,4051115,627
2026-03-03,UCMc7IaTDRDtxftK9v0aXVqA,Yada 2.0,112000,16826577,207
2026-03-03,UCOyUCj6Wx9skJggzZFUDZyA,Unlock Talk,20800,2515085,380
2026-03-03,UCHgZ3SrY7FhB0KjFki50fEQ,Gabinks,1170,331970,158
2026-03-03,UCNiauGTV7XhkOpUAIXod4xA,Léo Duff,813000,64521999,320
2026-03-03,UCHGvOgxAA_MFOH1yyhjcR-Q,ArtBen,327000,38311775,267
2026-03-03,UCEcHp8t8tuw8Myeu544tsPQ,Pile et Face,197000,13067614,282
2026-03-03,UCHJb6-VCrzQqVQASN23OskQ,Jigfio Ti Super,19300,982755,71
2026-03-03,UCJLKCYMkCbOW9wzmeUj8dwQ,MEHDI’N TECH,59700,3264542,136
2026-03-03,UCGMxP4yf3ixAAEKQc3d76gw,Arnaud,6600,1888865,155
2026-03-03,UCOm_kuKVb4ImX_DHpIgX_zg,Skinn's Tech Deals,1990,79689,20
2026-03-03,UCKkFotHwcyYF1cn8sFcKvqw,MacGeneration,4970,4717057,593
2026-03-03,UCN6zUULSoitsLJB03jh_I0A,Le Futurologue,31400,3085688,317
2026-03-03,UCOCoKBUmALR6d7UW_s5zgrA,Arnaud C.,107000,7018715,323
2026-03-03,UCDfGCQqgOKPYeiaG3I4vl4w,Marty,110000,22725691,889
2026-03-03,UCLOAPb7ATQUs_nDs9ViLcMw,Benjamin Code,156000,13967681,384
2026-03-03,UCL3y_psKbrdZ5FZo3dvVeEQ,Pafito,15600,8510738,96
2026-03-03,UCOtM8pxxBIfwqu6e8mHgUEQ,TheiMika,12800,3594309,121
2026-03-03,UCIaNSaws_Wv_eoUAmDbUK-Q,MT High Tech Deal's,2830,246730,71
2026-03-03,UCNzUonmxxvG-HIqOC3S7Thw,VAC - Vulgarisateur Apple et compagnie,80500,1570454,233
2026-03-03,UCIu36vEY96BCwfYvz5ccucg,LDLC.com,27900,7213097,365
2026-03-03,UCMWWgqykXE5exHk60TCZ-bw,Yukio_Clyks,27500,7515663,435
2026-03-03,UCJ4p_F-vCnEn5V5OtFN8Q3w,FrenchMakito,32700,3614906,100
2026-03-03,UCIxLxlan8q9WA7sjuq6LdTQ,Hayls World,2610000,343098486,504
2026-03-03,UCDvCJx3pU8N-23ilB6tNMlg,mister gadget,4350,1635287,733
2026-03-03,UCOgE2LMuSZ_DYNhZZnuW6MQ,UX Tech,7020,3185685,518
2026-03-03,UCNOUTy_TWRJzAaSfIGserkg,Nowtech Replay (Le Mug Nowtech),5410,820805,517
2026-03-03,UCH6ppHEvV3_WIXEwmhv9HEg,Deus Ex Silicium,409000,28092464,140
2026-03-03,UCJ3MlRSjtv2sT-rIDsFg0fw,Sam_VNR,5570,464196,72
2026-03-03,UCJy0lX8ThZ7lCtst7JnegWQ,Jojol,2700000,613904375,2131
2026-03-03,UCMwkAK-lhEeLld9xLiyKLMg,Captain Grochat,24800,2532774,108
2026-03-03,UCJPa4sr9B_mLjShfHhWi8yg,TECnaiche,13600,4726941,403
2026-03-03,UCOaX4zvPzmv0eBbUWOOOB_A,TopAchat,102000,19455118,707
2026-03-03,UCGjKSSIpN7aYQluu04kPrsA,Brandon Le Proktor,308000,45264224,408
2026-03-03,UCMWAxO0xGJxELkiX5_pEJNA,Pannacophone - Smartphone & Tech,91400,11641359,137
2026-03-03,UCO14QTmfRbe9j9PTJsAhtLQ,PΔX,89400,12985372,505
2026-03-03,UCEPqgSzHj7vlJj5pGX9dDdA,Gilo & Alex,2330,133161,40
2026-03-03,UCHRVeW3Z0ttSFk6xIfGW4lA,Nicorama,159000,14072134,288
2026-03-03,UCKAzZCVzqkdvxX6VLTwyVMQ,BoilingBrains,40200,3033235,142
2026-03-03,UCIeYcIN0ii8_golPaIfNUiA,HardReset_info French,20800,9485610,28232
2026-03-03,UCM6kUx3GI7lTQlqMBiumaEg,technofou,43300,1928161,91
2026-03-03,UCFrfK9IFqO15S7C52DdnSog,GIGATOP,44700,15665790,1107
2026-03-03,UCGkFwY0mGku1M9_6M_NQ7Ig,Kylian Le Bris,5120,2388414,83
2026-03-03,UCE4qu22kCO225a91eERbxvA,Vivo Tech,16,9718,469
2026-03-03,UCKsQUxeg-HulymY9wrki90A,Tout Pour Chez Vous,1560,981804,763
2026-03-03,UCFWds3GTyhvWpSF308RC1Eg,PcComponentesFR,660,258907,129
2026-03-03,UCNSSQc3Omi1tlJrOlQi4hPQ,Ogu,13400,3629221,269
2026-03-03,UCNWE4ouC-BxzJ-Lomuuqb1Q,Isma(ël),4520,314639,45
2026-03-03,UCTE6xlfjGhlJ3pLVsg85-AQ,Amazon Promo Tech,1340,79440,517
2026-03-03,UCR-4Ge4NbqILG5HTTvs_nFQ,Lysandre_lbd,12300,5506749,328
2026-03-03,UCUbwQOAmLdZ9zPOOPFt25zQ,YanNick TECH,68600,17837082,1349
2026-03-03,UCQigF3tZJJlt6o1_tkYKkNQ,KAPPA Studio,234000,59568670,128
2026-03-03,UCURjynFkZicGPbIIaWO9vmQ,Benji TV,61000,14597111,251
2026-03-03,UCQwe6dSfilWUgNbgQ3NCQNg,C mon point de vue,3580,912445,62
2026-03-03,UCYmw-Y8TnRzO4COTBKEgUGg,Les Dénicheurs,20900,6029001,3022
2026-03-03,UCTmHRe6W96WgYlUNxcokpVQ,Fitfitzone,1290,190746,18
2026-03-03,UCRhyS_ylPQ5GWBl1lK92ftA,Léo - TechMaker,2240000,389776138,1549
2026-03-03,UCTG26Ngiphy9TCOejxGfShQ,R-Tech,141,105725,61
2026-03-03,UCPQsSFJurluaMOG1qL0Y7sA,PP World,449000,78317651,1044
2026-03-03,UCWzO_6sTx_tzEi0pU_3L5dA,Kizuna Horizon,187,68545,11
2026-03-03,UCTOAKgwfqqCbOytF3RNGGVw,Monsieur GRrr,725000,148194609,1997
2026-03-03,UCUltPy138RvnbWX_FuUHtDA,MT High-Tech,22200,2942108,320
2026-03-03,UCX4A8obrGg1iX37R-fyBJ6w,Monde Tech,745,154582,152
2026-03-03,UCZ5qxuvquQABNtjcawNMowA,DaddyFamtech,129000,13831939,1441
2026-03-03,UCT9QoBXRO1_z1f-Ud97RxPg,Norizon,335,27654,21
2026-03-03,UCUT9pQQGw4ZEpv5hqrv-bZw,TonyTech,96100,11922229,784
2026-03-03,UCQSA6pCffm7epqxFqouL0Xg,Mathis et Gauthier,194000,33731478,443
2026-03-03,UCVrceZhsV6TRyVh3VhBFaKA,MOBICLICK,2430,1453676,216
2026-03-03,UCU6x15riA02fMewmDnUEgDg,Tonton ZicC,952,103243,75
2026-03-03,UCYWJ5aXwE7vyN-qtDT3uR4w,Top For Phone,148000,47136459,1643
2026-03-03,UCTKa4DGeCFeThot6rcRqNow,TechnoïdFR,21900,5488710,1729
2026-03-03,UCSPoCan8_9ELmqEVS2hUHPA,iVax,120000,21075515,490
2026-03-03,UCSGjkErS7A6LPBjESg56p7g,Tech Shorts,31900,11905948,201
2026-03-03,UCPP-NkzSqMJ9ywhJkcgrpAw,Tech_Sama,214000,29497619,760
2026-03-03,UCSzGYcW97w-gPWrL1KvScsA,Chris Tec,1390,372608,119
2026-03-03,UCSGT2_DuhiJ1uV9dpRbXxug,Kulture ChroniK,168000,26550571,866
2026-03-03,UCU8_onYYhNxwGUB3hA34C4Q,FrenchHardware,846000,171167362,945
2026-03-03,UCVwG9JHqGLfEO-4TkF-lf2g,Nowtech,442000,73880673,911
2026-03-03,UCQsb5TqYUeGWGpJFr8DMWsQ,ANONIMAL,613000,71364188,298
2026-03-03,UCYnvxJ-PKiGXo_tYXpWAC-w,Micode,1850000,123230641,85
2026-03-03,UCTER7XOnDvSRbI2YxikLaVw,RTBF iXPé,263000,93647380,2507
2026-03-03,UCUaHJ0fTA-1theR8A8Polmw,BFM Tech,574000,232732866,8383
2026-03-03,UCQZa27_VXLUowoMsYo6Y0Dw,bazze tv,23500,3322248,275
2026-03-03,UCUe6P-HODI-F06tGQke8nzA,Planet des Deals,50,15649,147
2026-03-03,UCU_a5aoj_HzTMohx0JG_Z4A,GUILLAUME++,101000,9814883,305
2026-03-03,UCRI5foOTNz6DuVz3SVQ1cMA,Tao Gassin,15700,1190536,54
2026-03-03,UCUclUivgBePqnqDGQ3Jzu2Q,TOUKIWANTI,136000,23139393,858
2026-03-03,UCPLnJmNrlcQzyi8QAP_dhJA,Dariusz Tech,128000,122713162,844
2026-03-03,UCWZwYtcRjO4cO-RiZqM-W0w,Blog Montre cardio GPS,59700,16752887,568
2026-03-03,UCQvNFAufGf8mtN2_L8thysg,Journal du Geek,67100,31860008,2527
2026-03-03,UCP5-zNhWXk_LUPIJpxtrTnQ,Cowcotland,52600,23574150,4271
2026-03-03,UCUD3E77YRTGK3yPSDB6Kq5Q,Monsport06,193000,13244370,511
2026-03-03,UCWedHS9qKebauVIK2J7383g,Underscore_,922000,115616970,201
2026-03-03,UCR3uoYsbRO_S0wg2DaSlb8g,Wondershare Français,100000,16173374,1296
2026-03-03,UCXJ_vW2t0W5hY9hS8ePnpzw,Back Market France,22000,161556503,205
2026-03-03,UCUanZckNyJODHBdqtMzYMpA,ORLM.tv / On refait le Mac,54900,13549220,1498
2026-03-03,UCYU8ljh_pDcwqDMWZoJWqwA,RABBIN DES BOIS,360000,20236910,149
2026-03-03,UCSYFVeBI66YqDhGrYKxiCUQ,Georges,2600,192728,47
2026-03-03,UCfQxUIhFxt59kj0hK53rZGg,"nakan.ch, sport et technologies",29500,5824660,418
2026-03-03,UCcH06PR-5iRIMWZGo8z6gnA,Francois Mocq,5770,1182626,299
2026-03-03,UCeUxAQ2j3OETAApTvBj5Scw,MoMo App,738000,46297255,916
2026-03-03,UClXUBKUsEdXpSl4mOr3Q3jw,Binbin Tech,14200,1642543,60
2026-03-03,UCbqjtNeW9vbz6_gwOW5PybQ,KYIO,11700,5423135,412
2026-03-03,UCaybrunQi8xWgPMgv1AYBHw,TheiCollection,1000000,220072568,1290
2026-03-03,UCZsEJw8rwd0RWAga5dulOpg,Bon Plan High Tech,13700,4601104,345
2026-03-03,UCb6bgt9GlMWk-gKrLLfXFLw,Julien Hick,11100,3317861,364
2026-03-03,UCkQI4PEJfOY37DU_WLLzc5w,Dell Technologies France,2480,50755607,324
2026-03-03,UCgoxc-VKU0cw9BcM9z_qokg,Frandroid,597000,202793216,2818
2026-03-03,UCdTrm2PZ7Wwa7xF-LbGP0dQ,Le Showroom de l'Image et du Son,15400,14862749,2817
2026-03-03,UCe7aMEBJH_sGJMCXWLCzeSA,TheFunTouch,1690,932634,170
2026-03-03,UCd1GYZ5K_Inb48Qa8n_xqNg,Alex Lecool Tech,21400,5852860,382
2026-03-03,UCfc0cRoo8yYOzeuS89zpN-Q,Québec Test,303000,35142038,512
2026-03-03,UCgWvhceGENT-dKBlgodnomQ,Les perdus Du numérique,12500,4166463,2010
2026-03-03,UCfwLCsZhix155PAoFTBb-oQ,Mac4Ever,161000,53938297,1997
2026-03-03,UCe7R7Pt-bxNT7EE83NLsmFQ,Avis Express - Testeur High-Tech,273000,58203861,1710
2026-03-03,UCZEdNvDcHUPEE7CDRpXnO6w,Cyril | Ctrl Bu,6100,891553,167
2026-03-03,UClnRNkdVq24iwIbc1O-hjlw,Yensing,21200,1317233,21
2026-03-03,UCaysddji-z_Za5b6EMmcc3g,Bien Chez Soi,52800,2010639,823
2026-03-03,UCiR9chjo9kIFMsCXgspFxqg,Braindegeek,75200,48334088,809
2026-03-03,UC_FckuJiPXwA_nOEIoTsRZg,Fabien captain virtuality,12900,1812931,183
2026-03-03,UCf-DN6QjyyEbhuMWCoXdXQQ,Phonandroid,144000,26549992,849
2026-03-03,UCdSUuErbgIIfHCezyiXDCtQ,Guid0matic,14700,7191290,2909
2026-03-03,UChSBt06I1fa5FlDjbB0fChg,BenBraTeK,9640,1579810,61
2026-03-03,UCflWJq4cTuofmM-0G-GMUNQ,conseilguide,19300,6764341,1288
2026-03-03,UC_dzE9mydhQuQ0NwmXByDtA,André Martin,392000,56897156,1013
2026-03-03,UCZO7iTy_uLmPbZiofPJpeXA,Pannacotech,160000,20461243,688
2026-03-03,UCb0sWM7tMRaEgn_hpptqnxA,Mon iPad & Moi,795,43439,29
2026-03-03,UCid32aFGCWd9zITfN44ycWA,Son-Vidéo.com,70000,16534851,1051
2026-03-03,UCkS6jlQ4RJTCdkzVCU2-FSQ,GeekEtc,22000,6445635,645
2026-03-03,UCdqC1GnhKs3aQw6j62uOvUw,Mister Perrier,57100,5082979,364
2026-03-03,UClQPWod8Gjgw7i51t7PYibQ,Sélection Futée,2310,241349,384
2026-03-03,UCjwFGttUyDetFa7pCD1M8kg,NETWORKS TV,34200,3556994,297
2026-03-03,UCf2ZTuey5uT8hN3ESe-ZCPQ,Eric V,4480,1486434,988
2026-03-03,UCfLyhjpn3hzleNtgTGOQimA,Romain PIAUD,32400,7888512,598
2026-03-03,UCdSAhfiaPLfsE8iu964Kd4w,Tech'Antik par Mickael Minarie,10800,1398201,515
2026-03-03,UCaHolOYkfcTdC0vTFAywzXw,LoKan Sardari,88700,18673050,992
2026-03-03,UCa8Leo9o5Nnb-Cc1sWfT2HQ,MobileAddict,300000,44212742,421
2026-03-03,UCeFfhz1vsSxxJY26VZHw19w,Selectos Tech,117000,31818343,597
2026-03-03,UCjvFbW7sywyw7ylZ4PHXdAQ,Selectos Tests,6940,3563263,1002
2026-03-03,UCgjhIdz3Uw9r-eMyML9M8FA,PIKATE,13100,1303091,125
2026-03-03,UCagQpz-WZtgbSp8Ry0XQ4Yw,Victor,3290,234764,58
2026-03-03,UChFaUrD7t1JQ0w7rObWhIRA,Millomaker,442000,55219422,86
2026-03-03,UCbwE_k9zALnzZRvkoyDhuzw,Jojo Le Geek,166000,25459155,594
2026-03-03,UCc7giV0qHsCNbhjV3_ZJ22w,Paul - Nakryum,107000,16890178,591
2026-03-03,UCfkiE_eKqeVWE0XhMNBMFdA,InfiniT,193,53412,163
2026-03-03,UCchpwieM3DswmDEnJ0MRq1A,Romain Lanéry,1050000,206512434,1708
2026-03-03,UCfbwndxvM8tOtxN_GqU1R3Q,Lorenzo-high-tech,29600,4580804,975
2026-03-03,UCeXhsPdO6bRK7ZycOeFdD8A,iTechNews,289000,2378791,80
2026-03-03,UCzICpbabqKwBTpb9XlWerjA,PassTech TV,681,127483,14
2026-03-03,UCqHcg3sjPv2mcGqL1B60bew,"Dbc iPhone, iPad, MacBook",33700,24872350,478
2026-03-03,UCpFq62uOig4n9jT3luIYUDQ,VZX,23000,9496660,149
2026-03-03,UCqC_p9Kw9pnvLvzr701beSg,Olivier Schmitt,178000,15416177,285
2026-03-03,UCtKz6bilv9wtzQpwIaI-soA,Ypsol,24300,991490,27
2026-03-03,UCyeoo6CDdAyYGyUvHWF0gSA,Garmin France,15300,58509444,1284
2026-03-03,UCuDNiVxL-Zfw0CBVQ4oOr8w,DealSmart FR,227,35686,27
2026-03-03,UCrHCRJPuJJcINMMEETEYt4g,Le Petit Comparateur,16200,5792026,743
2026-03-03,UCxej0ZiLbbeVrz3XQZjj-MA,Huawei Mobile France,27700,43716652,120
2026-03-03,UCpaI1FRY8EGK6mEAL7Wfr9w,Yosheez,131000,59359225,871
2026-03-03,UCpt_q94CBCYar_Gmkb9G_aA,Tenorshare 4DDiG Français,24500,7732807,265
2026-03-03,UCsKrhME6clyYbibb4nzvgMA,Leasi,6,3814,42
2026-03-03,UCxnikUCVJLsD4GTbujlnmlQ,Comparatif Mobile,203,31428,252
2026-03-03,UCySZIa8Y4e6aSVg4CISXAOA,Mathieu Dos Santos,25200,4230159,1143
2026-03-03,UCuE3ei3NOnVjQUefjHUCF5Q,DiscoverID,378000,52121004,533
2026-03-03,UCnnYqSNKKygemgmxC9PyLTw,Ludo Salenne,258000,16923695,426
2026-03-03,UCs7Jg5KBsgiova4CrseuwIw,TheGrandTest,325000,46259754,1889
2026-03-03,UCwWgvJHw1mNRq_ry6VoPKEg,Yada,384000,43244456,538
2026-03-03,UCrsiHZzr4IjuSjnvPy5rVUQ,Daddy Dtech,114000,12459749,406
2026-03-03,UCz-hlzLKQ__1nKXarSedtQA,HardwareFRA,34000,7180560,764
2026-03-03,UCrAiXFptzDmgQA6gUCOz9RQ,Meta Perso,14700,1103614,51
2026-03-03,UCtPzJInyqqt__Tn0EaUlaAw,Science Gaming,422000,403565753,1331
2026-03-03,UCm3QK_QNta9Mue2Q70gtzVw,Android plus,2670,463995,445
2026-03-03,UCnJAGhDDEPdvY2g4ipf9PMQ,Elliott Pierret,90700,5776127,171
2026-03-03,UCt3bV9VvoCrXILlR1Z6kGmQ,Rémi Lou,137000,83056644,1204
2026-03-03,UCr7ZVUNJ9KyYD92xqfinGsQ,Jimtek,16700,1588077,141
2026-03-03,UCptwuAv0XQHo1OQUSaO6NHw,Max Tech,1260000,449971233,2081
2026-03-03,UCz6PEeVLG1TL6jMRTvSLm4g,Matt Talks Tech,788000,111217822,1538
2026-03-03,UCxpT79bmhxk50l8P50WG86w,Discoverdex,79100,24364092,480
2026-03-03,UCv8L8SztjsNYT4FpX8g5ATw,INFOMAX Paris,10400,7980526,351
2026-03-03,UCqiGrF_OdWHHOs-eFe8O-ZA,Goli Tech,21,12953,493
2026-03-03,UCwZsbPUXohCN867pQzioGLw,Nicolas Barbet,15600,5798537,357
2026-03-03,UCuJtgmGNF_PvicQkf88t-5g,ChristoTech,322000,33556808,1402
2026-03-03,UCssuk5-zaZn9vt0_HNj-Hug,VERBOZZ,474000,61094862,284
2026-03-03,UCpSRz-eAoiSW5kaHpI_3LjA,JOLI TECH,22,20334,504
2026-03-03,UCtmEbUFh18ZmtObT78ix9Yw,Tech and Shoot,30700,6730719,1328
2026-03-03,UCo2fYdtvhyXW38WiLW_yg0Q,Charles Bolduc,1930,342566,172
2026-03-03,UCrSCIeCW1YuEviVZPVhEfGQ,Dorian GM,30600,6226932,273
2026-03-03,UCrGUPAX1w87ckAxUwu8JtOA,Team VRY,11500,6101247,421
2026-03-03,UCwIM26MmgFO-iujNojxZ2dQ,Maxence,4090,1780343,190
2026-03-03,UCrwtkeoBxPfhyde5eesmvyA,CieloTech,13100,15667306,223
2026-03-03,UCrs2S-Ilj6R6qhhXCiV5hsQ,Tech Live,18400,3189084,257
2026-03-03,UCvTqrD4wJGkFBwr8v6dO-Wg,Miennu Core,406,192957,38
2026-03-03,UCsyWQ6m4lbfir1Z3deNAIcw,Salut Les Noobs,83900,7689455,535
2026-03-03,UCoJ4gzwVvGNH5GNqiJoQAAA,Alex Reframe,131000,25068399,645
2026-03-03,UCqRSWOqkW_oelrdUN7KQ-aQ,Les Numériques,155000,64916731,3048
2026-03-03,UCwsQtHFlS-LKVn8xJ3TaupQ,Monsieur Pixel,10500,1290018,227
2026-03-03,UCriIQI8uaoEro5FEnOpeidQ,Dr. Firas,32900,1328661,343
2026-03-03,UCmUm6tw3Gz8dftSDy7Eep3A,Stéphane (Biggy Tech),35000,2975270,799
2026-03-03,UCu6HC8ahaPWqqfSvic7nWyQ,Nightech,142000,35824415,520
2026-03-03,UCzxT0liRKM_xXnFYRZGiFHA,Acta - Swipe!,1160,269496,142
2026-03-04,UC44qdJgVvPEaEaojOUZpp9A,Benjamin Code Plus,19600,686103,33
2026-03-04,UC1WIj7YGywcVoRLS0zZu2RQ,TechDams,5410,1806063,22
2026-03-04,UC2HXhqg87yIWz152Ig9vkaQ,Tout Techno,32500,7245358,253
2026-03-04,UC2lMzO7HzJ_jamFT762vfwA,Jon Rettinger en Français,352,66580,40
2026-03-04,UC8oF5yOQVkc0CmTNcI_E-XQ,JEUX MOBILE,42200,10039702,14806
2026-03-04,UC7rdUip5Q8R7Ki1haNbdwwg,SoloTech,254000,35309144,635
2026-03-04,UC-g0NspJGvPdg_x7XIBNkNg,The Viewing Angle en Français,341,74598,23
2026-03-04,UC65OszX3C9oYfNLU5AWjwYg,Aaron,3000,305964,32
2026-03-04,UCDBYphtxNDXGQe5eyHYZ6Fw,GUILLAUME,498000,66255747,888
2026-03-04,UC6jfhJWEAfako0XlKnA2UGQ,Timena TechGeek,64300,11508761,1014
2026-03-04,UC1N4EIilrmXhTEdu3h7tpPg,iPhone page,1050,190480,278
2026-03-04,UC4q3HKdMqzll3SvA2Lf7oAg,Thomas in Tech,73700,21585058,967
2026-03-04,UC6joDErOGcFJC1vHNSfsYQg,01net,137000,48847174,1849
2026-03-04,UC-yxsBT9aRPie3eJ0qh162g,Le Meilleur Choix,1820,944128,648
2026-03-04,UC5HtcZa4-moyfy6NTY7GHwA,TECHNO 24,532,228192,567
2026-03-04,UC9faHFOrNIFxMXrpykPHOnA,FRED,121000,28806688,1358
2026-03-04,UC0xLruy2ZFFpxR6ODgnhJXA,GadgetRevNow,161000,87898735,1220
2026-03-04,UC3aPRnneybmQcbEK-X-Qptg,GLG reviews,403000,33110514,1688
2026-03-04,UC-pdFydi9ooxEfATh3KoiIw,STEVEN,1100000,197181817,1509
2026-03-04,UCBOGe_x7aqQV4Ly5Rfa4iow,Les Tests de Cyril,31900,2669689,460
2026-03-04,UCDY3WI0HqdzNADtE6B-BmUw,MrG Tech,185000,28817682,585
2026-03-04,UCAicNsMAZgbqPr_0QsnI1PA,Cobra.fr,6430,6966011,2156
2026-03-04,UC7sFrgyGelEr6eny6_PsGXQ,Tom's Guide France,40100,45885375,488
2026-03-04,UC4vD_Spv_zjcmyfHpnAwBNA,Ixar.,15800,2516748,189
2026-03-04,UC0Cgi1uK0MWB5V_VtKkvi8g,La Geek News,3840,768362,165
2026-03-04,UC2XmvTlziz2LSXd_QKBwf8Q,Espritnewgen,72000,21864761,2960
2026-03-04,UC70eSjnRIGvRLCzT6K0SQSg,Device FR,2050,749974,947
2026-03-04,UC69qClfvKeB9WeyySg5iQrQ,Yohann Studio,4340,2312592,323
2026-03-04,UCAz-755tH3m8_BwaluzdJwQ,Numerama,222000,107569629,2167
2026-03-04,UCCUlTcDhcn72O8TiNfFJWWA,GLG video (JT Geek),70700,20300399,3361
2026-03-04,UC1wV5Kf18gVbL3bWH-tWKDw,Cmonavis 🇫🇷,62700,12627293,661
2026-03-04,UCCM6zpvTcgXeNqLmQ9swugQ,Selectos Lifestyle,13000,4545828,196
2026-03-04,UCB32y6dm508Hap4_Mn-ZnHQ,Presse-citron,91600,25946954,1466
2026-03-04,UCAOjk3Po21_t7L1MDHQ4-Og,FNK Hardware,249000,43371710,1243
2026-03-04,UC0AFqXyYs1z2Dxx5jtQBicQ,SkinnZer,44700,3630884,289
2026-03-04,UC66ysWRFWfg-V5RhnQN4wFg,Gadget Evolution,73000,8928390,84
2026-03-04,UC0V8fUv0DB5Tq7uHdG7ixyw,W38,140000,61588719,1920
2026-03-04,UC-2f97m_1UGWDogGudJcVJg,OtaXou,29500,3526388,373
2026-03-04,UCBqYyDusSFntU7k2UnFGsBA,Giga Content,24900,5283160,835
2026-03-04,UC7XxmEXw7wXgh259vYCSjkQ,Cmonavis 2 🇫🇷,10300,1299598,211
2026-03-04,UC1ndVn8sa4oTbW09P5ICOog,amazing mac TV,66100,18588278,1434
2026-03-04,UC3-dl8nKItitMxM9DNTDAfQ,Kang et ses PC,109000,29427697,147
2026-03-04,UC1F5QJFXcu1evMkYyXRGoaw,LoKan Sardari - Studio,12300,1509570,676
2026-03-04,UCA25ZdZZF5XE6ihPE5pwfnw,Materiel.net,31900,12957133,577
2026-03-04,UCA_DfRJwb5U0S4UiiH3BtUg,Jérémy Dufour,78200,15019995,1015
2026-03-04,UC6-5YoHiovbcJyXhGtVpw3Q,La Revue GEEK,31100,3006661,399
2026-03-04,UC5HF1ej87ZcaMNP4imSyy5w,neo77testeur,2670,888553,874
2026-03-04,UCC5xS4j2xUyGO2UfjFh5LsQ,Nooz,15400,2800630,625
2026-03-04,UC69gruQfEHEQ4Qme0liJOdw,Ludo Tech,1820,819998,208
2026-03-04,UCB0ffaItcXwkgbVu8Hvq3Tw,QUENTIN,224000,43468904,1307
2026-03-04,UCJ3MlRSjtv2sT-rIDsFg0fw,Sam_VNR,5640,469378,72
2026-03-04,UCMWWgqykXE5exHk60TCZ-bw,Yukio_Clyks,27500,7519028,436
2026-03-04,UCO14QTmfRbe9j9PTJsAhtLQ,PΔX,89400,12995396,505
2026-03-04,UCMWAxO0xGJxELkiX5_pEJNA,Pannacophone - Smartphone & Tech,91400,11647521,137
2026-03-04,UCE4qu22kCO225a91eERbxvA,Vivo Tech,16,9789,469
2026-03-04,UCJLKCYMkCbOW9wzmeUj8dwQ,MEHDI’N TECH,59700,3265590,136
2026-03-04,UCOm_kuKVb4ImX_DHpIgX_zg,Skinn's Tech Deals,1990,79817,20
2026-03-04,UCJPa4sr9B_mLjShfHhWi8yg,TECnaiche,13600,4730216,403
2026-03-04,UCMc7IaTDRDtxftK9v0aXVqA,Yada 2.0,112000,16834041,207
2026-03-04,UCOyUCj6Wx9skJggzZFUDZyA,Unlock Talk,20800,2517394,382
2026-03-04,UCKAzZCVzqkdvxX6VLTwyVMQ,BoilingBrains,40200,3033676,142
2026-03-04,UCNiauGTV7XhkOpUAIXod4xA,Léo Duff,813000,64537815,320
2026-03-04,UCIaNSaws_Wv_eoUAmDbUK-Q,MT High Tech Deal's,2830,246743,71
2026-03-04,UCHRVeW3Z0ttSFk6xIfGW4lA,Nicorama,159000,14081555,288
2026-03-04,UCIu36vEY96BCwfYvz5ccucg,LDLC.com,27900,7213238,365
2026-03-04,UCGMxP4yf3ixAAEKQc3d76gw,Arnaud,6620,1895035,157
2026-03-04,UCIxLxlan8q9WA7sjuq6LdTQ,Hayls World,2610000,343300147,504
2026-03-04,UCM6kUx3GI7lTQlqMBiumaEg,technofou,43300,1928415,91
2026-03-04,UCN6zUULSoitsLJB03jh_I0A,Le Futurologue,31400,3091361,317
2026-03-04,UCOaX4zvPzmv0eBbUWOOOB_A,TopAchat,102000,19487073,708
2026-03-04,UCLOAPb7ATQUs_nDs9ViLcMw,Benjamin Code,156000,13970463,384
2026-03-04,UCFdQm01R6HPdMw4oa6a0Ihw,Qasim,38800,17350503,206
2026-03-04,UCGkFwY0mGku1M9_6M_NQ7Ig,Kylian Le Bris,5320,2451772,84
2026-03-04,UCHJb6-VCrzQqVQASN23OskQ,Jigfio Ti Super,19300,983603,71
2026-03-04,UCFWds3GTyhvWpSF308RC1Eg,PcComponentesFR,661,260471,129
2026-03-04,UCMwkAK-lhEeLld9xLiyKLMg,Captain Grochat,24800,2539438,108
2026-03-04,UCGjKSSIpN7aYQluu04kPrsA,Brandon Le Proktor,308000,45277576,408
2026-03-04,UCM1KoDGFjzp5GrmR5jflyvA,Sanakh version Tech,10600,4078814,629
2026-03-04,UCOgE2LMuSZ_DYNhZZnuW6MQ,UX Tech,7030,3186069,518
2026-03-04,UCFrfK9IFqO15S7C52DdnSog,GIGATOP,44800,15679587,1108
2026-03-04,UCNWE4ouC-BxzJ-Lomuuqb1Q,Isma(ël),4520,315013,45
2026-03-04,UCNzUonmxxvG-HIqOC3S7Thw,VAC - Vulgarisateur Apple et compagnie,80800,1575937,235
2026-03-04,UCIorGsaWVmlkpNsngTQPDAg,Clubic,32000,10252685,1455
2026-03-04,UCJ4p_F-vCnEn5V5OtFN8Q3w,FrenchMakito,32700,3621313,102
2026-03-04,UCDfGCQqgOKPYeiaG3I4vl4w,Marty,110000,22729918,889
2026-03-04,UCHGvOgxAA_MFOH1yyhjcR-Q,ArtBen,327000,38314628,267
2026-03-04,UCIeYcIN0ii8_golPaIfNUiA,HardReset_info French,20900,9523904,28239
2026-03-04,UCJy0lX8ThZ7lCtst7JnegWQ,Jojol,2700000,614041351,2131
2026-03-04,UCHgZ3SrY7FhB0KjFki50fEQ,Gabinks,1170,333142,158
2026-03-04,UCOCoKBUmALR6d7UW_s5zgrA,Arnaud C.,107000,7020577,324
2026-03-04,UCKkFotHwcyYF1cn8sFcKvqw,MacGeneration,4970,4718861,593
2026-03-04,UCKsQUxeg-HulymY9wrki90A,Tout Pour Chez Vous,1560,983504,763
2026-03-04,UCNOUTy_TWRJzAaSfIGserkg,Nowtech Replay (Le Mug Nowtech),5410,821743,518
2026-03-04,UCDvCJx3pU8N-23ilB6tNMlg,mister gadget,4360,1636243,734
2026-03-04,UCEPqgSzHj7vlJj5pGX9dDdA,Gilo & Alex,2340,133291,40
2026-03-04,UCEcHp8t8tuw8Myeu544tsPQ,Pile et Face,197000,13074744,282
2026-03-04,UCL3y_psKbrdZ5FZo3dvVeEQ,Pafito,15600,8518069,96
2026-03-04,UCH6ppHEvV3_WIXEwmhv9HEg,Deus Ex Silicium,409000,28094834,140
2026-03-04,UCNSSQc3Omi1tlJrOlQi4hPQ,Ogu,13400,3629559,269
2026-03-04,UCOtM8pxxBIfwqu6e8mHgUEQ,TheiMika,12800,3594618,121
2026-03-04,UCTG26Ngiphy9TCOejxGfShQ,R-Tech,144,106211,61
2026-03-04,UCYnvxJ-PKiGXo_tYXpWAC-w,Micode,1850000,123267547,85
2026-03-04,UCZ5qxuvquQABNtjcawNMowA,DaddyFamtech,130000,13851092,1441
2026-03-04,UCQvNFAufGf8mtN2_L8thysg,Journal du Geek,67600,32058181,2535
2026-03-04,UCUT9pQQGw4ZEpv5hqrv-bZw,TonyTech,96100,11927654,783
2026-03-04,UCU_a5aoj_HzTMohx0JG_Z4A,GUILLAUME++,101000,9827045,305
2026-03-04,UCQSA6pCffm7epqxFqouL0Xg,Mathis et Gauthier,194000,33748713,443
2026-03-04,UCR-4Ge4NbqILG5HTTvs_nFQ,Lysandre_lbd,12300,5512264,328
2026-03-04,UCSYFVeBI66YqDhGrYKxiCUQ,Georges,2610,193988,47
2026-03-04,UCTmHRe6W96WgYlUNxcokpVQ,Fitfitzone,1290,191437,18
2026-03-04,UCTKa4DGeCFeThot6rcRqNow,TechnoïdFR,21900,5489112,1729
2026-03-04,UCPLnJmNrlcQzyi8QAP_dhJA,Dariusz Tech,128000,123171385,847
2026-03-04,UCX4A8obrGg1iX37R-fyBJ6w,Monde Tech,745,155315,153
2026-03-04,UCSGjkErS7A6LPBjESg56p7g,Tech Shorts,32000,11909142,201
2026-03-04,UCP5-zNhWXk_LUPIJpxtrTnQ,Cowcotland,52600,23576320,4271
2026-03-04,UCPQsSFJurluaMOG1qL0Y7sA,PP World,449000,78334367,1045
2026-03-04,UCUe6P-HODI-F06tGQke8nzA,Planet des Deals,50,16170,149
2026-03-04,UCRI5foOTNz6DuVz3SVQ1cMA,Tao Gassin,15800,1192350,54
2026-03-04,UCUD3E77YRTGK3yPSDB6Kq5Q,Monsport06,193000,13247046,511
2026-03-04,UCQsb5TqYUeGWGpJFr8DMWsQ,ANONIMAL,613000,71365189,298
2026-03-04,UCYU8ljh_pDcwqDMWZoJWqwA,RABBIN DES BOIS,360000,20237528,149
2026-03-04,UCTER7XOnDvSRbI2YxikLaVw,RTBF iXPé,264000,93801994,2508
2026-03-04,UCT9QoBXRO1_z1f-Ud97RxPg,Norizon,336,27791,21
2026-03-04,UCSzGYcW97w-gPWrL1KvScsA,Chris Tec,1390,372726,119
2026-03-04,UCTE6xlfjGhlJ3pLVsg85-AQ,Amazon Promo Tech,1340,79601,517
2026-03-04,UCQZa27_VXLUowoMsYo6Y0Dw,bazze tv,23600,3344414,276
2026-03-04,UCR3uoYsbRO_S0wg2DaSlb8g,Wondershare Français,100000,16187679,1296
2026-03-04,UCYWJ5aXwE7vyN-qtDT3uR4w,Top For Phone,148000,47137009,1643
2026-03-04,UCXJ_vW2t0W5hY9hS8ePnpzw,Back Market France,22000,161563636,207
2026-03-04,UCUanZckNyJODHBdqtMzYMpA,ORLM.tv / On refait le Mac,54900,13551784,1499
2026-03-04,UCUaHJ0fTA-1theR8A8Polmw,BFM Tech,574000,232746947,8385
2026-03-04,UCYmw-Y8TnRzO4COTBKEgUGg,Les Dénicheurs,20900,6036031,3024
2026-03-04,UCWZwYtcRjO4cO-RiZqM-W0w,Blog Montre cardio GPS,59700,16757115,568
2026-03-04,UCPP-NkzSqMJ9ywhJkcgrpAw,Tech_Sama,214000,29501361,760
2026-03-04,UCUbwQOAmLdZ9zPOOPFt25zQ,YanNick TECH,68600,17867262,1351
2026-03-04,UCVwG9JHqGLfEO-4TkF-lf2g,Nowtech,442000,73984992,912
2026-03-04,UCQigF3tZJJlt6o1_tkYKkNQ,KAPPA Studio,234000,59622267,128
2026-03-04,UCWzO_6sTx_tzEi0pU_3L5dA,Kizuna Horizon,187,68555,11
2026-03-04,UCUltPy138RvnbWX_FuUHtDA,MT High-Tech,22200,2943046,320
2026-03-04,UCWedHS9qKebauVIK2J7383g,Underscore_,922000,115644351,201
2026-03-04,UCRhyS_ylPQ5GWBl1lK92ftA,Léo - TechMaker,2240000,390571062,1549
2026-03-04,UCQwe6dSfilWUgNbgQ3NCQNg,C mon point de vue,3590,913261,62
2026-03-04,UCSPoCan8_9ELmqEVS2hUHPA,iVax,120000,21090101,491
2026-03-04,UCTOAKgwfqqCbOytF3RNGGVw,Monsieur GRrr,726000,148438380,1998
2026-03-04,UCUclUivgBePqnqDGQ3Jzu2Q,TOUKIWANTI,136000,23166220,859
2026-03-04,UCSGT2_DuhiJ1uV9dpRbXxug,Kulture ChroniK,168000,26571840,866
2026-03-04,UCU6x15riA02fMewmDnUEgDg,Tonton ZicC,952,103324,75
2026-03-04,UCU8_onYYhNxwGUB3hA34C4Q,FrenchHardware,846000,171249602,945
2026-03-04,UCURjynFkZicGPbIIaWO9vmQ,Benji TV,61000,14601659,251
2026-03-04,UCVrceZhsV6TRyVh3VhBFaKA,MOBICLICK,2440,1454866,217
2026-03-04,UChSBt06I1fa5FlDjbB0fChg,BenBraTeK,9640,1580535,61
2026-03-04,UCeUxAQ2j3OETAApTvBj5Scw,MoMo App,739000,46309914,916
2026-03-04,UCgjhIdz3Uw9r-eMyML9M8FA,PIKATE,13100,1306527,125
2026-03-04,UCfQxUIhFxt59kj0hK53rZGg,"nakan.ch, sport et technologies",29600,5828823,418
2026-03-04,UCaHolOYkfcTdC0vTFAywzXw,LoKan Sardari,88700,18686748,993
2026-03-04,UCfc0cRoo8yYOzeuS89zpN-Q,Québec Test,303000,35157948,512
2026-03-04,UCiR9chjo9kIFMsCXgspFxqg,Braindegeek,75200,48355562,810
2026-03-04,UCkQI4PEJfOY37DU_WLLzc5w,Dell Technologies France,2470,50755668,324
2026-03-04,UCaysddji-z_Za5b6EMmcc3g,Bien Chez Soi,52800,2019507,829
2026-03-04,UCfLyhjpn3hzleNtgTGOQimA,Romain PIAUD,32400,7897461,599
2026-03-04,UCfkiE_eKqeVWE0XhMNBMFdA,InfiniT,193,53478,163
2026-03-04,UCjvFbW7sywyw7ylZ4PHXdAQ,Selectos Tests,6940,3564649,1002
2026-03-04,UCc7giV0qHsCNbhjV3_ZJ22w,Paul - Nakryum,107000,16897175,591
2026-03-04,UCfbwndxvM8tOtxN_GqU1R3Q,Lorenzo-high-tech,29600,4585893,977
2026-03-04,UCeFfhz1vsSxxJY26VZHw19w,Selectos Tech,117000,31820125,597
2026-03-04,UCaybrunQi8xWgPMgv1AYBHw,TheiCollection,1000000,220094418,1291
2026-03-04,UCkS6jlQ4RJTCdkzVCU2-FSQ,GeekEtc,22000,6452171,645
2026-03-04,UCgoxc-VKU0cw9BcM9z_qokg,Frandroid,597000,203200948,2827
2026-03-04,UClQPWod8Gjgw7i51t7PYibQ,Sélection Futée,2310,242867,384
2026-03-04,UCf2ZTuey5uT8hN3ESe-ZCPQ,Eric V,4480,1486490,988
2026-03-04,UCa8Leo9o5Nnb-Cc1sWfT2HQ,MobileAddict,300000,44216640,421
2026-03-04,UCZsEJw8rwd0RWAga5dulOpg,Bon Plan High Tech,13700,4602799,345
2026-03-04,UCid32aFGCWd9zITfN44ycWA,Son-Vidéo.com,70000,16541000,1052
2026-03-04,UCe7R7Pt-bxNT7EE83NLsmFQ,Avis Express - Testeur High-Tech,273000,58221290,1710
2026-03-04,UChFaUrD7t1JQ0w7rObWhIRA,Millomaker,442000,55263650,86
2026-03-04,UCb6bgt9GlMWk-gKrLLfXFLw,Julien Hick,11100,3319275,364
2026-03-04,UCagQpz-WZtgbSp8Ry0XQ4Yw,Victor,3310,235769,59
2026-03-04,UCdqC1GnhKs3aQw6j62uOvUw,Mister Perrier,57100,5083097,364
2026-03-04,UCb0sWM7tMRaEgn_hpptqnxA,Mon iPad & Moi,798,43624,29
2026-03-04,UClnRNkdVq24iwIbc1O-hjlw,Yensing,21200,1317992,21
2026-03-04,UCdSAhfiaPLfsE8iu964Kd4w,Tech'Antik par Mickael Minarie,10800,1398581,515
2026-03-04,UCdSUuErbgIIfHCezyiXDCtQ,Guid0matic,14700,7193249,2912
2026-03-04,UC_FckuJiPXwA_nOEIoTsRZg,Fabien captain virtuality,12900,1813521,183
2026-03-04,UCchpwieM3DswmDEnJ0MRq1A,Romain Lanéry,1050000,206533590,1709
2026-03-04,UCf-DN6QjyyEbhuMWCoXdXQQ,Phonandroid,144000,26563821,853
2026-03-04,UCflWJq4cTuofmM-0G-GMUNQ,conseilguide,19300,6765332,1288
2026-03-04,UCeXhsPdO6bRK7ZycOeFdD8A,iTechNews,289000,2388153,80
2026-03-04,UCe7aMEBJH_sGJMCXWLCzeSA,TheFunTouch,1690,932638,170
2026-03-04,UC_dzE9mydhQuQ0NwmXByDtA,André Martin,392000,56926324,1014
2026-03-04,UCfwLCsZhix155PAoFTBb-oQ,Mac4Ever,161000,53978196,1999
2026-03-04,UCbqjtNeW9vbz6_gwOW5PybQ,KYIO,11700,5433540,412
2026-03-04,UCd1GYZ5K_Inb48Qa8n_xqNg,Alex Lecool Tech,21400,5854165,382
2026-03-04,UCcH06PR-5iRIMWZGo8z6gnA,Francois Mocq,5770,1182799,299
2026-03-04,UCdTrm2PZ7Wwa7xF-LbGP0dQ,Le Showroom de l'Image et du Son,15400,14863396,2819
2026-03-04,UCZO7iTy_uLmPbZiofPJpeXA,Pannacotech,160000,20469064,689
2026-03-04,UClXUBKUsEdXpSl4mOr3Q3jw,Binbin Tech,14200,1644139,60
2026-03-04,UCbwE_k9zALnzZRvkoyDhuzw,Jojo Le Geek,166000,25463153,594
2026-03-04,UCgWvhceGENT-dKBlgodnomQ,Les perdus Du numérique,12500,4167579,2010
2026-03-04,UCjwFGttUyDetFa7pCD1M8kg,NETWORKS TV,34200,3558217,297
2026-03-04,UCZEdNvDcHUPEE7CDRpXnO6w,Cyril | Ctrl Bu,6110,895608,167
2026-03-04,UCqRSWOqkW_oelrdUN7KQ-aQ,Les Numériques,155000,64943184,3049
2026-03-04,UCtmEbUFh18ZmtObT78ix9Yw,Tech and Shoot,30700,6734211,1329
2026-03-04,UCyeoo6CDdAyYGyUvHWF0gSA,Garmin France,15300,58887397,1284
2026-03-04,UCwZsbPUXohCN867pQzioGLw,Nicolas Barbet,15600,5801007,357
2026-03-04,UCmUm6tw3Gz8dftSDy7Eep3A,Stéphane (Biggy Tech),34900,2976410,799
2026-03-04,UCriIQI8uaoEro5FEnOpeidQ,Dr. Firas,32900,1331499,343
2026-03-04,UCpt_q94CBCYar_Gmkb9G_aA,Tenorshare 4DDiG Français,24500,7736660,266
2026-03-04,UCxnikUCVJLsD4GTbujlnmlQ,Comparatif Mobile,203,31531,252
2026-03-04,UCxej0ZiLbbeVrz3XQZjj-MA,Huawei Mobile France,27700,43716677,120
2026-03-04,UCs7Jg5KBsgiova4CrseuwIw,TheGrandTest,325000,46350965,1890
2026-03-04,UCxpT79bmhxk50l8P50WG86w,Discoverdex,79200,24373273,480
2026-03-04,UCuJtgmGNF_PvicQkf88t-5g,ChristoTech,323000,33576594,1402
2026-03-04,UCz-hlzLKQ__1nKXarSedtQA,HardwareFRA,34000,7185233,764
2026-03-04,UCqC_p9Kw9pnvLvzr701beSg,Olivier Schmitt,178000,15417654,285
2026-03-04,UCqHcg3sjPv2mcGqL1B60bew,"Dbc iPhone, iPad, MacBook",33700,24912321,479
2026-03-04,UCtPzJInyqqt__Tn0EaUlaAw,Science Gaming,423000,403878774,1332
2026-03-04,UCrSCIeCW1YuEviVZPVhEfGQ,Dorian GM,30600,6234696,273
2026-03-04,UCrsiHZzr4IjuSjnvPy5rVUQ,Daddy Dtech,114000,12460643,406
2026-03-04,UCv8L8SztjsNYT4FpX8g5ATw,INFOMAX Paris,10400,8010304,352
2026-03-04,UCm3QK_QNta9Mue2Q70gtzVw,Android plus,2670,464480,446
2026-03-04,UCrs2S-Ilj6R6qhhXCiV5hsQ,Tech Live,18400,3190075,257
2026-03-04,UCrwtkeoBxPfhyde5eesmvyA,CieloTech,13200,15715530,223
2026-03-04,UCuE3ei3NOnVjQUefjHUCF5Q,DiscoverID,378000,52125504,533
2026-03-04,UCvTqrD4wJGkFBwr8v6dO-Wg,Miennu Core,406,193031,38
2026-03-04,UCoJ4gzwVvGNH5GNqiJoQAAA,Alex Reframe,131000,25069921,645
2026-03-04,UCySZIa8Y4e6aSVg4CISXAOA,Mathieu Dos Santos,25200,4233426,1145
2026-03-04,UCtKz6bilv9wtzQpwIaI-soA,Ypsol,24300,992377,27
2026-03-04,UCr7ZVUNJ9KyYD92xqfinGsQ,Jimtek,16800,1592062,142
2026-03-04,UCu6HC8ahaPWqqfSvic7nWyQ,Nightech,142000,35859818,520
2026-03-04,UCrAiXFptzDmgQA6gUCOz9RQ,Meta Perso,14700,1103752,51
2026-03-04,UCpFq62uOig4n9jT3luIYUDQ,VZX,23000,9497841,149
2026-03-04,UCwsQtHFlS-LKVn8xJ3TaupQ,Monsieur Pixel,10500,1292267,227
2026-03-04,UCssuk5-zaZn9vt0_HNj-Hug,VERBOZZ,474000,61112390,284
2026-03-04,UCpaI1FRY8EGK6mEAL7Wfr9w,Yosheez,131000,59384453,871
2026-03-04,UCwIM26MmgFO-iujNojxZ2dQ,Maxence,4190,1798671,190
2026-03-04,UCzICpbabqKwBTpb9XlWerjA,PassTech TV,681,127483,14
2026-03-04,UCwWgvJHw1mNRq_ry6VoPKEg,Yada,384000,43255211,538
2026-03-04,UCnJAGhDDEPdvY2g4ipf9PMQ,Elliott Pierret,90900,5789260,171
2026-03-04,UCrGUPAX1w87ckAxUwu8JtOA,Team VRY,11500,6105082,421
2026-03-04,UCuDNiVxL-Zfw0CBVQ4oOr8w,DealSmart FR,227,35876,27
2026-03-04,UCt3bV9VvoCrXILlR1Z6kGmQ,Rémi Lou,137000,83188837,1204
2026-03-04,UCptwuAv0XQHo1OQUSaO6NHw,Max Tech,1260000,450069249,2083
2026-03-04,UCsyWQ6m4lbfir1Z3deNAIcw,Salut Les Noobs,83900,7699796,535
2026-03-04,UCo2fYdtvhyXW38WiLW_yg0Q,Charles Bolduc,1930,342666,172
2026-03-04,UCqiGrF_OdWHHOs-eFe8O-ZA,Goli Tech,21,13048,493
2026-03-04,UCz6PEeVLG1TL6jMRTvSLm4g,Matt Talks Tech,789000,111384165,1541
2026-03-04,UCnnYqSNKKygemgmxC9PyLTw,Ludo Salenne,258000,16927596,426
2026-03-04,UCpSRz-eAoiSW5kaHpI_3LjA,JOLI TECH,22,20463,504
2026-03-04,UCrHCRJPuJJcINMMEETEYt4g,Le Petit Comparateur,16200,5795180,743
2026-03-04,UCsKrhME6clyYbibb4nzvgMA,Leasi,6,3818,42
2026-03-04,UCzxT0liRKM_xXnFYRZGiFHA,Acta - Swipe!,1160,270010,143
2026-03-05,UCCUlTcDhcn72O8TiNfFJWWA,GLG video (JT Geek),70700,20301066,3361
2026-03-05,UC5HF1ej87ZcaMNP4imSyy5w,neo77testeur,2670,889180,875
2026-03-05,UC9faHFOrNIFxMXrpykPHOnA,FRED,121000,28816261,1359
2026-03-05,UC0xLruy2ZFFpxR6ODgnhJXA,GadgetRevNow,161000,88105062,1222
2026-03-05,UCAz-755tH3m8_BwaluzdJwQ,Numerama,222000,107809079,2176
2026-03-05,UC7rdUip5Q8R7Ki1haNbdwwg,SoloTech,254000,35315469,636
2026-03-05,UC65OszX3C9oYfNLU5AWjwYg,Aaron,3000,306275,32
2026-03-05,UCB0ffaItcXwkgbVu8Hvq3Tw,QUENTIN,224000,43472231,1307
2026-03-05,UC69qClfvKeB9WeyySg5iQrQ,Yohann Studio,4340,2313883,323
2026-03-05,UC0V8fUv0DB5Tq7uHdG7ixyw,W38,140000,61588868,1920
2026-03-05,UC6joDErOGcFJC1vHNSfsYQg,01net,137000,48869601,1856
2026-03-05,UC4vD_Spv_zjcmyfHpnAwBNA,Ixar.,15800,2518739,189
2026-03-05,UC2HXhqg87yIWz152Ig9vkaQ,Tout Techno,32600,7251171,253
2026-03-05,UC6jfhJWEAfako0XlKnA2UGQ,Timena TechGeek,64300,11510705,1014
2026-03-05,UC3aPRnneybmQcbEK-X-Qptg,GLG reviews,404000,33118283,1688
2026-03-05,UC1wV5Kf18gVbL3bWH-tWKDw,Cmonavis 🇫🇷,62700,12635352,661
2026-03-05,UCBqYyDusSFntU7k2UnFGsBA,Giga Content,25000,5293131,836
2026-03-05,UC6-5YoHiovbcJyXhGtVpw3Q,La Revue GEEK,31100,3008995,399
2026-03-05,UCCM6zpvTcgXeNqLmQ9swugQ,Selectos Lifestyle,13000,4546925,196
2026-03-05,UCDY3WI0HqdzNADtE6B-BmUw,MrG Tech,185000,28819377,585
2026-03-05,UC66ysWRFWfg-V5RhnQN4wFg,Gadget Evolution,73400,8976833,84
2026-03-05,UCB32y6dm508Hap4_Mn-ZnHQ,Presse-citron,91900,26122484,1470
2026-03-05,UC-yxsBT9aRPie3eJ0qh162g,Le Meilleur Choix,1820,945286,649
2026-03-05,UC8oF5yOQVkc0CmTNcI_E-XQ,JEUX MOBILE,42200,10054614,14807
2026-03-05,UC2lMzO7HzJ_jamFT762vfwA,Jon Rettinger en Français,356,67641,40
2026-03-05,UCAOjk3Po21_t7L1MDHQ4-Og,FNK Hardware,249000,43375375,1243
2026-03-05,UC0Cgi1uK0MWB5V_VtKkvi8g,La Geek News,3840,769027,165
2026-03-05,UC69gruQfEHEQ4Qme0liJOdw,Ludo Tech,1820,821584,209
2026-03-05,UC44qdJgVvPEaEaojOUZpp9A,Benjamin Code Plus,19600,686902,33
2026-03-05,UC-2f97m_1UGWDogGudJcVJg,OtaXou,29500,3528325,373
2026-03-05,UC2XmvTlziz2LSXd_QKBwf8Q,Espritnewgen,72000,21868751,2960
2026-03-05,UC7sFrgyGelEr6eny6_PsGXQ,Tom's Guide France,40100,45885998,488
2026-03-05,UC-pdFydi9ooxEfATh3KoiIw,STEVEN,1100000,197199384,1509
2026-03-05,UCBOGe_x7aqQV4Ly5Rfa4iow,Les Tests de Cyril,31900,2675880,461
2026-03-05,UC-g0NspJGvPdg_x7XIBNkNg,The Viewing Angle en Français,346,74950,23
2026-03-05,UC1N4EIilrmXhTEdu3h7tpPg,iPhone page,1050,190800,279
2026-03-05,UC70eSjnRIGvRLCzT6K0SQSg,Device FR,2060,751836,948
2026-03-05,UC1ndVn8sa4oTbW09P5ICOog,amazing mac TV,66100,18593312,1434
2026-03-05,UC4q3HKdMqzll3SvA2Lf7oAg,Thomas in Tech,73700,21593994,967
2026-03-05,UC7XxmEXw7wXgh259vYCSjkQ,Cmonavis 2 🇫🇷,10300,1301685,211
2026-03-05,UCC5xS4j2xUyGO2UfjFh5LsQ,Nooz,15500,2804031,626
2026-03-05,UCDBYphtxNDXGQe5eyHYZ6Fw,GUILLAUME,498000,66271267,888
2026-03-05,UC3-dl8nKItitMxM9DNTDAfQ,Kang et ses PC,109000,29491175,147
2026-03-05,UCA25ZdZZF5XE6ihPE5pwfnw,Materiel.net,31900,12960605,577
2026-03-05,UC0AFqXyYs1z2Dxx5jtQBicQ,SkinnZer,44700,3632053,289
2026-03-05,UC5HtcZa4-moyfy6NTY7GHwA,TECHNO 24,533,228932,570
2026-03-05,UCA_DfRJwb5U0S4UiiH3BtUg,Jérémy Dufour,78200,15052679,1018
2026-03-05,UCAicNsMAZgbqPr_0QsnI1PA,Cobra.fr,6430,6966888,2157
2026-03-05,UC1WIj7YGywcVoRLS0zZu2RQ,TechDams,5420,1815698,22
2026-03-05,UC1F5QJFXcu1evMkYyXRGoaw,LoKan Sardari - Studio,12300,1510161,676
2026-03-05,UCLOAPb7ATQUs_nDs9ViLcMw,Benjamin Code,156000,13977451,384
2026-03-05,UCKkFotHwcyYF1cn8sFcKvqw,MacGeneration,4970,4720164,595
2026-03-05,UCKAzZCVzqkdvxX6VLTwyVMQ,BoilingBrains,40200,3034087,142
2026-03-05,UCM6kUx3GI7lTQlqMBiumaEg,technofou,43300,1928713,91
2026-03-05,UCHGvOgxAA_MFOH1yyhjcR-Q,ArtBen,327000,38316699,267
2026-03-05,UCJ3MlRSjtv2sT-rIDsFg0fw,Sam_VNR,5670,472527,72
2026-03-05,UCE4qu22kCO225a91eERbxvA,Vivo Tech,16,9840,469
2026-03-05,UCOCoKBUmALR6d7UW_s5zgrA,Arnaud C.,107000,7025940,325
2026-03-05,UCDfGCQqgOKPYeiaG3I4vl4w,Marty,110000,22742748,891
2026-03-05,UCIxLxlan8q9WA7sjuq6LdTQ,Hayls World,2610000,343475659,506
2026-03-05,UCNSSQc3Omi1tlJrOlQi4hPQ,Ogu,13400,3630537,269
2026-03-05,UCFrfK9IFqO15S7C52DdnSog,GIGATOP,44900,15691410,1110
2026-03-05,UCJy0lX8ThZ7lCtst7JnegWQ,Jojol,2700000,614122655,2133
2026-03-05,UCMwkAK-lhEeLld9xLiyKLMg,Captain Grochat,24800,2549798,108
2026-03-05,UCNzUonmxxvG-HIqOC3S7Thw,VAC - Vulgarisateur Apple et compagnie,81000,1581004,236
2026-03-05,UCJ4p_F-vCnEn5V5OtFN8Q3w,FrenchMakito,32700,3629163,102
2026-03-05,UCEPqgSzHj7vlJj5pGX9dDdA,Gilo & Alex,2330,133372,40
2026-03-05,UCNiauGTV7XhkOpUAIXod4xA,Léo Duff,813000,64552854,320
2026-03-05,UCNOUTy_TWRJzAaSfIGserkg,Nowtech Replay (Le Mug Nowtech),5420,822138,518
2026-03-05,UCKsQUxeg-HulymY9wrki90A,Tout Pour Chez Vous,1560,984977,763
2026-03-05,UCL3y_psKbrdZ5FZo3dvVeEQ,Pafito,15600,8520514,96
2026-03-05,UCEcHp8t8tuw8Myeu544tsPQ,Pile et Face,197000,13081152,282
2026-03-05,UCHJb6-VCrzQqVQASN23OskQ,Jigfio Ti Super,19300,984085,71
2026-03-05,UCJPa4sr9B_mLjShfHhWi8yg,TECnaiche,13600,4733416,403
2026-03-05,UCFWds3GTyhvWpSF308RC1Eg,PcComponentesFR,663,260770,130
2026-03-05,UCM1KoDGFjzp5GrmR5jflyvA,Sanakh version Tech,10700,4104413,630
2026-03-05,UCMWAxO0xGJxELkiX5_pEJNA,Pannacophone - Smartphone & Tech,91400,11655217,137
2026-03-05,UCHgZ3SrY7FhB0KjFki50fEQ,Gabinks,1170,333832,159
2026-03-05,UCIaNSaws_Wv_eoUAmDbUK-Q,MT High Tech Deal's,2830,246753,71
2026-03-05,UCGMxP4yf3ixAAEKQc3d76gw,Arnaud,6630,1900825,160
2026-03-05,UCHRVeW3Z0ttSFk6xIfGW4lA,Nicorama,159000,14090226,288
2026-03-05,UCGkFwY0mGku1M9_6M_NQ7Ig,Kylian Le Bris,5480,2503576,85
2026-03-05,UCOgE2LMuSZ_DYNhZZnuW6MQ,UX Tech,7030,3187698,518
2026-03-05,UCIu36vEY96BCwfYvz5ccucg,LDLC.com,27900,7213388,365
2026-03-05,UCIeYcIN0ii8_golPaIfNUiA,HardReset_info French,20900,9562066,28308
2026-03-05,UCO14QTmfRbe9j9PTJsAhtLQ,PΔX,89400,13002652,505
2026-03-05,UCMc7IaTDRDtxftK9v0aXVqA,Yada 2.0,112000,16839744,207
2026-03-05,UCIorGsaWVmlkpNsngTQPDAg,Clubic,32000,10260182,1458
2026-03-05,UCNWE4ouC-BxzJ-Lomuuqb1Q,Isma(ël),4520,315366,45
2026-03-05,UCH6ppHEvV3_WIXEwmhv9HEg,Deus Ex Silicium,409000,28097423,140
2026-03-05,UCOyUCj6Wx9skJggzZFUDZyA,Unlock Talk,20800,2522378,384
2026-03-05,UCFdQm01R6HPdMw4oa6a0Ihw,Qasim,38800,17366971,206
2026-03-05,UCMWWgqykXE5exHk60TCZ-bw,Yukio_Clyks,27500,7523627,436
2026-03-05,UCOtM8pxxBIfwqu6e8mHgUEQ,TheiMika,12800,3594924,121
2026-03-05,UCJLKCYMkCbOW9wzmeUj8dwQ,MEHDI’N TECH,59700,3267355,136
2026-03-05,UCGjKSSIpN7aYQluu04kPrsA,Brandon Le Proktor,308000,45288688,409
2026-03-05,UCDvCJx3pU8N-23ilB6tNMlg,mister gadget,4360,1638045,734
2026-03-05,UCOaX4zvPzmv0eBbUWOOOB_A,TopAchat,102000,19530461,709
2026-03-05,UCOm_kuKVb4ImX_DHpIgX_zg,Skinn's Tech Deals,1990,79854,20
2026-03-05,UCN6zUULSoitsLJB03jh_I0A,Le Futurologue,31400,3095351,319
2026-03-05,UCSGjkErS7A6LPBjESg56p7g,Tech Shorts,32000,11916848,201
2026-03-05,UCR-4Ge4NbqILG5HTTvs_nFQ,Lysandre_lbd,12400,5517338,329
2026-03-05,UCTmHRe6W96WgYlUNxcokpVQ,Fitfitzone,1290,192178,18
2026-03-05,UCQigF3tZJJlt6o1_tkYKkNQ,KAPPA Studio,234000,59665767,128
2026-03-05,UCVwG9JHqGLfEO-4TkF-lf2g,Nowtech,442000,74091050,913
2026-03-05,UCTG26Ngiphy9TCOejxGfShQ,R-Tech,143,106652,61
2026-03-05,UCU8_onYYhNxwGUB3hA34C4Q,FrenchHardware,846000,171324234,945
2026-03-05,UCTER7XOnDvSRbI2YxikLaVw,RTBF iXPé,264000,93896238,2510
2026-03-05,UCUltPy138RvnbWX_FuUHtDA,MT High-Tech,22200,2943904,320
2026-03-05,UCTOAKgwfqqCbOytF3RNGGVw,Monsieur GRrr,726000,148598978,2000
2026-03-05,UCR3uoYsbRO_S0wg2DaSlb8g,Wondershare Français,100000,16201718,1296
2026-03-05,UCP5-zNhWXk_LUPIJpxtrTnQ,Cowcotland,52600,23577971,4271
2026-03-05,UCQSA6pCffm7epqxFqouL0Xg,Mathis et Gauthier,194000,33761152,443
2026-03-05,UCYWJ5aXwE7vyN-qtDT3uR4w,Top For Phone,148000,47137483,1643
2026-03-05,UCYmw-Y8TnRzO4COTBKEgUGg,Les Dénicheurs,20900,6042985,3026
2026-03-05,UCSzGYcW97w-gPWrL1KvScsA,Chris Tec,1390,373047,119
2026-03-05,UCWzO_6sTx_tzEi0pU_3L5dA,Kizuna Horizon,187,68561,11
2026-03-05,UCPP-NkzSqMJ9ywhJkcgrpAw,Tech_Sama,214000,29504549,761
2026-03-05,UCPQsSFJurluaMOG1qL0Y7sA,PP World,449000,78363309,1045
2026-03-05,UCPLnJmNrlcQzyi8QAP_dhJA,Dariusz Tech,128000,123627705,850
2026-03-05,UCYU8ljh_pDcwqDMWZoJWqwA,RABBIN DES BOIS,360000,20238165,149
2026-03-05,UCUD3E77YRTGK3yPSDB6Kq5Q,Monsport06,193000,13249458,511
2026-03-05,UCZ5qxuvquQABNtjcawNMowA,DaddyFamtech,130000,13865903,1443
2026-03-05,UCXJ_vW2t0W5hY9hS8ePnpzw,Back Market France,22100,161573002,208
2026-03-05,UCYnvxJ-PKiGXo_tYXpWAC-w,Micode,1850000,123302325,85
2026-03-05,UCUaHJ0fTA-1theR8A8Polmw,BFM Tech,574000,232760047,8389
2026-03-05,UCUe6P-HODI-F06tGQke8nzA,Planet des Deals,51,16849,151
2026-03-05,UCQwe6dSfilWUgNbgQ3NCQNg,C mon point de vue,3590,913979,62
2026-03-05,UCTE6xlfjGhlJ3pLVsg85-AQ,Amazon Promo Tech,1340,79821,517
2026-03-05,UCQZa27_VXLUowoMsYo6Y0Dw,bazze tv,23700,3371091,277
2026-03-05,UCUanZckNyJODHBdqtMzYMpA,ORLM.tv / On refait le Mac,54900,13562032,1501
2026-03-05,UCUclUivgBePqnqDGQ3Jzu2Q,TOUKIWANTI,137000,23196995,859
2026-03-05,UCU6x15riA02fMewmDnUEgDg,Tonton ZicC,952,103552,75
2026-03-05,UCT9QoBXRO1_z1f-Ud97RxPg,Norizon,336,27847,21
2026-03-05,UCSGT2_DuhiJ1uV9dpRbXxug,Kulture ChroniK,168000,26593284,867
2026-03-05,UCQsb5TqYUeGWGpJFr8DMWsQ,ANONIMAL,613000,71366092,298
2026-03-05,UCWedHS9qKebauVIK2J7383g,Underscore_,922000,115667235,201
2026-03-05,UCRhyS_ylPQ5GWBl1lK92ftA,Léo - TechMaker,2250000,391375710,1550
2026-03-05,UCTKa4DGeCFeThot6rcRqNow,TechnoïdFR,21900,5489513,1730
2026-03-05,UCSYFVeBI66YqDhGrYKxiCUQ,Georges,2610,194244,47
2026-03-05,UCQvNFAufGf8mtN2_L8thysg,Journal du Geek,68000,32163423,2540
2026-03-05,UCWZwYtcRjO4cO-RiZqM-W0w,Blog Montre cardio GPS,59800,16761045,568
2026-03-05,UCVrceZhsV6TRyVh3VhBFaKA,MOBICLICK,2440,1456949,217
2026-03-05,UCURjynFkZicGPbIIaWO9vmQ,Benji TV,61000,14605672,251
2026-03-05,UCUbwQOAmLdZ9zPOOPFt25zQ,YanNick TECH,68700,17896372,1353
2026-03-05,UCU_a5aoj_HzTMohx0JG_Z4A,GUILLAUME++,101000,9832183,306
2026-03-05,UCX4A8obrGg1iX37R-fyBJ6w,Monde Tech,746,156620,153
2026-03-05,UCUT9pQQGw4ZEpv5hqrv-bZw,TonyTech,96300,11930136,783
2026-03-05,UCSPoCan8_9ELmqEVS2hUHPA,iVax,120000,21143083,492
2026-03-05,UCRI5foOTNz6DuVz3SVQ1cMA,Tao Gassin,15800,1194061,54
2026-03-05,UCgWvhceGENT-dKBlgodnomQ,Les perdus Du numérique,12600,4168713,2015
2026-03-05,UCf2ZTuey5uT8hN3ESe-ZCPQ,Eric V,4480,1486570,989
2026-03-05,UCdSUuErbgIIfHCezyiXDCtQ,Guid0matic,14700,7195057,2915
2026-03-05,UCe7aMEBJH_sGJMCXWLCzeSA,TheFunTouch,1690,932641,170
2026-03-05,UCa8Leo9o5Nnb-Cc1sWfT2HQ,MobileAddict,300000,44220346,421
2026-03-05,UCeUxAQ2j3OETAApTvBj5Scw,MoMo App,739000,46319404,917
2026-03-05,UCjwFGttUyDetFa7pCD1M8kg,NETWORKS TV,34200,3563991,297
2026-03-05,UCkQI4PEJfOY37DU_WLLzc5w,Dell Technologies France,2470,50755721,324
2026-03-05,UCc7giV0qHsCNbhjV3_ZJ22w,Paul - Nakryum,107000,16902825,593
2026-03-05,UCcH06PR-5iRIMWZGo8z6gnA,Francois Mocq,5770,1182899,299
2026-03-05,UCgoxc-VKU0cw9BcM9z_qokg,Frandroid,597000,203467149,2835
2026-03-05,UClQPWod8Gjgw7i51t7PYibQ,Sélection Futée,2320,244263,384
2026-03-05,UCflWJq4cTuofmM-0G-GMUNQ,conseilguide,19300,6769476,1289
2026-03-05,UCeXhsPdO6bRK7ZycOeFdD8A,iTechNews,290000,2411683,80
2026-03-05,UCb6bgt9GlMWk-gKrLLfXFLw,Julien Hick,11100,3320703,365
2026-03-05,UCb0sWM7tMRaEgn_hpptqnxA,Mon iPad & Moi,802,43814,29
2026-03-05,UCdTrm2PZ7Wwa7xF-LbGP0dQ,Le Showroom de l'Image et du Son,15400,14866765,2819
2026-03-05,UChSBt06I1fa5FlDjbB0fChg,BenBraTeK,9650,1580929,61
2026-03-05,UCfbwndxvM8tOtxN_GqU1R3Q,Lorenzo-high-tech,29600,4590850,978
2026-03-05,UCfLyhjpn3hzleNtgTGOQimA,Romain PIAUD,32500,7910912,600
2026-03-05,UCbqjtNeW9vbz6_gwOW5PybQ,KYIO,11700,5448304,413
2026-03-05,UCbwE_k9zALnzZRvkoyDhuzw,Jojo Le Geek,166000,25467491,594
2026-03-05,UC_dzE9mydhQuQ0NwmXByDtA,André Martin,392000,56958694,1016
2026-03-05,UCid32aFGCWd9zITfN44ycWA,Son-Vidéo.com,70000,16556113,1053
2026-03-05,UCfwLCsZhix155PAoFTBb-oQ,Mac4Ever,162000,54020518,2002
2026-03-05,UClXUBKUsEdXpSl4mOr3Q3jw,Binbin Tech,14200,1645579,61
2026-03-05,UCkS6jlQ4RJTCdkzVCU2-FSQ,GeekEtc,22000,6459326,646
2026-03-05,UCdqC1GnhKs3aQw6j62uOvUw,Mister Perrier,57100,5083452,364
2026-03-05,UCfQxUIhFxt59kj0hK53rZGg,"nakan.ch, sport et technologies",29600,5831793,418
2026-03-05,UClnRNkdVq24iwIbc1O-hjlw,Yensing,21200,1320164,21
2026-03-05,UCd1GYZ5K_Inb48Qa8n_xqNg,Alex Lecool Tech,21400,5855363,382
2026-03-05,UCgjhIdz3Uw9r-eMyML9M8FA,PIKATE,13200,1308969,125
2026-03-05,UCiR9chjo9kIFMsCXgspFxqg,Braindegeek,75200,48376430,811
2026-03-05,UCfc0cRoo8yYOzeuS89zpN-Q,Québec Test,303000,35173181,512
2026-03-05,UCaHolOYkfcTdC0vTFAywzXw,LoKan Sardari,88800,18716184,995
2026-03-05,UCZsEJw8rwd0RWAga5dulOpg,Bon Plan High Tech,13700,4604365,345
2026-03-05,UCZEdNvDcHUPEE7CDRpXnO6w,Cyril | Ctrl Bu,6110,897918,168
2026-03-05,UCeFfhz1vsSxxJY26VZHw19w,Selectos Tech,117000,31821896,597
2026-03-05,UCe7R7Pt-bxNT7EE83NLsmFQ,Avis Express - Testeur High-Tech,273000,58293348,1710
2026-03-05,UCchpwieM3DswmDEnJ0MRq1A,Romain Lanéry,1050000,206554885,1710
2026-03-05,UCdSAhfiaPLfsE8iu964Kd4w,Tech'Antik par Mickael Minarie,10800,1399719,515
2026-03-05,UC_FckuJiPXwA_nOEIoTsRZg,Fabien captain virtuality,12900,1814039,183
2026-03-05,UCaysddji-z_Za5b6EMmcc3g,Bien Chez Soi,52800,2027694,832
2026-03-05,UCaybrunQi8xWgPMgv1AYBHw,TheiCollection,1000000,220121580,1292
2026-03-05,UChFaUrD7t1JQ0w7rObWhIRA,Millomaker,442000,55300634,86
2026-03-05,UCfkiE_eKqeVWE0XhMNBMFdA,InfiniT,192,53665,164
2026-03-05,UCf-DN6QjyyEbhuMWCoXdXQQ,Phonandroid,144000,26571554,860
2026-03-05,UCjvFbW7sywyw7ylZ4PHXdAQ,Selectos Tests,6940,3568359,1002
2026-03-05,UCZO7iTy_uLmPbZiofPJpeXA,Pannacotech,160000,20479655,689
2026-03-05,UCagQpz-WZtgbSp8Ry0XQ4Yw,Victor,3320,238388,63
2026-03-05,UCyeoo6CDdAyYGyUvHWF0gSA,Garmin France,15300,59189861,1284
2026-03-05,UCqHcg3sjPv2mcGqL1B60bew,"Dbc iPhone, iPad, MacBook",33800,24938434,480
2026-03-05,UCqC_p9Kw9pnvLvzr701beSg,Olivier Schmitt,178000,15419047,285
2026-03-05,UCz6PEeVLG1TL6jMRTvSLm4g,Matt Talks Tech,789000,111575604,1544
2026-03-05,UCnnYqSNKKygemgmxC9PyLTw,Ludo Salenne,258000,16931189,426
2026-03-05,UCvTqrD4wJGkFBwr8v6dO-Wg,Miennu Core,407,193267,38
2026-03-05,UCxnikUCVJLsD4GTbujlnmlQ,Comparatif Mobile,203,31629,252
2026-03-05,UCv8L8SztjsNYT4FpX8g5ATw,INFOMAX Paris,10400,8021588,352
2026-03-05,UCuJtgmGNF_PvicQkf88t-5g,ChristoTech,324000,33599220,1403
2026-03-05,UCtmEbUFh18ZmtObT78ix9Yw,Tech and Shoot,30700,6738623,1331
2026-03-05,UCoJ4gzwVvGNH5GNqiJoQAAA,Alex Reframe,131000,25071394,646
2026-03-05,UCwIM26MmgFO-iujNojxZ2dQ,Maxence,4260,1815187,190
2026-03-05,UCriIQI8uaoEro5FEnOpeidQ,Dr. Firas,33000,1333795,343
2026-03-05,UCxej0ZiLbbeVrz3XQZjj-MA,Huawei Mobile France,27700,43716712,120
2026-03-05,UCtPzJInyqqt__Tn0EaUlaAw,Science Gaming,423000,404189969,1335
2026-03-05,UCwsQtHFlS-LKVn8xJ3TaupQ,Monsieur Pixel,10500,1294127,227
2026-03-05,UCuDNiVxL-Zfw0CBVQ4oOr8w,DealSmart FR,229,35985,28
2026-03-05,UCrAiXFptzDmgQA6gUCOz9RQ,Meta Perso,14700,1104077,51
2026-03-05,UCrGUPAX1w87ckAxUwu8JtOA,Team VRY,11500,6108583,421
2026-03-05,UCpt_q94CBCYar_Gmkb9G_aA,Tenorshare 4DDiG Français,24500,7739451,267
2026-03-05,UCrwtkeoBxPfhyde5eesmvyA,CieloTech,13200,15759887,223
2026-03-05,UCnJAGhDDEPdvY2g4ipf9PMQ,Elliott Pierret,91000,5801162,171
2026-03-05,UCuE3ei3NOnVjQUefjHUCF5Q,DiscoverID,378000,52129339,533
2026-03-05,UCrsiHZzr4IjuSjnvPy5rVUQ,Daddy Dtech,114000,12461856,406
2026-03-05,UCs7Jg5KBsgiova4CrseuwIw,TheGrandTest,325000,46634019,1891
2026-03-05,UCpSRz-eAoiSW5kaHpI_3LjA,JOLI TECH,22,20515,504
2026-03-05,UCm3QK_QNta9Mue2Q70gtzVw,Android plus,2670,465175,446
2026-03-05,UCrs2S-Ilj6R6qhhXCiV5hsQ,Tech Live,18400,3191038,257
2026-03-05,UCr7ZVUNJ9KyYD92xqfinGsQ,Jimtek,16800,1596127,142
2026-03-05,UCtKz6bilv9wtzQpwIaI-soA,Ypsol,24300,993302,27
2026-03-05,UCqRSWOqkW_oelrdUN7KQ-aQ,Les Numériques,155000,64965471,3050
2026-03-05,UCpFq62uOig4n9jT3luIYUDQ,VZX,23000,9498689,149
2026-03-05,UCrHCRJPuJJcINMMEETEYt4g,Le Petit Comparateur,16200,5798101,743
2026-03-05,UCwZsbPUXohCN867pQzioGLw,Nicolas Barbet,15600,5806007,358
2026-03-05,UCxpT79bmhxk50l8P50WG86w,Discoverdex,79200,24382050,480
2026-03-05,UCt3bV9VvoCrXILlR1Z6kGmQ,Rémi Lou,137000,83256569,1204
2026-03-05,UCsyWQ6m4lbfir1Z3deNAIcw,Salut Les Noobs,83900,7705394,535
2026-03-05,UCsKrhME6clyYbibb4nzvgMA,Leasi,6,3823,42
2026-03-05,UCpaI1FRY8EGK6mEAL7Wfr9w,Yosheez,131000,59405481,871
2026-03-05,UCySZIa8Y4e6aSVg4CISXAOA,Mathieu Dos Santos,25300,4241148,1146
2026-03-05,UCrSCIeCW1YuEviVZPVhEfGQ,Dorian GM,30600,6241462,273
2026-03-05,UCu6HC8ahaPWqqfSvic7nWyQ,Nightech,143000,35889904,520
2026-03-05,UCssuk5-zaZn9vt0_HNj-Hug,VERBOZZ,474000,61132736,284
2026-03-05,UCz-hlzLKQ__1nKXarSedtQA,HardwareFRA,34000,7188626,764
2026-03-05,UCmUm6tw3Gz8dftSDy7Eep3A,Stéphane (Biggy Tech),34900,2977505,800
2026-03-05,UCzICpbabqKwBTpb9XlWerjA,PassTech TV,682,127496,14
2026-03-05,UCptwuAv0XQHo1OQUSaO6NHw,Max Tech,1260000,450259580,2084
2026-03-05,UCo2fYdtvhyXW38WiLW_yg0Q,Charles Bolduc,1930,342915,172
2026-03-05,UCqiGrF_OdWHHOs-eFe8O-ZA,Goli Tech,21,13153,493
2026-03-05,UCwWgvJHw1mNRq_ry6VoPKEg,Yada,385000,43265426,538
2026-03-05,UCzxT0liRKM_xXnFYRZGiFHA,Acta - Swipe!,1160,271303,143
